https://www.bobvila.com/articles/gaming-chair-vs-office-chair/,https://www.bobvila.com/articles/home-office-gifts/
https://www.bobvila.com/articles/serta-smart-layers-arlington-office-chair-review/,https://www.bobvila.com/articles/home-office-gifts/
https://www.bobvila.com/articles/do-i-need-a-home-warranty/,https://www.bobvila.com/articles/home-warranty-worth-it/
https://www.bobvila.com/articles/home-warranty-coverage/,https://www.bobvila.com/articles/home-warranty-worth-it/
https://www.bobvila.com/articles/homemade-bug-spray/,https://www.bobvila.com/articles/homemade-mosquito-repellent/
https://www.bobvila.com/articles/hostess-gifts/,https://www.bobvila.com/articles/housewarming-gifts/
https://www.bobvila.com/articles/24-your-home-s-construction-schedule/,https://www.bobvila.com/articles/how-long-does-it-take-to-build-a-house/
https://www.bobvila.com/articles/706-to-hire-or-not-to-hire-an-architect-or-designer/,https://www.bobvila.com/articles/how-much-does-an-architect-cost/
https://www.bobvila.com/articles/replacing-hvac-filters/,https://www.bobvila.com/articles/how-often-to-replace-air-filter/
https://www.bobvila.com/articles/how-to-get-landscaping-jobs/,https://www.bobvila.com/articles/how-to-become-a-landscaper/
https://www.bobvila.com/articles/diy-compost-bin/,https://www.bobvila.com/articles/how-to-build-a-compost-bin/
https://www.bobvila.com/articles/pool-builders-near-me/,https://www.bobvila.com/articles/how-to-build-a-pool/
https://www.bobvila.com/slideshow/11-things-you-need-to-consider-before-putting-in-a-pool-421413/,https://www.bobvila.com/articles/how-to-build-a-pool/
https://www.bobvila.com/articles/wheelchair-ramp-cost/,https://www.bobvila.com/articles/how-to-build-a-wheelchair-ramp/
https://www.bobvila.com/articles/things-your-mortgage-lender-wishes-you-knew/,https://www.bobvila.com/articles/how-to-choose-a-mortgage-lender/
https://www.bobvila.com/articles/how-to-wash-a-weighted-blanket/,https://www.bobvila.com/articles/how-to-clean-a-down-comforter/
https://www.bobvila.com/articles/how-to-clean-the-bottom-of-an-iron/,https://www.bobvila.com/articles/how-to-clean-an-iron/
https://www.bobvila.com/slideshow/9-tips-to-clean-your-gutters-without-breaking-a-sweat-577395/,https://www.bobvila.com/articles/how-to-clean-gutters/
https://www.bobvila.com/articles/3-wacky-tricks-for-cleaning-gutters-plus-1-good-idea/,https://www.bobvila.com/articles/how-to-clean-gutters/
https://www.bobvila.com/articles/how-to-clean-a-mattress/,https://www.bobvila.com/articles/how-to-clean-mattress-stains/
https://www.bobvila.com/articles/quick-tip-clean-windows-with-coffee-filters/,https://www.bobvila.com/articles/how-to-clean-oven-window-glass/
https://www.bobvila.com/articles/bedrooms-that-will-give-you-design-inspo/,https://www.bobvila.com/articles/how-to-decorate-a-bedroom/
https://www.bobvila.com/slideshow/10-under-10-buys-for-your-best-ever-bedroom-50515/,https://www.bobvila.com/articles/how-to-decorate-a-bedroom/
https://www.bobvila.com/slideshow/8-decorating-solutions-for-tricky-windows-46157/,https://www.bobvila.com/articles/how-to-dress-a-window-without-curtains/
https://www.bobvila.com/articles/exposed-aggregate-concrete/,https://www.bobvila.com/articles/how-to-finish-concrete/
https://www.bobvila.com/articles/va-loan-vs-conventional-loan/,https://www.bobvila.com/articles/how-to-get-a-mortgage/
https://www.bobvila.com/articles/best-usda-lenders/,https://www.bobvila.com/articles/how-to-get-a-mortgage/
https://www.bobvila.com/articles/best-fha-lenders/,https://www.bobvila.com/articles/how-to-get-a-mortgage/
https://www.bobvila.com/articles/conventional-loan-vs-fha/,https://www.bobvila.com/articles/how-to-get-a-mortgage/
https://www.bobvila.com/articles/how-to-get-the-best-mortgage-rate/,https://www.bobvila.com/articles/how-to-get-a-mortgage/
https://www.bobvila.com/articles/what-is-a-fha-home-loan/,https://www.bobvila.com/articles/how-to-get-a-mortgage/
https://www.bobvila.com/articles/fha-vs-va-loan/,https://www.bobvila.com/articles/how-to-get-a-mortgage/
https://www.bobvila.com/articles/how-to-get-a-home-loan-with-bad-credit/,https://www.bobvila.com/articles/how-to-get-a-mortgage/
https://www.bobvila.com/articles/best-tiny-house-loans/,https://www.bobvila.com/articles/how-to-get-a-mortgage/
https://www.bobvila.com/articles/what-is-a-usda-home-loan/,https://www.bobvila.com/articles/how-to-get-a-mortgage/
https://www.bobvila.com/articles/what-is-a-mortgage/,https://www.bobvila.com/articles/how-to-get-a-mortgage/
https://www.bobvila.com/articles/how-to-get-a-va-loan/,https://www.bobvila.com/articles/how-to-get-a-mortgage/
https://www.bobvila.com/articles/how-to-get-preapproved-for-a-home-loan/,https://www.bobvila.com/articles/how-to-get-a-mortgage/
https://www.bobvila.com/articles/how-to-remove-crayon-stains/,https://www.bobvila.com/articles/how-to-get-crayon-off-wall/
https://www.bobvila.com/articles/bob-vila-radio-carpet-wrinkles/,https://www.bobvila.com/articles/how-to-get-dents-out-of-carpet/
https://www.bobvila.com/articles/groundhog-removal-cost/,https://www.bobvila.com/articles/how-to-get-rid-of-groundhogs/
https://www.bobvila.com/articles/best-raccoon-baits/,https://www.bobvila.com/articles/how-to-get-rid-of-raccoons/
https://www.bobvila.com/articles/387-how-to-fight-off-termites/,https://www.bobvila.com/articles/how-to-get-rid-of-termites/
https://www.bobvila.com/articles/how-to-remove-a-tick/,https://www.bobvila.com/articles/how-to-get-rid-of-ticks/
https://www.bobvila.com/articles/types-of-ticks/,https://www.bobvila.com/articles/how-to-get-rid-of-ticks/
https://www.bobvila.com/articles/bob-vila-radio-bee-wasp-control/,https://www.bobvila.com/articles/how-to-get-rid-of-wasps/
https://www.bobvila.com/articles/best-mushroom-growing-kits/,https://www.bobvila.com/articles/how-to-grow-mushrooms/
https://www.bobvila.com/articles/growing-tomatoes/,https://www.bobvila.com/articles/how-to-grow-tomatoes/
https://www.bobvila.com/articles/best-hammock/,https://www.bobvila.com/articles/how-to-hang-a-hammock/
https://www.bobvila.com/articles/343-how-to-install-a-new-door/,https://www.bobvila.com/articles/how-to-install-a-prehung-door/
https://www.bobvila.com/articles/311-the-basics-of-kitchen-cabinet-installation/,https://www.bobvila.com/articles/how-to-install-kitchen-cabinets/
https://www.bobvila.com/articles/strip-lights-at-home/,https://www.bobvila.com/articles/how-to-install-led-light-strips/
https://www.bobvila.com/articles/274-keep-garage-doors-in-top-shape/,https://www.bobvila.com/articles/how-to-lubricate-garage-door/
https://www.bobvila.com/articles/smart-home-mistakes/,https://www.bobvila.com/articles/how-to-make-a-smart-home/
https://www.bobvila.com/articles/best-online-wreath-making-classes/,https://www.bobvila.com/articles/how-to-make-a-wreath/
https://www.bobvila.com/articles/how-to-paint-your-home-exterior/,https://www.bobvila.com/articles/how-to-paint-a-house/
https://www.bobvila.com/articles/painting-masonry/,https://www.bobvila.com/articles/how-to-paint-brick/
https://www.bobvila.com/slideshow/painted-cabinets-14-reasons-to-transform-yours-now-2359/,https://www.bobvila.com/articles/how-to-paint-kitchen-cabinets/
https://www.bobvila.com/articles/painting-kitchen-cabinets/,https://www.bobvila.com/articles/how-to-paint-kitchen-cabinets/
https://www.bobvila.com/articles/bob-vila-radio-painting-wood-paneling/,https://www.bobvila.com/articles/how-to-paint-wood-paneling/
https://www.bobvila.com/slideshow/9-bright-and-bold-colors-for-your-front-door-48192/,https://www.bobvila.com/articles/how-to-pick-a-front-door-color/
https://www.bobvila.com/slideshow/the-secrets-to-pouring-concrete-in-the-heat-of-summer-52891/,https://www.bobvila.com/articles/how-to-pour-concrete/
https://www.bobvila.com/articles/how-to-use-a-pressure-washer/,https://www.bobvila.com/articles/how-to-pressure-wash-a-house/
https://www.bobvila.com/articles/how-to-install-a-toilet-seat/,https://www.bobvila.com/articles/how-to-replace-a-toilet-seat/
https://www.bobvila.com/slideshow/5-simple-steps-to-renew-your-concrete-driveway-48881/,https://www.bobvila.com/articles/how-to-resurface-a-concrete-driveway/
https://www.bobvila.com/articles/how-much-homeowners-insurance-do-i-need/,https://www.bobvila.com/articles/how-to-shop-for-homeowners-insurance/
https://www.bobvila.com/articles/best-homeowners-insurance-california/,https://www.bobvila.com/articles/how-to-shop-for-homeowners-insurance/
https://www.bobvila.com/slideshow/6-low-cost-lifesavers-to-make-wall-repair-a-cinch-50103/,https://www.bobvila.com/articles/how-to-spackle/
https://www.bobvila.com/articles/how-to-start-an-electrical-business/,https://www.bobvila.com/articles/how-to-start-a-handyman-business/
https://www.bobvila.com/articles/how-to-start-a-landscaping-business/,https://www.bobvila.com/articles/how-to-start-a-lawn-care-business/
https://www.bobvila.com/articles/what-licenses-are-needed-to-start-a-landscaping-business/,https://www.bobvila.com/articles/how-to-start-a-lawn-care-business/
https://www.bobvila.com/articles/how-to-get-lawn-care-customers/,https://www.bobvila.com/articles/how-to-start-a-lawn-care-business/
https://www.bobvila.com/articles/lawn-care-business-start-up-cost/,https://www.bobvila.com/articles/how-to-start-a-lawn-care-business/
https://www.bobvila.com/articles/breathe-deep-5-ways-to-improve-your-homes-air-quality-for-better-health/,https://www.bobvila.com/articles/how-to-test-air-quality-in-your-home/
https://www.bobvila.com/articles/267-quick-tip-fixing-a-clogged-drain/,https://www.bobvila.com/articles/how-to-unclog-a-sink-drain/
https://www.bobvila.com/slideshow/the-complete-illustrated-guide-to-unclogging-a-drain-46116/,https://www.bobvila.com/articles/how-to-unclog-a-sink-drain/
https://www.bobvila.com/articles/2112-jigsaw/,https://www.bobvila.com/articles/how-to-use-a-jigsaw/
https://www.bobvila.com/articles/314-impact-resistant-windows-installation-101/,https://www.bobvila.com/articles/hurricane-windows-cost/
https://www.bobvila.com/articles/342-hurricane-proof-your-house-with-impact-resistant-windows/,https://www.bobvila.com/articles/hurricane-windows-cost/
https://www.bobvila.com/articles/ice-dam-removal-cost/,https://www.bobvila.com/articles/ice-dams/
https://www.bobvila.com/articles/how-to-install-a-screen-door/,https://www.bobvila.com/articles/installing-a-screen-door/
https://www.bobvila.com/articles/inexpensive-insulation/,https://www.bobvila.com/articles/insulation-cost/
https://www.bobvila.com/articles/rainwater-harvesting/,https://www.bobvila.com/articles/is-it-illegal-to-collect-rainwater/
https://www.bobvila.com/articles/amaryllis-care/,https://www.bobvila.com/articles/its-bulb-planting-time/
https://www.bobvila.com/slideshow/kits-for-kids-10-gifts-for-young-makers-48284/,https://www.bobvila.com/articles/kids-gift-guide/
https://www.bobvila.com/slideshow/8-tiny-homes-you-can-buy-for-the-price-of-a-luxury-car-48325/,https://www.bobvila.com/articles/kit-homes/
https://www.bobvila.com/slideshow/trending-now-banquette-seating-44342/,https://www.bobvila.com/articles/kitchen-banquettes/
https://www.bobvila.com/articles/2237-bob-vila-s-guide-to-kitchen-cabinets/,https://www.bobvila.com/articles/kitchen-cabinet-styles/
https://www.bobvila.com/slideshow/10-best-bet-kitchen-buys-from-ikea-51803/,https://www.bobvila.com/articles/kitchen-storage-hacks/
https://www.bobvila.com/articles/best-laundry-hamper/,https://www.bobvila.com/articles/laundry-room-ideas-that-work/
https://www.bobvila.com/slideshow/the-10-best-buys-to-make-yard-work-no-work-49948/,https://www.bobvila.com/articles/low-maintenance-landscaping/
https://www.bobvila.com/slideshow/10-unusual-tips-for-your-cleanest-kitchen-ever-48947/,https://www.bobvila.com/articles/make-kitchen-look-clean/
https://www.bobvila.com/slideshow/10-scene-stealing-country-bathrooms-47715/,https://www.bobvila.com/articles/master-bathroom-ideas/
https://www.bobvila.com/slideshow/10-surprising-tips-and-tricks-for-dealing-with-ice-and-snow-49648/,https://www.bobvila.com/articles/melt-ice-without-salt/
https://www.bobvila.com/slideshow/debunking-5-metal-roof-myths-15440/,https://www.bobvila.com/articles/metal-roof-pros-and-cons/
https://www.bobvila.com/articles/art-cool-mini-splits/,https://www.bobvila.com/articles/mini-splits/
https://www.bobvila.com/slideshow/9-ways-to-safeguard-your-house-before-a-vacation-47767/,https://www.bobvila.com/articles/mistakes-you-make-when-you-go-on-vacation/
https://www.bobvila.com/slideshow/how-to-get-the-industrial-farmhouse-look-on-a-budget-578190/,https://www.bobvila.com/articles/modern-farmhouse-style/
https://www.bobvila.com/slideshow/20-ways-homeowners-can-be-more-self-sufficient-55084/,https://www.bobvila.com/articles/modern-homesteading-ideas/
https://www.bobvila.com/slideshow/8-ways-your-garden-can-save-america-s-most-beautiful-butterfly-from-extinction-53318/,https://www.bobvila.com/articles/monarch-butterfly-endangered/
https://www.bobvila.com/articles/monarch-butterfly-migration/,https://www.bobvila.com/articles/monarch-butterfly-endangered/
https://www.bobvila.com/articles/lawn-care-tips/,https://www.bobvila.com/articles/month-by-month-lawn-care-calendar/
https://www.bobvila.com/slideshow/ultimate-lawn-care-guide-12-steps-to-a-prize-winning-yard-44680/,https://www.bobvila.com/articles/month-by-month-lawn-care-calendar/
https://www.bobvila.com/slideshow/7-ways-to-skimp-on-a-bathroom-renovation-48565/,https://www.bobvila.com/articles/most-valuable-projects-2022-bathroom-remodel/
https://www.bobvila.com/articles/flooded-basement/,https://www.bobvila.com/articles/my-basement-flooded/
https://www.bobvila.com/articles/property-crime/,https://www.bobvila.com/articles/my-house-was-broken-into/
https://www.bobvila.com/articles/hang-pegboard/,https://www.bobvila.com/articles/pegboard-ideas/
https://www.bobvila.com/slideshow/the-best-ways-to-update-a-bathroom-for-only-20-50837/,https://www.bobvila.com/articles/personalize-bathroom/
https://www.bobvila.com/articles/pest-control-cost-alabama/,https://www.bobvila.com/articles/pest-control-cost/
https://www.bobvila.com/articles/pest-control-cost-south-carolina/,https://www.bobvila.com/articles/pest-control-cost/
https://www.bobvila.com/articles/how-to-get-hurricane-insurance/,https://www.bobvila.com/articles/places-with-uninsurable-homes-flooding/
https://www.bobvila.com/articles/how-to-plant-an-apple-tree/,https://www.bobvila.com/articles/plant-a-tree/
https://www.bobvila.com/articles/324-building-a-concrete-pool-deck/,https://www.bobvila.com/articles/pool-decking/
https://www.bobvila.com/slideshow/10-genius-ways-to-make-your-backyard-a-blast-51049/,https://www.bobvila.com/articles/prep-your-outdoor-space-for-fall/
https://www.bobvila.com/articles/better-finish-wall-repair-patch-kit-review/,https://www.bobvila.com/articles/products-for-fixing-walls-and-ceilings/
https://www.bobvila.com/articles/selling-a-condo-different-than-a-house/,https://www.bobvila.com/articles/pros-and-cons-of-buying-a-condo/
https://www.bobvila.com/slideshow/no-place-like-dome-14-homes-that-are-anything-but-square-50939/,https://www.bobvila.com/articles/quirky-house-alternatives/
https://www.bobvila.com/articles/forced-air-vs-radiant-heat/,https://www.bobvila.com/articles/radiant-floorvs-forced-air-heating/
https://www.bobvila.com/slideshow/12-diy-vegetable-garden-ideas-579076/,https://www.bobvila.com/articles/raised-garden-bed-plans/
https://www.bobvila.com/slideshow/the-do-s-and-don-ts-of-cleaning-up-leaves-53042/,https://www.bobvila.com/articles/rake-leaves/
https://www.bobvila.com/slideshow/wicker-gone-wild-10-easy-ways-to-transform-old-into-new-44469/,https://www.bobvila.com/articles/rattan-vs-wicker/
https://www.bobvila.com/articles/townhouse-bidding-wars-overtake-single-family-homes/,https://www.bobvila.com/articles/real-estate-bidding-wars/
https://www.bobvila.com/slideshow/7-ways-to-skimp-on-a-kitchen-renovation-48622/,https://www.bobvila.com/articles/reduce-kitchen-renovation-costs/
https://www.bobvila.com/articles/best-glass-food-storage-containers/,https://www.bobvila.com/articles/refrigerator-organization/
https://www.bobvila.com/articles/how-to-replace-a-toilet/,https://www.bobvila.com/articles/replacing-a-toilet/
https://www.bobvila.com/articles/toilet-installation/,https://www.bobvila.com/articles/replacing-a-toilet/
https://www.bobvila.com/slideshow/12-other-ways-to-decorate-with-x-mas-ornaments-50717/,https://www.bobvila.com/articles/repurpose-christmas-decor/
https://www.bobvila.com/slideshow/10-novel-uses-for-the-classic-clothespin-46479/,https://www.bobvila.com/articles/repurpose-clutter/
https://www.bobvila.com/articles/command-hooks-uses/,https://www.bobvila.com/articles/repurpose-clutter/
https://www.bobvila.com/slideshow/9-clever-alternative-uses-for-sandpaper-49428/,https://www.bobvila.com/articles/repurpose-clutter/
https://www.bobvila.com/slideshow/13-unexpected-uses-for-baskets-46632/,https://www.bobvila.com/articles/repurpose-clutter/
https://www.bobvila.com/slideshow/think-outside-the-toolbox-9-new-uses-for-old-tools-46399/,https://www.bobvila.com/articles/repurpose-clutter/
https://www.bobvila.com/slideshow/10-new-uses-for-old-dressers-47988/,https://www.bobvila.com/articles/repurpose-clutter/
https://www.bobvila.com/slideshow/8-dutch-oven-uses-all-homeowners-should-know-580131/,https://www.bobvila.com/articles/repurpose-clutter/
https://www.bobvila.com/slideshow/reinventing-the-wheel-10-smart-new-uses-for-old-tires-47653/,https://www.bobvila.com/articles/repurpose-clutter/
https://www.bobvila.com/articles/diy-old-bicycles/,https://www.bobvila.com/articles/repurpose-clutter/
https://www.bobvila.com/articles/reuse-leather-belts/,https://www.bobvila.com/articles/repurpose-clutter/
https://www.bobvila.com/articles/repurposed-rake-projects/,https://www.bobvila.com/articles/repurpose-clutter/
https://www.bobvila.com/articles/junk-mail-uses/,https://www.bobvila.com/articles/repurpose-clutter/
https://www.bobvila.com/articles/repurpose-drawers/,https://www.bobvila.com/articles/repurpose-clutter/
https://www.bobvila.com/slideshow/hardware-store-decor-9-ways-to-repurpose-tools-48114/,https://www.bobvila.com/articles/repurpose-clutter/
https://www.bobvila.com/articles/diy-hanger-projects/,https://www.bobvila.com/articles/repurpose-clutter/
https://www.bobvila.com/articles/cassette-tape-recycling/,https://www.bobvila.com/articles/repurpose-clutter/
https://www.bobvila.com/articles/5-things-to-do-with-leftover-tile/,https://www.bobvila.com/articles/repurpose-clutter/
https://www.bobvila.com/articles/window-awnings-save-energy/,https://www.bobvila.com/articles/retractable-awning-cost/
https://www.bobvila.com/articles/solved-what-to-do-about-a-leaky-roof/,https://www.bobvila.com/articles/roof-leaking-repair/
https://www.bobvila.com/articles/new-roof-benefits/,https://www.bobvila.com/articles/roof-repair-or-replacement/
https://www.bobvila.com/slideshow/the-only-colors-you-should-use-in-a-small-space-49135/,https://www.bobvila.com/articles/room-size-illusions-with-paint/
https://www.bobvila.com/slideshow/15-clever-buys-to-help-you-keep-your-new-year-s-resolutions-53209/,https://www.bobvila.com/articles/save-money-around-the-house/
https://www.bobvila.com/articles/household-items-you-can-recycle-for-money/,https://www.bobvila.com/articles/selling-apps/
https://www.bobvila.com/slideshow/10-style-setting-garden-sheds-2502/,https://www.bobvila.com/articles/shed-plans/
https://www.bobvila.com/slideshow/16-amazing-homemade-sheds-to-inspire-yours-45626/,https://www.bobvila.com/articles/shed-plans/
https://www.bobvila.com/articles/wayfair-outdoor-furniture-sale/,https://www.bobvila.com/articles/shopper-loved-wayfair-items/
https://www.bobvila.com/articles/wayfair-steelside-launch-deals-news/,https://www.bobvila.com/articles/shopper-loved-wayfair-items/
https://www.bobvila.com/articles/wayfair-patio-furniture-deals/,https://www.bobvila.com/articles/shopper-loved-wayfair-items/
https://www.bobvila.com/articles/wayfair-surplus-sale-2022/,https://www.bobvila.com/articles/shopper-loved-wayfair-items/
https://www.bobvila.com/slideshow/11-signs-it-s-time-to-move-51391/,https://www.bobvila.com/articles/should-i-sell-my-house-now/
https://www.bobvila.com/articles/364-how-to-protect-your-home-from-carpenter-ants/,https://www.bobvila.com/articles/signs-of-carpenter-ants-in-house/
https://www.bobvila.com/articles/what-does-termite-damage-look-like/,https://www.bobvila.com/articles/signs-of-termites/
https://www.bobvila.com/slideshow/7-myths-about-skylights-debunked-49261/,https://www.bobvila.com/articles/skylight-installation/
https://www.bobvila.com/articles/bob-vila-radio-fixing-a-slow-drain/,https://www.bobvila.com/articles/slow-sink-drain/
https://www.bobvila.com/articles/furniture-that-makes-a-room-feel-bigger/,https://www.bobvila.com/articles/small-space-storage-ideas/
https://www.bobvila.com/slideshow/these-are-the-only-9-cleaning-supplies-you-really-need-this-spring-51918/,https://www.bobvila.com/articles/spring-cleaning-natural-ingredients/
https://www.bobvila.com/slideshow/rejuvenate-your-lawn-with-7-spring-musts-48676/,https://www.bobvila.com/articles/spring-lawn-care/
https://www.bobvila.com/articles/sprinkler-repair-cost/,https://www.bobvila.com/articles/sprinkler-repair/
https://www.bobvila.com/articles/floating-staircase-cost/,https://www.bobvila.com/articles/staircase-remodel-cost/
https://www.bobvila.com/slideshow/16-new-reasons-to-love-subway-tile-51153/,https://www.bobvila.com/articles/subway-tile-patterns/
https://www.bobvila.com/articles/best-earth-day-deals/,https://www.bobvila.com/articles/sustainable-household-products-save-money/
https://www.bobvila.com/slideshow/13-new-gadgets-everyone-wants-for-christmas-51642/,https://www.bobvila.com/articles/tech-gifts/
https://www.bobvila.com/slideshow/7-myths-about-radiant-heat-debunked-49301/,https://www.bobvila.com/articles/the-pros-and-cons-of-radiant-heat/
https://www.bobvila.com/slideshow/11-home-hazards-to-know-and-avoid-47723/,https://www.bobvila.com/articles/ticking-time-bombs-in-your-house/
https://www.bobvila.com/slideshow/8-dangerous-secrets-your-home-may-be-hiding-48583/,https://www.bobvila.com/articles/ticking-time-bombs-in-your-house/
https://www.bobvila.com/slideshow/the-12-best-buys-for-your-tiny-bathroom-49864/,https://www.bobvila.com/articles/tiny-bathroom-ideas/
https://www.bobvila.com/articles/storing-sandpaper/,https://www.bobvila.com/articles/tool-storage-ideas/
https://www.bobvila.com/articles/bonsai-care/,https://www.bobvila.com/articles/types-of-bonsai-trees/
https://www.bobvila.com/articles/boxwoods-maintaining-structure-in-your-garden/,https://www.bobvila.com/articles/types-of-boxwood-shrubs/
https://www.bobvila.com/slideshow/6-things-you-didn-t-know-adhesive-can-do-50061/,https://www.bobvila.com/articles/types-of-glue/
https://www.bobvila.com/articles/granite-countertops-installation/,https://www.bobvila.com/articles/types-of-granite/
https://www.bobvila.com/articles/how-to-choose-hardwood-flooring/,https://www.bobvila.com/articles/types-of-hardwood-flooring/
https://www.bobvila.com/articles/heloc-vs-home-equity-loan/,https://www.bobvila.com/articles/types-of-home-improvement-loans/
https://www.bobvila.com/articles/requirements-for-a-home-equity-loan/,https://www.bobvila.com/articles/types-of-home-improvement-loans/
https://www.bobvila.com/articles/303-insulation-101/,https://www.bobvila.com/articles/types-of-insulation/
https://www.bobvila.com/articles/how-to-install-insulation/,https://www.bobvila.com/articles/types-of-insulation/
https://www.bobvila.com/articles/denim-insulation/,https://www.bobvila.com/articles/types-of-insulation/
https://www.bobvila.com/articles/cfl-vs-led-bulbs/,https://www.bobvila.com/articles/types-of-light-bulbs/
https://www.bobvila.com/articles/1054-how-to-work-with-plastic-pipe/,https://www.bobvila.com/articles/types-of-plumbing-pipe/
https://www.bobvila.com/articles/roofing-materials/,https://www.bobvila.com/articles/types-of-roofing-materials/
https://www.bobvila.com/slideshow/roofing-roundup-7-of-today-s-most-popular-choices-44499/,https://www.bobvila.com/articles/types-of-roofing-materials/
https://www.bobvila.com/articles/kitchen-gadgets-with-rave-reviews-on-amazon/,https://www.bobvila.com/articles/useful-gadgets-for-the-home/
https://www.bobvila.com/slideshow/12-inventions-that-do-all-your-chores-50234/,https://www.bobvila.com/articles/useful-gadgets-for-the-home/
https://www.bobvila.com/slideshow/10-weird-but-useful-gadgets-you-might-not-have-yet-52044/,https://www.bobvila.com/articles/useful-gadgets-for-the-home/
https://www.bobvila.com/slideshow/the-best-smart-gadgets-to-use-in-the-kitchen-52822/,https://www.bobvila.com/articles/useful-gadgets-for-the-home/
https://www.bobvila.com/slideshow/15-gadgets-for-every-lazy-cook-s-kitchen-50854/,https://www.bobvila.com/articles/useful-gadgets-for-the-home/
https://www.bobvila.com/slideshow/waterproof-gadgets-to-revolutionize-your-shower-experience-44697/,https://www.bobvila.com/articles/useful-gadgets-for-the-home/
https://www.bobvila.com/slideshow/pro-tips-square-foot-gardening-44696/,https://www.bobvila.com/articles/vegetable-garden-layout/
https://www.bobvila.com/slideshow/10-great-ways-to-grow-your-walls-green-44305/,https://www.bobvila.com/articles/vertical-garden-ideas/
https://www.bobvila.com/slideshow/vinyl-renaissance-10-flooring-looks-you-won-t-believe-46957/,https://www.bobvila.com/articles/vinyl-flooring-pros-and-cons/
https://www.bobvila.com/articles/how-to-cut-vinyl-flooring/,https://www.bobvila.com/articles/vinyl-flooring-pros-and-cons/
https://www.bobvila.com/slideshow/10-stunning-showers-to-give-you-bathroom-envy-44524/,https://www.bobvila.com/articles/walk-in-shower-ideas/
https://www.bobvila.com/slideshow/9-diy-ways-to-redo-your-wall-without-paint-48468/,https://www.bobvila.com/articles/wall-decor-ideas/
https://www.bobvila.com/articles/asbestos-removal/,https://www.bobvila.com/articles/what-does-asbestos-look-like/
https://www.bobvila.com/articles/does-homeowners-insurance-cover-fire-damage/,https://www.bobvila.com/articles/what-does-homeowners-insurance-cover/
https://www.bobvila.com/articles/does-homeowners-insurance-cover-wildfires/,https://www.bobvila.com/articles/what-does-homeowners-insurance-cover/
https://www.bobvila.com/articles/does-homeowners-insurance-cover-tornado-damage/,https://www.bobvila.com/articles/what-does-homeowners-insurance-cover/
https://www.bobvila.com/articles/is-hazard-insurance-the-same-as-homeowners-insurance/,https://www.bobvila.com/articles/what-does-homeowners-insurance-cover/
https://www.bobvila.com/articles/what-does-flood-insurance-cover/,https://www.bobvila.com/articles/what-flood-zones-require-flood-insurance/
https://www.bobvila.com/articles/best-flood-insurance-companies/,https://www.bobvila.com/articles/what-flood-zones-require-flood-insurance/
https://www.bobvila.com/articles/flood-insurance-texas-cost/,https://www.bobvila.com/articles/what-flood-zones-require-flood-insurance/
https://www.bobvila.com/articles/flood-insurance-cost-nj/,https://www.bobvila.com/articles/what-flood-zones-require-flood-insurance/
https://www.bobvila.com/articles/do-i-need-flood-insurance/,https://www.bobvila.com/articles/what-flood-zones-require-flood-insurance/
https://www.bobvila.com/articles/flood-insurance-cost/,https://www.bobvila.com/articles/what-flood-zones-require-flood-insurance/
https://www.bobvila.com/articles/best-flood-insurance-florida/,https://www.bobvila.com/articles/what-flood-zones-require-flood-insurance/
https://www.bobvila.com/articles/how-much-is-flood-insurance-in-florida/,https://www.bobvila.com/articles/what-flood-zones-require-flood-insurance/
https://www.bobvila.com/articles/flood-insurance-cost-utah/,https://www.bobvila.com/articles/what-flood-zones-require-flood-insurance/
https://www.bobvila.com/slideshow/catching-rays-in-11-golden-sunrooms-47061/,https://www.bobvila.com/articles/what-is-a-sunroom/
https://www.bobvila.com/articles/23-quick-tip-diy-mold-removal/,https://www.bobvila.com/articles/what-kills-mold/
https://www.bobvila.com/slideshow/the-power-outage-survival-guide-45573/,https://www.bobvila.com/articles/what-not-to-do-in-a-power-outage/
https://www.bobvila.com/articles/how-dehumidifiers-work/,https://www.bobvila.com/articles/what-size-dehumidifier-do-i-need/
https://www.bobvila.com/articles/ideal-fridge-temperature/,https://www.bobvila.com/articles/what-temperature-should-a-refrigerator-be/
https://www.bobvila.com/articles/regular-refrigerator-temperature/,https://www.bobvila.com/articles/what-temperature-should-a-refrigerator-be/
https://www.bobvila.com/articles/trick-or-treating-at-apartments/,https://www.bobvila.com/articles/where-to-go-trick-or-treating/
https://www.bobvila.com/articles/reasons-to-plant-a-tree-on-your-property/,https://www.bobvila.com/articles/where-to-plant-trees/
https://www.bobvila.com/articles/water-heater-repair-near-me/,https://www.bobvila.com/articles/who-fixes-water-heaters/
https://www.bobvila.com/articles/bat-removal-cost/,https://www.bobvila.com/articles/wildlife-removal-cost/
https://www.bobvila.com/articles/yard-mole-removal-cost/,https://www.bobvila.com/articles/wildlife-removal-cost/
https://www.bobvila.com/slideshow/upgrade-your-winter-garden-with-these-9-colorful-perennials-580578/,https://www.bobvila.com/articles/winter-plants/
https://www.bobvila.com/articles/redwood-deck/,https://www.bobvila.com/articles/wood-for-a-deck/
https://www.bobvila.com/articles/best-home-warranty-companies-vermont/,https://www.bobvila.com/best-home-warranty-companies/
https://www.bobvila.com/slideshow/14-clever-layout-tricks-to-maximize-your-living-space-54333/,https://www.bobvila.com/design/living-room-layout-ideas/
https://www.bobvila.com/slideshow/8-must-have-tools-for-home-improvement-49123/,https://www.bobvila.com/diy/14-tools-that-will-make-projects-easier/
https://www.bobvila.com/articles/dewalt-free-battery-rebate/,https://www.bobvila.com/reviews/free-dewalt-battery-kit-home-depot-2024/
https://www.bobvila.com/articles/free-milwaukee-tool-home-depot/,https://www.bobvila.com/slideshow/10-home-depot-shopping-secrets-only-the-savviest-diyers-know-about-578244/
https://www.bobvila.com/articles/how-to-clean-carpet-stains-with-a-clothes-iron/,https://www.bobvila.com/slideshow/10-homemade-carpet-cleaning-remedies-577474/
https://www.bobvila.com/slideshow/10-housekeeping-habits-to-adopt-in-the-new-year-48356/,https://www.bobvila.com/slideshow/10-housekeeping-habits-of-happy-people-350346/
https://www.bobvila.com/slideshow/8-countertops-you-d-never-believe-were-handmade-48009/,https://www.bobvila.com/slideshow/10-kitchen-countertop-materials-for-every-budget-48627/
https://www.bobvila.com/articles/best-clothes-drying-rack/,https://www.bobvila.com/slideshow/10-laundry-room-storage-ideas-that-ll-knock-your-socks-off-46400/
https://www.bobvila.com/slideshow/10-ways-to-burglar-proof-your-home-for-under-100-50144/,https://www.bobvila.com/slideshow/10-low-cost-ways-to-improve-your-home-security-29780/
https://www.bobvila.com/slideshow/5-pests-that-may-be-living-in-your-gutters-and-what-you-can-do-about-it-50504/,https://www.bobvila.com/slideshow/10-places-you-never-knew-pests-were-hiding-53257
https://www.bobvila.com/articles/house-siding/,https://www.bobvila.com/slideshow/10-siding-options-to-beautify-your-home-45819/
https://www.bobvila.com/articles/diy-sunshade/,https://www.bobvila.com/slideshow/10-smart-ways-to-bring-shade-to-your-outdoor-space-47776/
https://www.bobvila.com/slideshow/it-s-not-stealing-if-you-take-any-of-these-10-free-things-53127/,https://www.bobvila.com/slideshow/10-smart-ways-to-snag-free-stuff-for-your-home-51200/
https://www.bobvila.com/articles/dont-do-these-9-things-if-you-want-to-buy-a-house-this-year/,https://www.bobvila.com/slideshow/10-things-to-do-now-if-you-plan-to-buy-a-house-next-year-578174/
https://www.bobvila.com/slideshow/9-things-you-shouldn-t-hide-from-your-landlord-577419/,https://www.bobvila.com/slideshow/10-things-you-should-never-do-in-a-rental-home-52156/
https://www.bobvila.com/slideshow/spreading-out-14-ways-to-get-more-counter-space-47332/,https://www.bobvila.com/slideshow/10-things-you-should-take-off-your-kitchen-countertops-to-declutter-578720/
https://www.bobvila.com/slideshow/15-tricks-to-know-if-you-hate-fall-yard-work-50397/,https://www.bobvila.com/slideshow/10-ways-to-make-your-fall-lawn-care-easier-according-to-the-pros-577397/
https://www.bobvila.com/articles/best-garden-fence/,https://www.bobvila.com/slideshow/11-garden-fence-ideas-that-will-complement-any-landscape-580308/
https://www.bobvila.com/articles/most-popular-home-office-setup-during-pandemic/,https://www.bobvila.com/slideshow/11-ideas-for-working-remotely-when-you-don-t-have-a-home-office-48561/
https://www.bobvila.com/slideshow/7-things-people-love-about-working-from-home-and-7-they-hate-578294/,https://www.bobvila.com/slideshow/11-ideas-for-working-remotely-when-you-don-t-have-a-home-office-48561/
https://www.bobvila.com/slideshow/dive-into-these-12-luxurious-pools-51188/,https://www.bobvila.com/slideshow/11-of-the-best-backyard-swimming-pools-we-ve-ever-seen-152278/
https://www.bobvila.com/slideshow/renovate-your-rental-9-kitchen-upgrades-you-can-make-47975/,https://www.bobvila.com/slideshow/11-renter-friendly-ideas-for-a-reversible-remodel-50799/
https://www.bobvila.com/slideshow/12-new-designs-to-change-your-mind-about-radiators-28030/,https://www.bobvila.com/slideshow/11-stylish-ways-to-enhance-or-hide-your-radiators-46992/
https://www.bobvila.com/slideshow/9-products-you-will-love-if-you-hate-cleaning-52010/,https://www.bobvila.com/slideshow/11-ultra-powerful-products-that-cut-your-cleaning-time-in-half-53099/
https://www.bobvila.com/slideshow/11-cheap-cures-for-a-cluttered-kitchen-49769/,https://www.bobvila.com/slideshow/11-zero-dollar-ways-to-organize-your-kitchen-cabinets-50508/
https://www.bobvila.com/slideshow/11-reasons-to-reconsider-pastels-48719/,https://www.bobvila.com/slideshow/12-calming-colors-for-a-serene-home-47769/
https://www.bobvila.com/slideshow/10-ways-to-buy-better-curb-appeal-for-under-50-50335/,https://www.bobvila.com/slideshow/12-easy-and-inexpensive-ways-to-upgrade-your-home-s-exterior-169066/
https://www.bobvila.com/slideshow/10-ways-your-yard-can-help-raise-your-property-value-460490/,https://www.bobvila.com/slideshow/12-outdoor-upgrades-that-make-your-home-more-valuable-51905/
https://www.bobvila.com/slideshow/13-signs-your-home-is-losing-value-53289/,https://www.bobvila.com/slideshow/12-reasons-your-home-isn-t-worth-as-much-as-you-think-50184/
https://www.bobvila.com/articles/get-the-look-country-kitchen/,https://www.bobvila.com/slideshow/12-rustic-kitchen-ideas-that-are-anything-but-ordinary-579881/
https://www.bobvila.com/slideshow/america-s-most-colorful-small-towns-52997/,https://www.bobvila.com/slideshow/12-things-i-wish-i-had-known-before-moving-to-a-small-town-53070/
https://www.bobvila.com/articles/latex-vs-memory-foam/,https://www.bobvila.com/slideshow/12-things-no-one-tells-you-when-you-re-buying-a-mattress-51508/
https://www.bobvila.com/articles/plush-vs-firm-mattress/,https://www.bobvila.com/slideshow/12-things-no-one-tells-you-when-you-re-buying-a-mattress-51508/
https://www.bobvila.com/slideshow/treehouse-envy-12-lofty-designs-45738/,https://www.bobvila.com/slideshow/12-unique-treehouse-ideas-for-your-backyard-580287
https://www.bobvila.com/slideshow/10-treehouses-you-can-book-on-airbnb-this-weekend-359951/,https://www.bobvila.com/slideshow/12-unique-treehouse-ideas-for-your-backyard-580287/
https://www.bobvila.com/slideshow/7-cool-concrete-planters-that-you-can-diy-579590/,https://www.bobvila.com/slideshow/13-creative-designs-for-easy-diy-planters-44352/
https://www.bobvila.com/slideshow/9-ways-to-maximize-storage-in-your-car-258760/,https://www.bobvila.com/slideshow/13-hacks-every-car-owner-should-know-51138
https://www.bobvila.com/articles/how-to-read-a-tire-sidewall/,https://www.bobvila.com/slideshow/13-hacks-every-car-owner-should-know-51138/
https://www.bobvila.com/slideshow/15-mistakes-most-people-make-when-selling-their-homes-themselves-53424/,https://www.bobvila.com/slideshow/13-mistakes-not-to-make-if-you-ever-want-to-sell-your-home-49763/
https://www.bobvila.com/slideshow/how-to-sell-your-house-in-a-sluggish-market-551531/,https://www.bobvila.com/slideshow/13-mistakes-not-to-make-if-you-ever-want-to-sell-your-home-49763/
https://www.bobvila.com/slideshow/8-times-to-accept-a-lowball-offer-51551/,https://www.bobvila.com/slideshow/13-mistakes-not-to-make-if-you-ever-want-to-sell-your-home-49763/
https://www.bobvila.com/slideshow/9-little-things-you-can-do-to-help-sell-your-house-47817/,https://www.bobvila.com/slideshow/13-mistakes-not-to-make-if-you-ever-want-to-sell-your-home-49763/
https://www.bobvila.com/slideshow/9-mistakes-not-to-make-when-selling-your-home-49174/,https://www.bobvila.com/slideshow/13-mistakes-not-to-make-if-you-ever-want-to-sell-your-home-49763/
https://www.bobvila.com/slideshow/12-secrets-every-savvy-home-seller-needs-to-know-50198/,https://www.bobvila.com/slideshow/13-mistakes-not-to-make-if-you-ever-want-to-sell-your-home-49763/
https://www.bobvila.com/slideshow/how-to-sell-your-house-when-there-s-a-pandemic-55110/,https://www.bobvila.com/slideshow/13-mistakes-not-to-make-if-you-ever-want-to-sell-your-home-49763/
https://www.bobvila.com/slideshow/14-cardinal-sins-of-staging-your-home-to-sell-52266/,https://www.bobvila.com/slideshow/13-simple-home-staging-tips-every-seller-should-know-42537/
https://www.bobvila.com/slideshow/10-home-staging-tips-for-your-outdoor-spaces-579460/,https://www.bobvila.com/slideshow/13-simple-home-staging-tips-every-seller-should-know-42537/
https://www.bobvila.com/articles/diy-ikea-headboard/,https://www.bobvila.com/slideshow/14-easy-ways-to-make-your-own-headboard-49510/
https://www.bobvila.com/slideshow/12-products-from-the-home-depot-that-will-instantly-boost-your-curb-appeal-580341/,https://www.bobvila.com/slideshow/14-insanely-easy-curb-appeal-projects-you-can-do-in-a-day-50318/
https://www.bobvila.com/slideshow/a-dozen-curb-appeal-tricks-that-don-t-cost-any-money-53282/,https://www.bobvila.com/slideshow/14-insanely-easy-curb-appeal-projects-you-can-do-in-a-day-50318/
https://www.bobvila.com/slideshow/7-quick-and-easy-diys-to-boost-your-home-s-curb-appeal-579787/,https://www.bobvila.com/slideshow/14-insanely-easy-curb-appeal-projects-you-can-do-in-a-day-50318/
https://www.bobvila.com/slideshow/7-smart-ways-to-save-water-in-the-yard-48742/,https://www.bobvila.com/slideshow/14-sneaky-ways-to-save-money-on-your-water-bill-49718/
https://www.bobvila.com/slideshow/14-small-towns-where-millionaires-flock-73030/,https://www.bobvila.com/slideshow/14-surprising-small-towns-the-stars-call-home-50745/
https://www.bobvila.com/articles/carbon-emissions-from-chores/,https://www.bobvila.com/slideshow/15-easy-ways-to-reduce-your-carbon-footprint-at-home-577581/
https://www.bobvila.com/slideshow/buying-a-fixer-upper-be-ready-for-these-9-costs-53412/,https://www.bobvila.com/slideshow/15-signs-that-fixer-upper-might-be-a-money-pit-50112/
https://www.bobvila.com/slideshow/12-unique-designs-for-diy-kitchen-islands-46738/,https://www.bobvila.com/slideshow/15-small-kitchen-island-ideas-that-inspire-52640/
https://www.bobvila.com/articles/best-kitchen-utensil-set/,https://www.bobvila.com/slideshow/15-smart-ways-to-store-the-kitchen-necessities-33794/
https://www.bobvila.com/slideshow/winterize-your-lawn-and-garden-in-7-steps-48029/,https://www.bobvila.com/slideshow/15-things-to-do-in-the-yard-before-the-first-frost-52343/
https://www.bobvila.com/slideshow/10-tips-for-creating-a-home-office-that-works-for-you-34432/,https://www.bobvila.com/slideshow/15-ways-to-personalize-your-home-office-for-the-ultimate-wfh-setup-579232/
https://www.bobvila.com/slideshow/30-budget-friendly-home-buys-and-diys-for-a-cozy-fall-51483/,https://www.bobvila.com/slideshow/15-ways-to-warm-up-to-outdoor-living-in-fall-52374/
https://www.bobvila.com/slideshow/10-small-towns-with-big-home-bargains-50574/,https://www.bobvila.com/slideshow/16-american-towns-every-old-house-lover-needs-to-see-50465/
https://www.bobvila.com/slideshow/9-lampshades-you-can-make-before-lights-out-44612/,https://www.bobvila.com/slideshow/16-brilliant-lighting-ideas-you-can-diy-on-a-dime-51001/
https://www.bobvila.com/slideshow/the-9-most-unconventional-ways-to-use-an-ikea-shelf-51248/,https://www.bobvila.com/slideshow/16-ingenious-ikea-hacks-4842/
https://www.bobvila.com/slideshow/8-wise-ways-to-winter-proof-your-home-for-practically-nothing-49601/,https://www.bobvila.com/slideshow/16-simple-tricks-to-stay-seriously-warm-this-winter-51801/
https://www.bobvila.com/slideshow/7-things-every-entryway-needs-48545/,https://www.bobvila.com/slideshow/17-design-inspirations-for-mudrooms-and-entryways-14692/
https://www.bobvila.com/slideshow/better-your-builder-grade-home-with-12-old-house-details-49835/,https://www.bobvila.com/slideshow/18-ways-to-make-your-new-house-look-old-47963/
https://www.bobvila.com/articles/never-compromise-on-these-5-things-when-buying-a-home/,https://www.bobvila.com/slideshow/19-red-flags-to-watch-out-for-when-buying-a-home-53080/
https://www.bobvila.com/slideshow/the-cheapest-fastest-fixes-for-10-everyday-home-headaches-50207/,https://www.bobvila.com/slideshow/20-cheap-home-repairs-that-could-save-you-thousands-50157/
https://www.bobvila.com/slideshow/1-dozen-ways-to-make-the-most-of-a-small-yard-47534/,https://www.bobvila.com/slideshow/20-tiny-backyards-we-love-50085/
https://www.bobvila.com/slideshow/12-space-saving-solutions-for-tiny-bedrooms-47532/,https://www.bobvila.com/slideshow/21-ways-to-make-a-small-bedroom-big-49838/
https://www.bobvila.com/slideshow/tiny-bedroom-ideas-with-huge-amounts-of-style-47469/,https://www.bobvila.com/slideshow/21-ways-to-make-a-small-bedroom-big-49838/
https://www.bobvila.com/slideshow/10-ways-to-dress-up-your-deck-for-100-or-less-580109/,https://www.bobvila.com/slideshow/23-design-ideas-to-make-your-deck-a-destination-49965/
https://www.bobvila.com/slideshow/small-ways-to-spruce-up-your-deck-that-will-make-a-big-difference-580396/,https://www.bobvila.com/slideshow/23-design-ideas-to-make-your-deck-a-destination-49965/
https://www.bobvila.com/slideshow/get-your-fix-20-easy-diy-repairs-for-every-part-of-your-home-50920/,https://www.bobvila.com/slideshow/25-insanely-easy-60-minute-home-improvements-46272/
https://www.bobvila.com/articles/261-60-minute-diy-projects/,https://www.bobvila.com/slideshow/25-insanely-easy-60-minute-home-improvements-46272/
https://www.bobvila.com/slideshow/14-easy-diy-living-room-updates-anyone-can-do-in-a-day-51085/,https://www.bobvila.com/slideshow/25-insanely-easy-60-minute-home-improvements-46272/
https://www.bobvila.com/slideshow/keep-your-green-thumb-going-this-winter-with-a-garden-tower-577991/,https://www.bobvila.com/slideshow/25-ways-to-enjoy-your-garden-this-winter-52593
https://www.bobvila.com/slideshow/10-zero-dollar-storage-hacks-47719/,https://www.bobvila.com/slideshow/28-insanely-clever-ways-to-beat-clutter-50146/
https://www.bobvila.com/slideshow/11-easy-diy-projects-to-declutter-your-home-48761/,https://www.bobvila.com/slideshow/28-insanely-clever-ways-to-beat-clutter-50146/
https://www.bobvila.com/slideshow/11-crazy-jack-o-lanterns-to-really-give-you-the-creeps-46350/,https://www.bobvila.com/slideshow/29-bewitching-ways-to-decorate-a-pumpkin-49414/
https://www.bobvila.com/slideshow/12-mistakes-that-make-your-kitchen-more-attractive-to-bugs-52298/,https://www.bobvila.com/slideshow/30-things-in-your-house-that-are-attracting-bugs-and-rodents-256845/
https://www.bobvila.com/slideshow/10-reasons-bugs-love-your-home-51428/,https://www.bobvila.com/slideshow/30-things-in-your-house-that-are-attracting-bugs-and-rodents-256845/
https://www.bobvila.com/slideshow/15-things-to-remember-when-on-the-hunt-for-a-new-home-53329/,https://www.bobvila.com/slideshow/30-things-to-remember-when-on-the-hunt-for-a-new-home-52732/
https://www.bobvila.com/slideshow/10-ways-to-decorate-your-xmas-tree-for-under-10-51635/,https://www.bobvila.com/slideshow/30-vintage-christmas-ideas-worth-bringing-back-50693/
https://www.bobvila.com/slideshow/12-christmas-tree-decorating-fails-51706/,https://www.bobvila.com/slideshow/30-vintage-christmas-ideas-worth-bringing-back-50693/
https://www.bobvila.com/slideshow/15-insanely-easy-ways-to-decorate-for-the-holidays-49598/,https://www.bobvila.com/slideshow/30-vintage-christmas-ideas-worth-bringing-back-50693/
https://www.bobvila.com/articles/holiday-movie-decoration-themes/,https://www.bobvila.com/slideshow/30-vintage-christmas-ideas-worth-bringing-back-50693/
https://www.bobvila.com/articles/how-to-conserve-water-home-products/,https://www.bobvila.com/slideshow/30-water-saving-habits-to-start-right-now-52932/
https://www.bobvila.com/slideshow/12-ways-you-re-wasting-water-at-home-53250/,https://www.bobvila.com/slideshow/30-water-saving-habits-to-start-right-now-52932/
https://www.bobvila.com/articles/52-unexpected-and-amazing-ways-to-decorate-pumpkins/,https://www.bobvila.com/slideshow/35-easy-painted-pumpkins-to-perk-up-your-halloween-46315/
https://www.bobvila.com/articles/curb-appeal-lessons-from-a-garage-makeover/,https://www.bobvila.com/slideshow/5-garage-makeovers-that-will-inspire-your-own-52954/
https://www.bobvila.com/slideshow/cult-favorites-9-top-rated-amazon-products-that-homeowners-swear-by-51621/,https://www.bobvila.com/slideshow/50-products-for-quick-fixes-around-the-house-51986/
https://www.bobvila.com/slideshow/the-10-best-lake-towns-in-the-u-s-580116/,https://www.bobvila.com/slideshow/50-tiny-towns-that-attract-hordes-of-tourists-every-year-52278/
https://www.bobvila.com/slideshow/guy-stuff-10-must-haves-for-the-ultimate-garage-makeover-46199/,https://www.bobvila.com/slideshow/7-things-every-great-garage-needs-48631/
https://www.bobvila.com/slideshow/8-ways-to-stop-hating-your-floor-without-replacing-it-48051/,https://www.bobvila.com/slideshow/7-ways-to-live-with-carpet-when-you-can-t-rip-it-out-151718/
https://www.bobvila.com/articles/296-creating-the-ultimate-garage-workshop/,https://www.bobvila.com/slideshow/7-ways-to-set-up-your-home-workshop-48197/
https://www.bobvila.com/articles/best-kids-loft-bed-with-desk/,https://www.bobvila.com/slideshow/8-space-saving-loft-bed-ideas-for-cramped-quarters-48056/
https://www.bobvila.com/articles/genius-diy-loft-bed/,https://www.bobvila.com/slideshow/8-space-saving-loft-bed-ideas-for-cramped-quarters-48056/
https://www.bobvila.com/articles/diy-plumbing-pipe-console-table/,https://www.bobvila.com/slideshow/9-cool-projects-you-can-make-with-pipe-and-fittings-52164/
https://www.bobvila.com/slideshow/9-things-you-never-thought-you-could-diy-but-definitely-can-577402/,https://www.bobvila.com/slideshow/9-cool-projects-you-can-make-with-pipe-and-fittings-52164/
https://www.bobvila.com/slideshow/bob-vila-s-holiday-gift-guide-for-tool-lovers-21409/,https://www.bobvila.com/slideshow/9-gifts-for-the-tool-nut-who-has-it-all-48267/
https://www.bobvila.com/articles/10-ways-to-use-your-cordless-drilldriver/,https://www.bobvila.com/slideshow/9-handy-uses-for-your-cordless-drill-driver-47827/
https://www.bobvila.com/slideshow/make-a-splash-10-stunning-backyard-ponds-to-enhance-any-landscape-47188/,https://www.bobvila.com/slideshow/9-relaxing-pond-waterfall-ideas-for-your-backyard-580382
https://www.bobvila.com/articles/backyard-ponds-planning-guide/,https://www.bobvila.com/slideshow/9-relaxing-pond-waterfall-ideas-for-your-backyard-580382/
https://www.bobvila.com/articles/front-door-replacement/,https://www.bobvila.com/slideshow/9-relaxing-pond-waterfall-ideas-for-your-backyard-580382/
https://www.bobvila.com/slideshow/9-dangers-lurking-in-your-home-s-water-supply-53304/,https://www.bobvila.com/slideshow/9-signs-your-tap-water-might-be-contaminated-51820/
https://www.bobvila.com/slideshow/multiple-personalities-10-fantastically-flexible-spaces-in-today-s-home-46779/,https://www.bobvila.com/slideshow/9-space-smart-ways-to-fit-two-rooms-in-one-49306/
https://www.bobvila.com/articles/how-to-finance-an-rv/,https://www.bobvila.com/slideshow/9-things-no-one-tells-you-about-owning-an-rv-578350/
https://www.bobvila.com/articles/what-type-of-insurance-does-an-rv-need/,https://www.bobvila.com/slideshow/9-things-no-one-tells-you-about-owning-an-rv-578350/
https://www.bobvila.com/articles/how-much-is-rv-insurance/,https://www.bobvila.com/slideshow/9-things-no-one-tells-you-about-owning-an-rv-578350/
https://www.bobvila.com/slideshow/35-ways-to-decorate-for-fall-when-you-re-sick-of-pumpkins-53054/,https://www.bobvila.com/slideshow/9-ways-to-decorate-with-pumpkins-indoors-and-out-580591/
https://www.bobvila.com/articles/air-leak-test/,https://www.bobvila.com/slideshow/are-your-windows-drafty-try-these-12-solutions-for-every-budget-48200/
https://www.bobvila.com/slideshow/10-genius-gadgets-to-bring-on-your-next-road-trip-51737/,https://www.bobvila.com/slideshow/best-car-accessories-19-gadgets-your-ride-really-needs-50779/
https://www.bobvila.com/articles/affordable-gifts-for-car-lovers/,https://www.bobvila.com/slideshow/best-car-accessories-19-gadgets-your-ride-really-needs-50779/
https://www.bobvila.com/articles/best-furniture-deals/,https://www.bobvila.com/slideshow/beyond-ikea-10-other-places-to-get-affordable-furniture-48281/
https://www.bobvila.com/slideshow/make-your-own-ipad-stand-10-cheap-and-clever-ideas-44411/,https://www.bobvila.com/slideshow/bob-vila-s-best-diy-projects-for-beginners-49276/
https://www.bobvila.com/slideshow/banish-boredom-with-7-kid-friendly-diy-projects-48316/,https://www.bobvila.com/slideshow/bob-vila-s-best-diy-projects-for-beginners-49276/
https://www.bobvila.com/articles/diy-teepee/,https://www.bobvila.com/slideshow/bob-vila-s-best-diy-projects-for-beginners-49276/
https://www.bobvila.com/articles/diy-bookends/,https://www.bobvila.com/slideshow/bob-vila-s-best-diy-projects-for-beginners-49276/
https://www.bobvila.com/slideshow/10-ways-to-go-crazy-for-concrete-48771/,https://www.bobvila.com/slideshow/cement-your-place-in-diy-history-with-these-9-easy-concrete-projects-44683/
https://www.bobvila.com/slideshow/8-backyard-projects-that-start-with-a-bag-of-concrete-51081/,https://www.bobvila.com/slideshow/cement-your-place-in-diy-history-with-these-9-easy-concrete-projects-44683/
https://www.bobvila.com/slideshow/these-10-everyday-items-create-unbelievable-concrete-designs-51175/,https://www.bobvila.com/slideshow/cement-your-place-in-diy-history-with-these-9-easy-concrete-projects-44683/
https://www.bobvila.com/slideshow/7-smartphone-apps-for-emergencies-that-you-need-to-download-right-now-580580/,https://www.bobvila.com/slideshow/hello-homeowners-the-8-most-useful-apps-for-your-phone-51878/
https://www.bobvila.com/articles/how-to-remove-coffee-stains/,https://www.bobvila.com/slideshow/holiday-stain-removal-guide-how-to-rub-out-coffee-gravy-wax-and-more-49493/
https://www.bobvila.com/articles/appliance-care/,https://www.bobvila.com/slideshow/how-to-clean-every-appliance-in-your-home-48401/
https://www.bobvila.com/articles/how-to-clean-a-pizza-stone/,https://www.bobvila.com/slideshow/how-to-clean-everything-41401/
https://www.bobvila.com/articles/how-to-clean-jewelry/,https://www.bobvila.com/slideshow/how-to-clean-everything-41401/
https://www.bobvila.com/slideshow/8-nearly-invisible-laundry-rooms-48407/,https://www.bobvila.com/slideshow/how-to-make-any-room-into-a-laundry-room-47587/
https://www.bobvila.com/slideshow/these-curb-appeal-makeovers-all-share-1-thing-in-common-55080/,https://www.bobvila.com/slideshow/instant-curb-appeal-15-fast-facade-fix-ups-47248/
https://www.bobvila.com/slideshow/20-big-beautiful-airbnbs-for-planning-a-trip-with-the-whole-family-52715/,https://www.bobvila.com/slideshow/love-old-houses-these-are-the-15-airbnbs-for-you-51937/
https://www.bobvila.com/articles/best-airbnb-florida/,https://www.bobvila.com/slideshow/love-old-houses-these-are-the-15-airbnbs-for-you-51937/
https://www.bobvila.com/articles/best-airbnb-california/,https://www.bobvila.com/slideshow/love-old-houses-these-are-the-15-airbnbs-for-you-51937/
https://www.bobvila.com/articles/diy-folding-table/,https://www.bobvila.com/slideshow/made-from-scratch-25-diy-dining-tables-52600/
https://www.bobvila.com/slideshow/11-easy-aesthetic-updates-that-can-help-sell-your-house-for-top-dollar-579586/,https://www.bobvila.com/slideshow/putting-your-home-on-the-market-make-these-10-fixes-first-580480/
https://www.bobvila.com/articles/not-ready-to-sell-house/,https://www.bobvila.com/slideshow/putting-your-home-on-the-market-make-these-10-fixes-first-580480/
https://www.bobvila.com/slideshow/the-best-and-worst-things-you-can-do-before-an-open-house-50130/,https://www.bobvila.com/slideshow/ready-to-sell-17-things-to-do-first-49959/
https://www.bobvila.com/slideshow/10-projects-to-do-if-you-plan-to-sell-your-home-this-year-53244/,https://www.bobvila.com/slideshow/ready-to-sell-17-things-to-do-first-49959/
https://www.bobvila.com/articles/diy-canopy-bed/,https://www.bobvila.com/slideshow/sweet-dreams-15-inventive-beds-you-can-make-yourself-45808/
https://www.bobvila.com/slideshow/10-things-you-can-and-should-buy-used-on-amazon-53092/,https://www.bobvila.com/slideshow/the-10-best-things-to-buy-secondhand-48045/
https://www.bobvila.com/slideshow/8-things-you-need-if-you-hate-doing-laundry-52605/,https://www.bobvila.com/slideshow/the-13-best-things-you-can-buy-for-your-laundry-room-for-under-50-51088/
https://www.bobvila.com/articles/best-irons/,https://www.bobvila.com/slideshow/the-13-best-things-you-can-buy-for-your-laundry-room-for-under-50-51088/
https://www.bobvila.com/slideshow/15-sneaky-tricks-to-double-your-storage-space-50038/,https://www.bobvila.com/slideshow/the-21-sneakiest-storage-spots-we-ve-ever-seen-53015/
https://www.bobvila.com/slideshow/start-fresh-10-essentials-for-an-organized-entryway-48932/,https://www.bobvila.com/slideshow/the-30-easiest-organizing-tasks-ever-52699/
https://www.bobvila.com/articles/best-drawer-organizers/,https://www.bobvila.com/slideshow/the-best-organizers-to-buy-for-under-5-15-and-25-50756
https://www.bobvila.com/slideshow/12-fall-landscaping-mistakes-to-know-and-avoid-53089/,https://www.bobvila.com/slideshow/the-best-things-you-can-do-for-your-yard-this-fall-51384/
https://www.bobvila.com/slideshow/25-tiny-towns-to-visit-for-a-glimpse-at-how-we-used-to-live-51842/,https://www.bobvila.com/slideshow/the-best-tiny-town-in-every-state-51288/
https://www.bobvila.com/slideshow/the-best-small-town-inns-in-all-50-states-51731/,https://www.bobvila.com/slideshow/the-best-tiny-town-in-every-state-51288/
https://www.bobvila.com/articles/winterizing-your-patio-furniture/,https://www.bobvila.com/slideshow/the-dos-and-don-ts-of-cleaning-patio-furniture-52874/
https://www.bobvila.com/articles/these-earthy-color-palettes-are-as-breathtaking-as-the-national-parks-that-inspired-them/,https://www.bobvila.com/slideshow/the-most-popular-paint-colors-in-america-51672/
https://www.bobvila.com/articles/bluestone-walkway/,https://www.bobvila.com/slideshow/these-17-stone-walkways-are-simple-to-diy-2410/
https://www.bobvila.com/slideshow/9-worth-every-penny-upgrades-for-the-hardworking-parts-of-your-home-49744/,https://www.bobvila.com/slideshow/these-eco-friendly-home-upgrades-offer-the-best-roi-579505/
https://www.bobvila.com/slideshow/7-new-ways-to-use-old-windows-48675/,https://www.bobvila.com/slideshow/trash-to-treasure-14-creative-ways-to-make-good-use-of-old-stuff-45831/
https://www.bobvila.com/slideshow/garage-doors-repurposed-9-innovative-design-uses-47137/,https://www.bobvila.com/slideshow/trash-to-treasure-14-creative-ways-to-make-good-use-of-old-stuff-45831/
https://www.bobvila.com/slideshow/9-creative-uses-for-old-paint-cans-46062/,https://www.bobvila.com/slideshow/trash-to-treasure-14-creative-ways-to-make-good-use-of-old-stuff-45831/
https://www.bobvila.com/slideshow/10-artful-uses-for-old-frames-48904/,https://www.bobvila.com/slideshow/trash-to-treasure-14-creative-ways-to-make-good-use-of-old-stuff-45831/
https://www.bobvila.com/articles/diy-file-cabinet-projects/,https://www.bobvila.com/slideshow/trash-to-treasure-14-creative-ways-to-make-good-use-of-old-stuff-45831/
https://www.bobvila.com/slideshow/all-aboard-9-railroad-cars-converted-into-homes-47634/,https://www.bobvila.com/slideshow/weird-or-wonderful-22-homes-that-are-anything-but-ordinary-51432/
https://www.bobvila.com/slideshow/14-of-the-coolest-and-quirkiest-mobile-homes-you-can-rent-on-airbnb-52362/,https://www.bobvila.com/slideshow/weird-or-wonderful-22-homes-that-are-anything-but-ordinary-51432/
https://www.bobvila.com/slideshow/12-unconventional-homes-inspired-by-nature-44310/,https://www.bobvila.com/slideshow/weird-or-wonderful-22-homes-that-are-anything-but-ordinary-51432/
https://www.bobvila.com/slideshow/13-powder-room-ideas-that-wow-580155/,https://www.bobvila.com/articles/tiny-bathroom-ideas/
https://www.bobvila.com/articles/mini-duct-hvac/,https://www.bobvila.com/articles/choosing-a-high-velocity-hvac-system/
https://www.bobvila.com/articles/2130-the-thickness-planer/,https://www.bobvila.com/articles/thickness-planer/
https://www.bobvila.com/articles/30124-dream-it-do-it-how-to-paint-wood-furniture/,https://www.bobvila.com/articles/how-to-paint-furniture-for-beginners/
https://www.bobvila.com/articles/best-dish-sponge/,https://www.bobvila.com/articles/best-products-to-streamline-cleaning/
https://www.bobvila.com/articles/best-disposable-gloves/,https://www.bobvila.com/articles/best-products-to-streamline-cleaning/
https://www.bobvila.com/articles/best-hvac-multimeter/,https://www.bobvila.com/articles/best-multimeter/
https://www.bobvila.com/articles/best-solar-companies-in-florida/,https://www.bobvila.com/articles/best-solar-companies/
https://www.bobvila.com/slideshow/cheap-thrills-15-favorite-amazon-buys-for-under-5-51435/,https://www.bobvila.com/articles/best-products-for-quick-home-fixes/
https://www.bobvila.com/articles/best-essential-oils-for-cleaning/,https://www.bobvila.com/articles/best-products-to-streamline-cleaning/
https://www.bobvila.com/articles/how-to-rewire-a-lamp/,https://www.bobvila.com/slideshow/50-things-every-homeowner-should-know-how-to-do-46782/
https://www.bobvila.com/articles/replacing-carpet-with-tile/,https://www.bobvila.com/articles/removing-carpet/
https://www.bobvila.com/articles/how-to-spackle-exterior-siding/,https://www.bobvila.com/articles/how-to-spackle/
https://www.bobvila.com/articles/263-basement-storage-ideas/,https://www.bobvila.com/slideshow/the-do-s-and-dont-s-of-basement-storage-49310/
https://www.bobvila.com/slideshow/7-everyday-objects-you-never-thought-to-hang-48139/,https://www.bobvila.com/articles/wall-decor-ideas/
https://www.bobvila.com/articles/best-dishwasher-detergent/,https://www.bobvila.com/articles/best-natural-dishwasher-detergent/
https://www.bobvila.com/articles/best-dishwashing-gloves-reviews/,https://www.bobvila.com/articles/best-products-to-streamline-cleaning/
https://www.bobvila.com/articles/best-dryer-sheets/,https://www.bobvila.com/slideshow/the-13-best-things-you-can-buy-for-your-laundry-room-for-under-50-51088/
https://www.bobvila.com/articles/best-outdoor-bar-carts/,https://www.bobvila.com/articles/best-outdoor-furniture-brands/       
https://www.bobvila.com/articles/best-shoe-rack/,https://www.bobvila.com/articles/best-over-the-door-shoe-rack/
https://www.bobvila.com/articles/best-worm-composters/,https://www.bobvila.com/articles/vermicomposting/
https://www.bobvila.com/articles/2041-the-second-empire-house/,https://www.bobvila.com/articles/339-know-your-house-styles/
https://www.bobvila.com/slideshow/7-signs-your-house-needs-new-siding-49353/,https://www.bobvila.com/articles/when-to-replace-siding/
https://www.bobvila.com/articles/best-dust-masks/,https://www.bobvila.com/articles/diy-projects-with-n95-mask/
https://www.bobvila.com/articles/best-lawn-care-scheduling-software/,https://www.bobvila.com/articles/month-by-month-lawn-care-calendar/
https://www.bobvila.com/slideshow/7-seriously-surprising-spots-for-a-fireplace-46627/,https://www.bobvila.com/slideshow/12-beautiful-diy-fireplace-ideas-578461/