https://www.bobvila.com/articles/best-drawer-dishwashers/,https://bobvila.com/articles/buyers-guide-best-dishwashers/
https://www.bobvila.com/articles/foundation-inspection-cost/,https://bobvila.com/articles/foundation-inspection/
https://www.bobvila.com/articles/how-to-choose-a-radiant-heat-system/,https://ww.bobvila.com/articles/2161-radiant-floor-heating-101/
https://www.bobvila.com/slideshow/trending-now-metal-roofs-15329/,https://www.bobvila.com/articles/11370-metal-roofs-101/
https://www.bobvila.com/slideshow/your-top-10-bathroom-dilemmas-solved-50501/,https://www.bobvila.com/articles/15445-the-basics-of-bathroom-design/
https://www.bobvila.com/articles/1277-bevel-gauge/,https://www.bobvila.com/articles/2069-woodworking-gauges/
https://www.bobvila.com/articles/how-to-build-a-winding-staircase/,https://www.bobvila.com/articles/2118-how-to-build-stairs/
https://www.bobvila.com/articles/zoned-radiant-floor-heating/,https://www.bobvila.com/articles/2161-radiant-floor-heating-101/
https://www.bobvila.com/articles/radiant-heat-flooring/,https://www.bobvila.com/articles/2161-radiant-floor-heating-101/
https://www.bobvila.com/articles/replace-windows-in-summer/,https://www.bobvila.com/articles/2505-replacement-windows-101/
https://www.bobvila.com/slideshow/10-cool-shipping-container-homes-44304/,https://www.bobvila.com/articles/316-home-sweet-container/
https://www.bobvila.com/articles/spring-clean-garden-tools/,https://www.bobvila.com/articles/3676-how-to-care-for-garden-tools/
https://www.bobvila.com/articles/654-where-to-live-when-you-renovate/,https://www.bobvila.com/articles/416-live-in-or-move-out-the-remodeling-dilemma/
https://www.bobvila.com/articles/413-child-safety-during-home-renovations/,https://www.bobvila.com/articles/420-childproofing-checklist/
https://www.bobvila.com/articles/adding-central-air/,https://www.bobvila.com/articles/439-new-air-conditioning-for-old-houses/
https://www.bobvila.com/slideshow/your-guide-to-spring-cleaning-your-home-s-exterior-48766/,https://www.bobvila.com/articles/491-going-green-and-keeping-clean-outdoor-edition/
https://www.bobvila.com/articles/staining-cedar-siding/,https://www.bobvila.com/articles/500-wood-siding-options/
https://www.bobvila.com/slideshow/10-reasons-to-consider-switching-to-smart-light-bulbs-52999/,https://www.bobvila.com/articles/a-beginners-guide-to-home-automation/
https://www.bobvila.com/articles/home-health-room/,https://www.bobvila.com/articles/aging-in-place-design-tips/
https://www.bobvila.com/articles/air-conditioner-troubleshooting/,https://www.bobvila.com/articles/air-conditioner-not-cooling/
https://www.bobvila.com/articles/best-propane-lantern/,https://www.bobvila.com/articles/backyard-camping/
https://www.bobvila.com/articles/best-camping-gear/,https://www.bobvila.com/articles/backyard-camping/
https://www.bobvila.com/articles/gifts-for-campers/,https://www.bobvila.com/articles/backyard-camping/
https://www.bobvila.com/articles/best-headlamp/,https://www.bobvila.com/articles/backyard-camping/
https://www.bobvila.com/articles/outdoor-room-design/,https://www.bobvila.com/articles/backyard-landscaping-ideas/
https://www.bobvila.com/articles/348-creating-privacy-through-landscaping/,https://www.bobvila.com/articles/backyard-privacy-ideas/
https://www.bobvila.com/articles/installing-bamboo-flooring/,https://www.bobvila.com/articles/bamboo-flooring-cost/
https://www.bobvila.com/slideshow/barn-again-breathing-new-life-into-11-old-barns-47285/,https://www.bobvila.com/articles/barndominium/
https://www.bobvila.com/articles/pro-tips-basement-waterproofing/,https://www.bobvila.com/articles/basement-waterproofing/
https://www.bobvila.com/articles/bathroom-remodel-cost-baltimore/,https://www.bobvila.com/articles/bathroom-remodel-cost/
https://www.bobvila.com/articles/what-is-feng-shui/,https://www.bobvila.com/articles/bedroom-feng-shui-ideas/
https://www.bobvila.com/articles/best-adjustable-bed/,https://www.bobvila.com/articles/best-adjustable-bed-frames/
https://www.bobvila.com/articles/best-air-conditioner-deals/,https://www.bobvila.com/articles/best-air-conditioner-brands/
https://www.bobvila.com/articles/air-conditioner-size/,https://www.bobvila.com/articles/best-air-conditioner/
https://www.bobvila.com/articles/amazon-air-purifier-sale/,https://www.bobvila.com/articles/best-air-purifiers/
https://www.bobvila.com/slideshow/11-real-reasons-to-consider-fake-grass-48963/,https://www.bobvila.com/articles/best-artificial-grass/
https://www.bobvila.com/slideshow/the-15-best-lawn-games-to-play-this-summer-52949/,https://www.bobvila.com/articles/best-backyard-games/
https://www.bobvila.com/articles/how-to-choose-an-exhaust-fan/,https://www.bobvila.com/articles/best-bathroom-fan/
https://www.bobvila.com/articles/how-to-organize-medicine-cabinet/,https://www.bobvila.com/articles/best-bathroom-storage-organizers/
https://www.bobvila.com/slideshow/10-smart-storage-tricks-for-a-tiny-bathroom-49131/,https://www.bobvila.com/articles/best-bathroom-storage-organizers/
https://www.bobvila.com/articles/bathroom-cabinets/,https://www.bobvila.com/articles/best-bathroom-storage-organizers/
https://www.bobvila.com/articles/best-deep-pocket-sheets/,https://www.bobvila.com/articles/best-bed-sheets/
https://www.bobvila.com/articles/what-is-a-bidet/,https://www.bobvila.com/articles/best-bidet/
https://www.bobvila.com/articles/amazon-viral-deals/,https://www.bobvila.com/articles/best-buys-amazon-under-50-dollars/
https://www.bobvila.com/articles/replacing-kitchen-cabinet-hardware/,https://www.bobvila.com/articles/best-cabinet-hardware/
https://www.bobvila.com/slideshow/cabinet-hardware-10-styles-to-invigorate-your-kitchen-34774/,https://www.bobvila.com/articles/best-cabinet-hardware/
https://www.bobvila.com/articles/best-chainsaw-for-cutting-firewood/,https://www.bobvila.com/articles/best-chainsaws/
https://www.bobvila.com/articles/best-halloween-projectors/,https://www.bobvila.com/articles/best-christmas-light-projector/
https://www.bobvila.com/articles/best-garage-cleaning-services/,https://www.bobvila.com/articles/best-cleaning-services/
https://www.bobvila.com/articles/best-mattress-cleaning-services/,https://www.bobvila.com/articles/best-cleaning-services/
https://www.bobvila.com/articles/best-closet-systems/,https://www.bobvila.com/articles/best-closet-design-companies/
https://www.bobvila.com/articles/best-vacuum-for-pet-hair/,https://www.bobvila.com/articles/best-cordless-vacuum-for-pet-hair/
https://www.bobvila.com/slideshow/editors-picks-10-favorite-sofas-under-1-000-50384/,https://www.bobvila.com/articles/best-couches-under-1000/
https://www.bobvila.com/articles/best-couches/,https://www.bobvila.com/articles/best-couches-under-1000/
https://www.bobvila.com/articles/sofas-under-500/,https://www.bobvila.com/articles/best-couches-under-1000/
https://www.bobvila.com/articles/best-futon/,https://www.bobvila.com/articles/best-couches-under-1000/
https://www.bobvila.com/articles/best-portable-dishwasher/,https://www.bobvila.com/articles/best-countertop-dishwashers/
https://www.bobvila.com/articles/thompsons-waterseal-waterpoofing-stain/,https://www.bobvila.com/articles/best-deck-stain/
https://www.bobvila.com/articles/480-drill-bits-for-different-jobs/,https://www.bobvila.com/articles/best-drill-bits/
https://www.bobvila.com/articles/best-coffee-maker/,https://www.bobvila.com/articles/best-dual-coffee-maker/
https://www.bobvila.com/articles/eco-friendly-cleaning-products/,https://www.bobvila.com/articles/best-eco-friendly-products
https://www.bobvila.com/articles/engineered-wood-floors/,https://www.bobvila.com/articles/best-engineered-wood-flooring/
https://www.bobvila.com/articles/best-white-noise-machines/,https://www.bobvila.com/articles/best-fan-for-white-noise/
https://www.bobvila.com/articles/best-desk-fan/,https://www.bobvila.com/articles/best-fans/
https://www.bobvila.com/articles/best-cheap-fire-pits/,https://www.bobvila.com/articles/best-fire-pit/
https://www.bobvila.com/articles/best-small-flashlight/,https://www.bobvila.com/articles/best-flashlight/
https://www.bobvila.com/articles/best-coat-rack/,https://www.bobvila.com/articles/best-furniture-brands/
https://www.bobvila.com/slideshow/14-coffee-tables-for-150-or-less-51473/,https://www.bobvila.com/articles/best-furniture-brands/
https://www.bobvila.com/articles/best-bar-stools/,https://www.bobvila.com/articles/best-furniture-brands/
https://www.bobvila.com/articles/best-coffee-tables/,https://www.bobvila.com/articles/best-furniture-brands/
https://www.bobvila.com/articles/best-nightstands/,https://www.bobvila.com/articles/best-furniture-brands/
https://www.bobvila.com/articles/best-tv-stands/,https://www.bobvila.com/articles/best-furniture-brands/
https://www.bobvila.com/articles/best-smart-garage-door-opener/,https://www.bobvila.com/articles/best-garage-door-openers/
https://www.bobvila.com/slideshow/12-multitasking-tools-that-will-tackle-all-your-yard-care-580030/,https://www.bobvila.com/articles/best-gardening-tools/
https://www.bobvila.com/slideshow/10-tools-every-lazy-gardener-needs-53388/,https://www.bobvila.com/articles/best-gardening-tools/
https://www.bobvila.com/slideshow/get-grilling-10-best-grills-under-100-47655/,https://www.bobvila.com/articles/best-gas-grills-under-500/
https://www.bobvila.com/slideshow/10-ways-to-buy-your-garden-on-the-internet-50957/,https://www.bobvila.com/articles/best-gifts-for-beginner-gardeners/
https://www.bobvila.com/articles/best-drones-for-real-estate/,https://www.bobvila.com/articles/best-gifts-for-realtors/
https://www.bobvila.com/articles/gifts-for-outdoorsmen/,https://www.bobvila.com/articles/best-gifts-under-50/
https://www.bobvila.com/articles/best-engraved-gifts/,https://www.bobvila.com/articles/best-gifts-under-50/
https://www.bobvila.com/articles/best-gifts-for-homebodies/,https://www.bobvila.com/articles/best-gifts-under-50/
https://www.bobvila.com/articles/best-travel-gifts/,https://www.bobvila.com/articles/best-gifts-under-50/
https://www.bobvila.com/articles/best-gifts-under-100-for-valentines-day-in/,https://www.bobvila.com/articles/best-gifts-under-50/
https://www.bobvila.com/slideshow/the-cheapest-gifts-from-the-fanciest-home-brands-51692/,https://www.bobvila.com/articles/best-gifts-under-50/
https://www.bobvila.com/slideshow/15-super-cool-holiday-gifts-to-get-before-they-re-gone-51567/,https://www.bobvila.com/articles/best-gifts-under-50/
https://www.bobvila.com/articles/gifts-for-interior-design-lovers/,https://www.bobvila.com/articles/best-gifts-under-50/
https://www.bobvila.com/articles/best-grill-tongs/,https://www.bobvila.com/articles/best-grill-tool-set/
https://www.bobvila.com/articles/grilling-products-tips/,https://www.bobvila.com/articles/best-grill-tool-set/
https://www.bobvila.com/slideshow/17-new-essentials-for-your-best-ever-bbq-50005/,https://www.bobvila.com/articles/best-grilling-accessories/
https://www.bobvila.com/articles/avoid-gutter-cleaning-forever-after-this-one-improvement/,https://www.bobvila.com/articles/best-gutter-guards/
https://www.bobvila.com/articles/hocus-pocus-cottage-decor-dupes/,https://www.bobvila.com/articles/best-halloween-decorations/
https://www.bobvila.com/slideshow/see-how-the-home-depot-topped-last-year-s-12-foot-skeleton-halloween-decoration-580469/,https://www.bobvila.com/articles/best-halloween-decorations/
https://www.bobvila.com/articles/2092-rabbet-planes/,https://www.bobvila.com/articles/best-hand-plane/
https://www.bobvila.com/slideshow/15-handy-things-to-get-at-home-depot-for-under-15-50217/,https://www.bobvila.com/articles/best-holiday-gifts-at-home-depot/
https://www.bobvila.com/articles/best-home-depot-tool-deals/,https://www.bobvila.com/articles/best-home-depot-tools/
https://www.bobvila.com/articles/best-office-furniture-deals/,https://www.bobvila.com/articles/best-home-office-essentials/
https://www.bobvila.com/articles/what-to-look-for-in-a-home-security-camera-system/,https://www.bobvila.com/articles/best-home-security-systems/
https://www.bobvila.com/slideshow/9-worth-it-home-services-and-subscriptions-that-give-you-bang-for-your-buck-52251/,https://www.bobvila.com/articles/best-home-services/
https://www.bobvila.com/articles/best-trash-can-cleaning-services/,https://www.bobvila.com/articles/best-home-services/
https://www.bobvila.com/articles/best-photo-printing-services/,https://www.bobvila.com/articles/best-home-services/
https://www.bobvila.com/articles/best-roof-cleaning-services/,https://www.bobvila.com/articles/best-home-services/
https://www.bobvila.com/articles/best-toilet-paper-delivery-service/,https://www.bobvila.com/articles/best-home-services/
https://www.bobvila.com/articles/virtual-staging/,https://www.bobvila.com/articles/best-home-staging-companies/
https://www.bobvila.com/articles/wi-fi-thermostats/,https://www.bobvila.com/articles/best-home-thermostat/
https://www.bobvila.com/articles/549-what-s-my-house-worth/,https://www.bobvila.com/articles/best-home-value-estimator/
https://www.bobvila.com/articles/best-home-warranty-companies-in-michigan/,https://www.bobvila.com/articles/best-home-warranty-companies/
https://www.bobvila.com/articles/best-home-warranty-washington-state/,https://www.bobvila.com/articles/best-home-warranty-companies/
https://www.bobvila.com/articles/best-home-warranties-for-condo/,https://www.bobvila.com/articles/best-home-warranty-companies/
https://www.bobvila.com/articles/best-home-warranty-louisiana/,https://www.bobvila.com/articles/best-home-warranty-companies/
https://www.bobvila.com/articles/best-home-warranty-oklahoma/,https://www.bobvila.com/articles/best-home-warranty-companies/
https://www.bobvila.com/articles/best-home-warranty-companies-in-dallas/,https://www.bobvila.com/articles/best-home-warranty-companies/
https://www.bobvila.com/articles/best-home-warranty-companies-georgia/,https://www.bobvila.com/articles/best-home-warranty-companies/
https://www.bobvila.com/articles/best-home-warranty-companies-in-pennsylvania/,https://www.bobvila.com/articles/best-home-warranty-companies/
https://www.bobvila.com/articles/best-home-warranty-companies-in-tennessee/,https://www.bobvila.com/articles/best-home-warranty-companies/
https://www.bobvila.com/articles/best-home-warranty-for-pool-coverage/,https://www.bobvila.com/articles/best-home-warranty-companies/
https://www.bobvila.com/articles/best-home-warranty-companies-arizona/,https://www.bobvila.com/articles/best-home-warranty-companies/
https://www.bobvila.com/articles/best-home-warranty-companies-in-virginia/,https://www.bobvila.com/articles/best-home-warranty-companies/
https://www.bobvila.com/articles/best-home-warranty-companies-in-missouri/,https://www.bobvila.com/articles/best-home-warranty-companies/
https://www.bobvila.com/articles/best-home-warranty-companies-las-vegas/,https://www.bobvila.com/articles/best-home-warranty-companies/
https://www.bobvila.com/articles/best-home-warranty-california/,https://www.bobvila.com/articles/best-home-warranty-companies/
https://www.bobvila.com/articles/best-home-warranty-companies-houston/,https://www.bobvila.com/articles/best-home-warranty-companies/
https://www.bobvila.com/articles/best-home-warranty-companies-new-jersey/,https://www.bobvila.com/articles/best-home-warranty-companies/
https://www.bobvila.com/articles/best-home-warranty-companies-in-texas/,https://www.bobvila.com/articles/best-home-warranty-companies/
https://www.bobvila.com/articles/best-home-warranties-for-mobile-homes/,https://www.bobvila.com/articles/best-home-warranty-companies/
https://www.bobvila.com/articles/best-home-warranty-companies-in-north-carolina/,https://www.bobvila.com/articles/best-home-warranty-companies/
https://www.bobvila.com/articles/best-home-warranty-for-plumbing/,https://www.bobvila.com/articles/best-home-warranty-companies/
https://www.bobvila.com/articles/best-home-warranty-florida/,https://www.bobvila.com/articles/best-home-warranty-companies/
https://www.bobvila.com/articles/best-home-warranty-for-pre-existing-conditions/,https://www.bobvila.com/articles/best-home-warranty-companies/
https://www.bobvila.com/articles/best-home-warranty-for-septic-systems/,https://www.bobvila.com/articles/best-home-warranty-companies/
https://www.bobvila.com/articles/best-home-warranty-in-west-virginia/,https://www.bobvila.com/articles/best-home-warranty-companies/
https://www.bobvila.com/articles/best-home-warranty-for-landlords/,https://www.bobvila.com/articles/best-home-warranty-companies/
https://www.bobvila.com/articles/best-home-warranty-companies-new-mexico/,https://www.bobvila.com/articles/best-home-warranty-companies/
https://www.bobvila.com/articles/best-home-warranty-for-older-homes/,https://www.bobvila.com/articles/best-home-warranty-companies/
https://www.bobvila.com/articles/best-home-warranties-for-rental-property/,https://www.bobvila.com/articles/best-home-warranty-companies/
https://www.bobvila.com/articles/best-home-warranties-for-sellers/,https://www.bobvila.com/articles/best-home-warranty-companies/
https://www.bobvila.com/articles/best-condo-insurance/,https://www.bobvila.com/articles/best-homeowners-insurance/
https://www.bobvila.com/articles/best-condo-insurance-in-florida/,https://www.bobvila.com/articles/best-homeowners-insurance/
https://www.bobvila.com/articles/best-tiny-house-insurance/,https://www.bobvila.com/articles/best-homeowners-insurance/
https://www.bobvila.com/articles/best-condo-insurance-california/,https://www.bobvila.com/articles/best-homeowners-insurance/
https://www.bobvila.com/articles/best-home-and-auto-insurance-bundles/,https://www.bobvila.com/articles/best-homeowners-insurance/
https://www.bobvila.com/articles/best-home-and-auto-insurance-in-california/,https://www.bobvila.com/articles/best-homeowners-insurance/
https://www.bobvila.com/articles/best-homeowners-insurance-in-florida/,https://www.bobvila.com/articles/best-homeowners-insurance/
https://www.bobvila.com/articles/best-home-and-auto-insurance-texas/,https://www.bobvila.com/articles/best-homeowners-insurance/
https://www.bobvila.com/articles/how-to-hire-painting-and-drywall-repair-near-me/,https://www.bobvila.com/articles/best-house-painters/
https://www.bobvila.com/articles/fabric-storm-shutters/,https://www.bobvila.com/articles/best-hurricane-shutters/
https://www.bobvila.com/articles/best-ac-installation-companies/,https://www.bobvila.com/articles/best-hvac-companies/
https://www.bobvila.com/articles/ikea-hack-greenhouse-cabinet/,https://www.bobvila.com/articles/best-indoor-garden/
https://www.bobvila.com/articles/best-portable-induction-cooktop/,https://www.bobvila.com/articles/best-induction-range/
https://www.bobvila.com/articles/what-is-a-kamado-grill/,https://www.bobvila.com/articles/best-kamado-grill/
https://www.bobvila.com/articles/best-ceramic-knives/,https://www.bobvila.com/articles/best-kitchen-knife-brands/
https://www.bobvila.com/articles/best-touchless-trash-can/,https://www.bobvila.com/articles/best-kitchen-trash-can/
https://www.bobvila.com/articles/best-tree-removal-services/,https://www.bobvila.com/articles/best-landscaping-companies/
https://www.bobvila.com/articles/best-tree-planting-services/,https://www.bobvila.com/articles/best-landscaping-companies/
https://www.bobvila.com/articles/best-sod-installation-services/,https://www.bobvila.com/articles/best-landscaping-companies/
https://www.bobvila.com/slideshow/8-top-tools-for-taming-your-landscape-48815/,https://www.bobvila.com/articles/best-lawn-and-garden-products-2023/
https://www.bobvila.com/articles/ace-hardware-lawn-mover-sale/,https://www.bobvila.com/articles/best-lawn-mowers/
https://www.bobvila.com/slideshow/garden-sprinklers-for-every-yard-our-15-favorites-52153/,https://www.bobvila.com/articles/best-lawn-sprinkler/
https://www.bobvila.com/articles/best-smart-light-bulbs/,https://www.bobvila.com/articles/best-light-bulb/
https://www.bobvila.com/articles/best-color-changing-light-bulbs/,https://www.bobvila.com/articles/best-light-bulb/
https://www.bobvila.com/articles/2406-landscape-lighting-101/,https://www.bobvila.com/articles/best-low-voltage-landscape-lighting/
https://www.bobvila.com/articles/best-kitchen-towels/,https://www.bobvila.com/articles/best-microfiber-cloth/
https://www.bobvila.com/articles/450-taking-modular-homes-to-a-higher-level/,https://www.bobvila.com/articles/best-modular-home-manufacturers/
https://www.bobvila.com/articles/best-mothers-day-gifts-at-ace-hardware/,https://www.bobvila.com/articles/best-mothers-day-gifts/
https://www.bobvila.com/articles/best-military-moving-companies/,https://www.bobvila.com/articles/best-moving-companies/
https://www.bobvila.com/articles/best-moving-companies-san-francisco/,https://www.bobvila.com/articles/best-moving-companies/
https://www.bobvila.com/articles/best-moving-companies-in-california/,https://www.bobvila.com/articles/best-moving-companies/
https://www.bobvila.com/slideshow/how-to-choose-the-best-moving-company-for-your-needs-10-crucial-considerations-578967/,https://www.bobvila.com/articles/best-moving-companies/
https://www.bobvila.com/articles/best-interstate-moving-companies/,https://www.bobvila.com/articles/best-moving-companies/
https://www.bobvila.com/articles/best-cheap-moving-services/,https://www.bobvila.com/articles/best-moving-companies/
https://www.bobvila.com/articles/best-moving-companies-in-san-diego/,https://www.bobvila.com/articles/best-moving-companies/
https://www.bobvila.com/articles/best-moving-companies-nyc/,https://www.bobvila.com/articles/best-moving-companies/
https://www.bobvila.com/articles/best-senior-moving-services/,https://www.bobvila.com/articles/best-moving-companies/
https://www.bobvila.com/articles/best-moving-companies-chicago/,https://www.bobvila.com/articles/best-moving-companies/
https://www.bobvila.com/articles/best-moving-companies-for-small-moves/,https://www.bobvila.com/articles/best-moving-companies/
https://www.bobvila.com/articles/best-moving-companies-los-angeles/,https://www.bobvila.com/articles/best-moving-companies/
https://www.bobvila.com/slideshow/these-9-handy-helpers-make-the-best-stocking-stuffers-581001/,https://www.bobvila.com/articles/best-multitools/
https://www.bobvila.com/slideshow/murphy-beds-9-hide-away-sleepers-8431/,https://www.bobvila.com/articles/best-murphy-bed/
https://www.bobvila.com/articles/best-laundry-detergent/,https://www.bobvila.com/articles/best-natural-laundry-detergent/
https://www.bobvila.com/articles/best-table-lamps/,https://www.bobvila.com/articles/best-online-lighting-stores/
https://www.bobvila.com/slideshow/11-neat-garage-storage-solutions-9573/,https://www.bobvila.com/articles/best-organizers-for-cluttered-garages/
https://www.bobvila.com/slideshow/10-bargain-organizers-for-a-tidy-garage-48613/,https://www.bobvila.com/articles/best-organizers-for-cluttered-garages/
https://www.bobvila.com/slideshow/10-cheap-ways-to-bring-the-beach-to-the-backyard-51236/,https://www.bobvila.com/articles/best-outdoor-living-products-2023/
https://www.bobvila.com/articles/best-projector-screen/,https://www.bobvila.com/articles/best-outdoor-projector-screen/
https://www.bobvila.com/articles/best-solar-lanterns/,https://www.bobvila.com/articles/best-outdoor-solar-lights/
https://www.bobvila.com/articles/best-wallpaper/,https://www.bobvila.com/articles/best-peel-and-stick-wallpaper/
https://www.bobvila.com/articles/best-pest-control-arlington/,https://www.bobvila.com/articles/best-pest-control-companies/
https://www.bobvila.com/articles/best-pest-control-companies-tampa/,https://www.bobvila.com/articles/best-pest-control-companies/
https://www.bobvila.com/articles/best-pest-control-in-houston/,https://www.bobvila.com/articles/best-pest-control-companies/
https://www.bobvila.com/articles/best-pest-control-companies-in-arizona/,https://www.bobvila.com/articles/best-pest-control-companies/
https://www.bobvila.com/articles/best-pest-control-company-in-michigan/,https://www.bobvila.com/articles/best-pest-control-companies/
https://www.bobvila.com/articles/best-pest-control-in-alexandria/,https://www.bobvila.com/articles/best-pest-control-companies/
https://www.bobvila.com/articles/best-pest-control-companies-in-florida/,https://www.bobvila.com/articles/best-pest-control-companies/
https://www.bobvila.com/articles/best-mouse-exterminators/,https://www.bobvila.com/articles/best-pest-control-companies/
https://www.bobvila.com/articles/best-extra-firm-mattress/,https://www.bobvila.com/articles/best-place-to-buy-a-mattress/
https://www.bobvila.com/articles/best-memory-foam-mattress/,https://www.bobvila.com/articles/best-place-to-buy-a-mattress/
https://www.bobvila.com/articles/best-mattress-for-stomach-sleepers/,https://www.bobvila.com/articles/best-place-to-buy-a-mattress/
https://www.bobvila.com/articles/best-tv-deals/,https://www.bobvila.com/articles/best-place-to-buy-a-tv/
https://www.bobvila.com/articles/best-super-bowl-tv-deals-2023/,https://www.bobvila.com/articles/best-place-to-buy-a-tv/
https://www.bobvila.com/articles/best-bed-pillow/,https://www.bobvila.com/articles/best-place-to-buy-pillows/
https://www.bobvila.com/articles/best-pillow-protector/,https://www.bobvila.com/articles/best-place-to-buy-pillows/
https://www.bobvila.com/articles/best-pillow-for-side-sleepers/,https://www.bobvila.com/articles/best-place-to-buy-pillows/
https://www.bobvila.com/articles/best-standing-desk-converter/,https://www.bobvila.com/articles/best-places-to-buy-a-desk/
https://www.bobvila.com/articles/best-gaming-desk/,https://www.bobvila.com/articles/best-places-to-buy-a-desk/
https://www.bobvila.com/articles/best-kids-desk-chair/,https://www.bobvila.com/articles/best-places-to-buy-a-desk/
https://www.bobvila.com/articles/best-standing-desk/,https://www.bobvila.com/articles/best-places-to-buy-a-desk/
https://www.bobvila.com/slideshow/the-best-armchairs-you-can-buy-on-a-budget-51336/,https://www.bobvila.com/articles/best-places-to-buy-armchairs-accent-chairs/
https://www.bobvila.com/articles/sleep-week-deals-2023/,https://www.bobvila.com/articles/best-places-to-buy-cheap-mattress/
https://www.bobvila.com/articles/best-mattresses-under-1000/,https://www.bobvila.com/articles/best-places-to-buy-cheap-mattress/
https://www.bobvila.com/articles/best-fake-plants/,https://www.bobvila.com/articles/best-places-to-buy-fake-plants/
https://www.bobvila.com/articles/best-hanging-planter/,https://www.bobvila.com/articles/best-planters/
https://www.bobvila.com/articles/best-lineman-pliers/,https://www.bobvila.com/articles/best-pliers/
https://www.bobvila.com/articles/best-fencing-pliers/,https://www.bobvila.com/articles/best-pliers/
https://www.bobvila.com/articles/best-slip-joint-pliers/,https://www.bobvila.com/articles/best-pliers/
https://www.bobvila.com/articles/portable-air-conditioner-sale/,https://www.bobvila.com/articles/best-portable-air-conditioner/
https://www.bobvila.com/articles/amazon-products-diy/,https://www.bobvila.com/articles/best-products-for-quick-home-fixes/
https://www.bobvila.com/articles/amazing-home-repair-products/,https://www.bobvila.com/articles/best-products-for-quick-home-fixes/
https://www.bobvila.com/articles/choose-a-programmable-thermostat/,https://www.bobvila.com/articles/best-programmable-thermostat/
https://www.bobvila.com/articles/diy-rain-barrel/,https://www.bobvila.com/articles/best-rain-barrels/
https://www.bobvila.com/slideshow/10-essentials-for-a-retro-kitchen-47808/,https://www.bobvila.com/articles/best-retro-appliances/
https://www.bobvila.com/articles/best-cheap-robot-vacuums/,https://www.bobvila.com/articles/best-robot-vacuum/
https://www.bobvila.com/articles/best-herb-scissors/,https://www.bobvila.com/articles/best-scissors/
https://www.bobvila.com/articles/best-sewing-scissors/,https://www.bobvila.com/articles/best-scissors/
https://www.bobvila.com/articles/best-fabric-scissors/,https://www.bobvila.com/articles/best-scissors/
https://www.bobvila.com/articles/best-sectional-sofa/,https://www.bobvila.com/articles/best-sectionals-for-small-spaces/
https://www.bobvila.com/articles/smart-shower-benefits/,https://www.bobvila.com/articles/best-showerhead/
https://www.bobvila.com/articles/how-to-choose-a-shower-head/,https://www.bobvila.com/articles/best-showerhead/
https://www.bobvila.com/articles/diy-sled/,https://www.bobvila.com/articles/best-snow-sleds/
https://www.bobvila.com/articles/best-solar-companies-in-illinois/,https://www.bobvila.com/articles/best-solar-companies/
https://www.bobvila.com/articles/best-solar-companies-in-georgia/,https://www.bobvila.com/articles/best-solar-companies/
https://www.bobvila.com/articles/best-solar-companies-in-maryland/,https://www.bobvila.com/articles/best-solar-companies/
https://www.bobvila.com/articles/best-solar-companies-in-southern-california/,https://www.bobvila.com/articles/best-solar-companies/
https://www.bobvila.com/articles/best-solar-companies-in-texas/,https://www.bobvila.com/articles/best-solar-companies/
https://www.bobvila.com/articles/best-solar-companies-in-california/,https://www.bobvila.com/articles/best-solar-companies/
https://www.bobvila.com/articles/are-solar-panels-worth-it-in-texas/,https://www.bobvila.com/articles/best-solar-companies/
https://www.bobvila.com/articles/best-solar-companies-in-virginia/,https://www.bobvila.com/articles/best-solar-companies/
https://www.bobvila.com/articles/best-portable-solar-panel/,https://www.bobvila.com/articles/best-solar-generator/
https://www.bobvila.com/articles/who-installs-foam-insulation/,https://www.bobvila.com/articles/best-spray-foam-insulation-contractors/
https://www.bobvila.com/articles/the-essential-guide-to-summer-home-improvement/,https://www.bobvila.com/articles/best-summer-home-improvements/
https://www.bobvila.com/articles/best-end-of-summer-amazon-deals/,https://www.bobvila.com/articles/best-things-to-buy-in-august/
https://www.bobvila.com/articles/best-grill-deals-national-grilling-month/,https://www.bobvila.com/articles/best-time-to-buy-a-grill/
https://www.bobvila.com/articles/automatic-toilet-cleaners/,https://www.bobvila.com/articles/best-toilet-bowl-cleaner/
https://www.bobvila.com/articles/how-to-choose-a-toilet/,https://www.bobvila.com/articles/best-toilet/
https://www.bobvila.com/articles/best-wrench-organizer/,https://www.bobvila.com/articles/best-tool-box-organizers/
https://www.bobvila.com/articles/traeger-fathers-day-sale-grills/,https://www.bobvila.com/articles/best-traeger-grills/
https://www.bobvila.com/articles/traeger-grills-sale-ace-hardware/,https://www.bobvila.com/articles/best-traeger-grills/
https://www.bobvila.com/articles/best-bathroom-trash-can/,https://www.bobvila.com/articles/best-trash-cans-for-every-room/
https://www.bobvila.com/articles/best-kitchen-rugs/,https://www.bobvila.com/articles/best-washable-rugs/
https://www.bobvila.com/articles/best-compact-washer-and-dryer/,https://www.bobvila.com/articles/best-washer-and-dryer/
https://www.bobvila.com/articles/best-front-load-washing-machine/,https://www.bobvila.com/articles/best-washing-machine/
https://www.bobvila.com/articles/best-portable-washing-machine/,https://www.bobvila.com/articles/best-washing-machine/
https://www.bobvila.com/articles/how-to-choose-a-water-heater/,https://www.bobvila.com/articles/best-water-heaters/
https://www.bobvila.com/articles/detect-water-leaks/,https://www.bobvila.com/articles/best-water-leak-detector/
https://www.bobvila.com/articles/how-to-clean-a-microfiber-couch/,https://www.bobvila.com/articles/best-way-to-clean-a-couch/
https://www.bobvila.com/articles/best-surge-protectors/,https://www.bobvila.com/articles/best-whole-house-surge-protector/
https://www.bobvila.com/slideshow/stay-cool-with-these-best-rated-window-air-conditioners-45636/,https://www.bobvila.com/articles/best-window-air-conditioners/
https://www.bobvila.com/articles/best-doorbell-cameras/,https://www.bobvila.com/articles/best-video-doorbells/
https://www.bobvila.com/articles/fireplace-inserts/,https://www.bobvila.com/articles/best-wood-burning-fireplace-insert/
https://www.bobvila.com/articles/1059-wood-chisels/,https://www.bobvila.com/articles/best-wood-chisels/
https://www.bobvila.com/articles/wood-filler-your-secret-weapon-for-fast-and-easy-furniture-fixes/,https://www.bobvila.com/articles/best-wood-filler/
https://www.bobvila.com/articles/979-quick-tip-working-with-wood-glues/,https://www.bobvila.com/articles/best-wood-glue/
https://www.bobvila.com/articles/440-choosing-essential-tools-for-woodworking/,https://www.bobvila.com/articles/best-woodworking-tools/
https://www.bobvila.com/articles/2131-the-shaper/,https://www.bobvila.com/articles/best-woodworking-tools/
https://www.bobvila.com/articles/best-farm-boots/,https://www.bobvila.com/articles/best-work-boots/
https://www.bobvila.com/articles/blinds-com-anniversary-sale/,https://www.bobvila.com/articles/blinds-com-review/
https://www.bobvila.com/articles/blinds-com-levolor-sale-2023/,https://www.bobvila.com/articles/blinds-com-review/
https://www.bobvila.com/articles/board-and-batten/,https://www.bobvila.com/articles/board-and-batten-101/
https://www.bobvila.com/slideshow/prep-for-disaster-10-things-you-ll-need-in-a-home-emergency-50969/,https://www.bobvila.com/articles/bug-out-bag-list/
https://www.bobvila.com/articles/fire-pit-cost/,https://www.bobvila.com/articles/building-a-fire-pit/
https://www.bobvila.com/slideshow/get-inspired-to-entertain-at-home-this-season-with-these-10-outdoor-bar-ideas-579653/,https://www.bobvila.com/articles/building-an-outdoor-bar/
https://www.bobvila.com/articles/building-a-retaining-wall/,https://www.bobvila.com/articles/building-retaining-walls/
https://www.bobvila.com/articles/best-dishwashers-under-500/,https://www.bobvila.com/articles/buyers-guide-best-dishwashers/
https://www.bobvila.com/articles/how-to-paint-over-stain/,https://www.bobvila.com/articles/can-you-paint-over-stain/
https://www.bobvila.com/articles/322-choosing-the-right-floor/,https://www.bobvila.com/articles/carpet-vs-hardwood/
https://www.bobvila.com/articles/33566-fences-101/,https://www.bobvila.com/articles/cheap-fence-ideas/
https://www.bobvila.com/slideshow/6-ways-high-velocity-hvac-is-built-to-help-save-you-money-53036/,https://www.bobvila.com/articles/choosing-a-high-velocity-hvac-system/
https://www.bobvila.com/articles/how-to-clean-kitchen-cabinets/,https://www.bobvila.com/articles/cleaning-kitchen-cabinets/
https://www.bobvila.com/slideshow/the-most-organized-closets-we-ve-ever-seen-50922/,https://www.bobvila.com/articles/closet-organization-ideas/
https://www.bobvila.com/slideshow/organize-closets-with-11-things-you-already-own-49437/,https://www.bobvila.com/articles/closet-organization-ideas/
https://www.bobvila.com/articles/diy-closet-organizer/,https://www.bobvila.com/articles/closet-organization-ideas/
https://www.bobvila.com/slideshow/8-notorious-closet-problems-solved-48531/,https://www.bobvila.com/articles/closet-organization-ideas/
https://www.bobvila.com/articles/biodegradable-vs-compostable/,https://www.bobvila.com/articles/composting-101/
https://www.bobvila.com/slideshow/8-tricks-for-quick-composting-your-way-to-free-fertilizer-578687/,https://www.bobvila.com/articles/composting-101/
https://www.bobvila.com/articles/best-composting-services/,https://www.bobvila.com/articles/composting-101/
https://www.bobvila.com/articles/recessed-lighting-installation/,https://www.bobvila.com/articles/consider-before-installing-recessed-lighting/
https://www.bobvila.com/articles/best-moon-lamp/,https://www.bobvila.com/articles/cordless-lamp/
https://www.bobvila.com/slideshow/11-clever-ways-to-capitalize-on-awkward-corners-50406/,https://www.bobvila.com/articles/corner-shelf-ideas/
https://www.bobvila.com/articles/3710-granite-countertops-a-buyer-s-guide/,https://www.bobvila.com/articles/cost-of-granite-countertops/
https://www.bobvila.com/articles/cost-of-solar-panels-in-texas/,https://www.bobvila.com/articles/cost-of-solar-panels/
https://www.bobvila.com/articles/657-the-excavation-and-the-foundation/,https://www.bobvila.com/articles/cost-to-dig-out-a-basement/
https://www.bobvila.com/slideshow/6-simple-steps-to-a-refreshed-deck-48789/,https://www.bobvila.com/articles/deck-maintenance/
https://www.bobvila.com/slideshow/mirror-magic-10-ways-of-using-mirrors-to-your-design-advantage-44416/,https://www.bobvila.com/articles/decorating-with-mirrors/
https://www.bobvila.com/slideshow/see-the-home-kitchens-of-8-famous-chefs-46471/,https://www.bobvila.com/articles/dirty-kitchen/
https://www.bobvila.com/slideshow/8-smart-shoe-racks-you-can-make-today-47949/,https://www.bobvila.com/articles/diy-boot-rack/
https://www.bobvila.com/slideshow/hang-on-9-designs-for-a-diy-coat-rack-46736/,https://www.bobvila.com/articles/diy-coat-rack/
https://www.bobvila.com/articles/diy-coat-rack-ideas/,https://www.bobvila.com/articles/diy-coat-rack/
https://www.bobvila.com/slideshow/13-terror-ific-yards-all-decked-out-for-halloween-46342/,https://www.bobvila.com/articles/diy-halloween-yard-decorations/
https://www.bobvila.com/slideshow/7-classic-decoupage-projects-for-the-home-47611/,https://www.bobvila.com/articles/diy-home-projects/
https://www.bobvila.com/slideshow/20-boredom-busting-diy-projects-you-can-do-at-home-this-fall-577665/,https://www.bobvila.com/articles/diy-home-projects/
https://www.bobvila.com/articles/diy-floor-lamp/,https://www.bobvila.com/articles/diy-lite-floor-lamp/
https://www.bobvila.com/articles/what-is-the-best-way-to-prevent-pest-infestation/,https://www.bobvila.com/articles/diy-pest-free-home/
https://www.bobvila.com/slideshow/9-best-buys-for-a-bug-free-home-50109/,https://www.bobvila.com/articles/diy-pest-free-home/
https://www.bobvila.com/articles/diy-console-table/,https://www.bobvila.com/articles/diy-side-table/
https://www.bobvila.com/slideshow/10-extras-to-diy-for-your-kitchen-48709/,https://www.bobvila.com/articles/diy-update-for-kitchen-cabinets/
https://www.bobvila.com/articles/2056-workbench-types/,https://www.bobvila.com/articles/diy-workbenches/
https://www.bobvila.com/articles/what-does-earthquake-insurance-cover/,https://www.bobvila.com/articles/does-homeowners-insurance-cover-earthquakes/
https://www.bobvila.com/articles/best-earthquake-insurance-california/,https://www.bobvila.com/articles/does-homeowners-insurance-cover-earthquakes/
https://www.bobvila.com/articles/earthquake-retrofit-cost/,https://www.bobvila.com/articles/does-homeowners-insurance-cover-earthquakes/
https://www.bobvila.com/articles/best-earthquake-insurance-companies/,https://www.bobvila.com/articles/does-homeowners-insurance-cover-earthquakes/
https://www.bobvila.com/articles/is-earthquake-insurance-worth-it/,https://www.bobvila.com/articles/does-homeowners-insurance-cover-earthquakes/
https://www.bobvila.com/articles/biden-housing-plan-first-time-home-buyers/,https://www.bobvila.com/articles/down-payment-assistance-programs/
https://www.bobvila.com/articles/upgrade-hvac-without-giving-up-ducts/,https://www.bobvila.com/articles/ductless-and-ducted-hvac/
https://www.bobvila.com/articles/dust-free-sanding-tools/,https://www.bobvila.com/articles/dust-free-sanding/
https://www.bobvila.com/articles/how-to-tell-if-you-have-bedbugs/,https://www.bobvila.com/articles/early-signs-of-bed-bugs/
https://www.bobvila.com/articles/1147-plumbing-tools/,https://www.bobvila.com/articles/emergency-plumbing-tools/
https://www.bobvila.com/slideshow/the-1-hour-home-energy-audit-that-can-save-you-money-every-month-48115/,https://www.bobvila.com/articles/energy-efficient-old-house/
https://www.bobvila.com/articles/flea-exterminator-cost/,https://www.bobvila.com/articles/exterminator-cost/
https://www.bobvila.com/articles/ant-exterminator-cost/,https://www.bobvila.com/articles/exterminator-cost/
https://www.bobvila.com/articles/rat-exterminator-cost/,https://www.bobvila.com/articles/exterminator-cost/
https://www.bobvila.com/articles/products-to-help-you-stay-cool-this-summer/,https://www.bobvila.com/articles/extreme-heat-hacks/
https://www.bobvila.com/slideshow/12-tips-to-follow-when-a-heat-advisory-is-in-effect-52979/,https://www.bobvila.com/articles/extreme-heat-tips/
https://www.bobvila.com/articles/extreme-heat-preparation/,https://www.bobvila.com/articles/extreme-heat-tips/
https://www.bobvila.com/slideshow/how-to-find-the-right-plants-for-your-fall-garden-577411/,https://www.bobvila.com/articles/fall-landscape-ideas/
https://www.bobvila.com/articles/best-fathers-day-gifts-amazon/,https://www.bobvila.com/articles/fathers-day-gifts/
https://www.bobvila.com/articles/front-door-ideas/,https://www.bobvila.com/articles/fiberglass-vs-steel-door/
https://www.bobvila.com/slideshow/life-underground-10-beautiful-basement-makeovers-47429/,https://www.bobvila.com/articles/finished-basement-ideas/
https://www.bobvila.com/articles/fireplace-maintenance-checklist/,https://www.bobvila.com/articles/fireplace-ready-for-winter/
https://www.bobvila.com/slideshow/6-steps-to-a-budget-friendly-porch-makeover-49136/,https://www.bobvila.com/articles/front-porch-ideas/
https://www.bobvila.com/slideshow/the-farmhouse-porch-6734/,https://www.bobvila.com/articles/front-porch-ideas/
https://www.bobvila.com/articles/garage-remodel-ideas/,https://www.bobvila.com/articles/garage-conversion/
https://www.bobvila.com/slideshow/move-out-10-ways-to-expand-into-your-garage-47789/,https://www.bobvila.com/articles/garage-conversion/
https://www.bobvila.com/slideshow/7-steps-to-making-your-garage-more-livable-48217/,https://www.bobvila.com/articles/garage-conversion/
https://www.bobvila.com/articles/garage-door-boost-home-value/,https://www.bobvila.com/articles/garage-door-replacement-cost/
https://www.bobvila.com/articles/garage-door-replacement/,https://www.bobvila.com/articles/garage-door-replacement-cost/
https://www.bobvila.com/articles/pays-to-get-a-new-garage-door/,https://www.bobvila.com/articles/garage-door-replacement-cost/
https://www.bobvila.com/articles/outdoor-recreational-gear-storage/,https://www.bobvila.com/articles/garage-storage-ideas/
https://www.bobvila.com/articles/ultimate-garden-hose-storage/,https://www.bobvila.com/articles/garden-hose-storage-options/
https://www.bobvila.com/articles/build-a-gazebo/,https://www.bobvila.com/articles/gazebo-plans/
https://www.bobvila.com/articles/choosing-geraniums/,https://www.bobvila.com/articles/geranium-care/
https://www.bobvila.com/articles/gardeners-supply-company/,https://www.bobvila.com/articles/gifts-for-gardeners/
https://www.bobvila.com/articles/best-gardening-books/,https://www.bobvila.com/articles/gifts-for-gardeners/
https://www.bobvila.com/articles/best-trees-as-gifts/,https://www.bobvila.com/articles/gifts-for-plant-lovers/
https://www.bobvila.com/articles/best-gingerbread-house-kits/,https://www.bobvila.com/articles/gingerbread-house-real-estate-listings/
https://www.bobvila.com/slideshow/returning-to-the-office-these-11-tips-and-treats-will-keep-your-pets-happy-while-they-re-on-their-own-580462/,https://www.bobvila.com/articles/hacks-for-pet-owners/
https://www.bobvila.com/articles/hail-damage-repair-cost/,https://www.bobvila.com/articles/hail-damage-roof/
https://www.bobvila.com/slideshow/9-renovation-tips-to-boost-resale-value-34409/,https://www.bobvila.com/articles/home-improvement-value/
https://www.bobvila.com/slideshow/brokers-reveal-7-works-every-time-ways-to-boost-home-resale-value-47919/,https://www.bobvila.com/articles/home-improvement-value/
https://www.bobvila.com/articles/things-your-home-inspector-wishes-you-knew/,https://www.bobvila.com/articles/home-inspection-checklist/
https://www.bobvila.com/articles/best-office-chair/,https://www.bobvila.com/articles/home-office-gifts/
https://www.bobvila.com/articles/best-office-chair-for-back-pain/,https://www.bobvila.com/articles/home-office-gifts/
https://www.bobvila.com/slideshow/18-home-office-items-for-optimal-ergonomics-and-productivity-578989/,https://www.bobvila.com/articles/home-office-gifts/