sep=,
https://www.thedrive.com/reviews/30311/best-engine-hoists,https://www.thedrive.com/category/engine-motors
https://www.thedrive.com/reviews/37152/motocross-helmet,https://www.thedrive.com/category/accessories
https://www.thedrive.com/reviews/28036/best-low-light-dash-cams,https://www.thedrive.com/category/car-electronics
https://www.thedrive.com/reviews/31218/best-garmin-handheld-gps,https://www.thedrive.com/category/car-electronics
https://www.thedrive.com/reviews/29316/best-motorcycle-lift-tables,https://www.thedrive.com/category/accessories
https://www.thedrive.com/car-warranty/35683/kia-reliability,https://www.thedrive.com/category/car-care
https://www.thedrive.com/reviews/34001/best-dash-cam-under-100,https://www.thedrive.com/category/car-electronics
https://www.thedrive.com/car-warranty/28682/best-car-warranty,https://www.thedrive.com/category/car-care
https://www.thedrive.com/car-warranty/35638/honda-hrv-problems,https://www.thedrive.com/category/car-care
https://www.thedrive.com/reviews/27415/best-gps-navigation-for-cars,https://www.thedrive.com/category/car-electronics
https://www.thedrive.com/car-warranty/28684/carshield,https://www.thedrive.com/category/car-care
https://www.thedrive.com/car-warranty/35680/nissan-rogue-problems,https://www.thedrive.com/category/car-care
https://www.thedrive.com/car-warranty/35766/hyundai-reliability,https://www.thedrive.com/category/car-care
https://www.thedrive.com/reviews/28857/best-classic-car-insurance,https://www.thedrive.com/category/insurance
https://www.thedrive.com/reviews/30538/best-satellite-radios,https://www.thedrive.com/category/car-electronics
https://www.thedrive.com/reviews/30870/best-mesh-motorcycle-jacket,https://www.thedrive.com/category/accessories
https://www.thedrive.com/reviews/30632/best-car-brakes,https://www.thedrive.com/category/car-parts
https://www.thedrive.com/car-warranty/26818/car-warranty-guide,https://www.thedrive.com/category/car-care
https://www.thedrive.com/car-warranty/28199/dodge-warranty,https://www.thedrive.com/category/car-care
https://www.thedrive.com/car-warranty/29373/genesis-warranty,https://www.thedrive.com/category/car-care
https://www.thedrive.com/car-warranty/29411/factory-warranty-guide,https://www.thedrive.com/category/car-care
https://www.thedrive.com/car-warranty/29413/extended-warranty-guide,https://www.thedrive.com/category/car-care
https://www.thedrive.com/car-warranty/29549/gm-warranty,https://www.thedrive.com/category/car-care
https://www.thedrive.com/car-warranty/32687/zurich-extended-warranty-reviews,https://www.thedrive.com/category/car-care
https://www.thedrive.com/car-warranty/34069/harley-davidson-warranty,https://www.thedrive.com/category/car-care
https://www.thedrive.com/car-warranty/34219/harley-davidson-extended-warranty,https://www.thedrive.com/category/car-care
https://www.thedrive.com/car-warranty/34224/porsche-warranty,https://www.thedrive.com/category/car-care
https://www.thedrive.com/car-warranty/34280/rolls-royce-warranty,https://www.thedrive.com/category/car-care
https://www.thedrive.com/car-warranty/35585/subaru-cvt-problems,https://www.thedrive.com/category/car-care
https://www.thedrive.com/car-warranty/36631/national-auto-care,https://www.thedrive.com/category/car-care
https://www.thedrive.com/car-warranty/38855/carmax-warranty,https://www.thedrive.com/category/car-care
https://www.thedrive.com/car-warranty/39713/honda-fit-reliability,https://www.thedrive.com/category/maintenance-repair
https://www.thedrive.com/car-warranty/39742/subaru-forester-reliability,https://www.thedrive.com/category/car-care
https://www.thedrive.com/reviews/28858/antique-auto-insurance,https://www.thedrive.com/category/insurance
https://www.thedrive.com/reviews/31831/best-composting-toilet-for-rv,https://www.thedrive.com/category/rvs
https://www.thedrive.com/reviews/31293/best-truck-simulator,https://www.thedrive.com/category/accessories
https://www.thedrive.com/reviews/31294/best-truck-speakers,https://www.thedrive.com/category/accessories
https://www.thedrive.com/reviews/27551/best-car-stereo,https://www.thedrive.com/category/car-electronics
https://www.thedrive.com/reviews/29442/best-winch-for-jeep,https://www.thedrive.com/category/accessories
https://www.thedrive.com/reviews/31603/best-harley-battery,https://www.thedrive.com/category/replacement-parts
https://www.thedrive.com/reviews/30236/best-motorcycle-grips,https://www.thedrive.com/category/accessories
https://www.thedrive.com/reviews/32150/best-motorcycle-throttle-lock,https://www.thedrive.com/category/accessories
https://www.thedrive.com/reviews/30243/best-motorcycle-cargo-nets,https://www.thedrive.com/category/accessories
https://www.thedrive.com/reviews/37394/best-radar-detector-under-200,https://www.thedrive.com/category/car-electronics
https://www.thedrive.com/reviews/32342/best-motorcycle-windshield,https://www.thedrive.com/category/replacement-parts
https://www.thedrive.com/reviews/26864/best-spare-tire-covers,https://www.thedrive.com/category/accessories
https://www.thedrive.com/reviews/30825/best-motorcycle-helmet-lock,https://www.thedrive.com/category/motorcycles
https://www.thedrive.com/reviews/30279/best-hose-clamp-pliers,https://www.thedrive.com/category/tools
https://www.thedrive.com/reviews/27213/best-all-season-wiper-blades,https://www.thedrive.com/category/replacement-parts
https://www.thedrive.com/reviews/31729/best-racing-seats,https://www.thedrive.com/category/accessories
https://www.thedrive.com/reviews/29752/best-shift-knobs,https://www.thedrive.com/category/accessories
https://www.thedrive.com/reviews/32196/bar-end-mirrors-for-motorcycles,https://www.thedrive.com/category/accessories
https://www.thedrive.com/reviews/26877/best-in-dash-dvd-players,https://www.thedrive.com/category/car-electronics
https://www.thedrive.com/reviews/30389/best-car-detailing-products,https://www.thedrive.com/category/cleaning-detailing
https://www.thedrive.com/reviews/28592/best-penetrating-oils,https://www.thedrive.com/category/gas-oil
https://www.thedrive.com/reviews/26773/best-car-trash-cans,https://www.thedrive.com/category/accessories
https://www.thedrive.com/reviews/30806/best-car-paint-protection,https://www.thedrive.com/category/car-care
https://www.thedrive.com/reviews/30991/best-gas-scooters-for-adults,https://www.thedrive.com/category/guides-and-gear
https://www.thedrive.com/reviews/29801/best-electric-trailer-dolly,https://www.thedrive.com/category/rvs
https://www.thedrive.com/reviews/28554/best-rv-roof-sealants-and-coatings,https://www.thedrive.com/category/rvs
https://www.thedrive.com/reviews/30217/best-running-boards,https://www.thedrive.com/category/accessories
https://www.thedrive.com/reviews/29570/best-truck-gps,https://www.thedrive.com/category/accessories
https://www.thedrive.com/reviews/28910/best-bug-removers-for-cars,https://www.thedrive.com/category/cleaning-detailing
https://www.thedrive.com/reviews/27610/best-double-din-head-units,https://www.thedrive.com/category/car-electronics
https://www.thedrive.com/reviews/38541/best-electric-scooter-with-seat,https://www.thedrive.com/category/motorcycles
https://www.thedrive.com/reviews/30178/best-rv-wifi-boosters,https://www.thedrive.com/category/rvs
https://www.thedrive.com/reviews/27069/best-led-road-flares,https://www.thedrive.com/category/accessories
https://www.thedrive.com/reviews/30517/best-rear-view-mirrors,https://www.thedrive.com/category/accessories
https://www.thedrive.com/reviews/29778/best-rust-prevention-sprays,https://www.thedrive.com/category/cleaning-detailing
https://www.thedrive.com/reviews/28541/best-rv-surge-protectors,https://www.thedrive.com/category/rvs
https://www.thedrive.com/reviews/31988/best-jeep-bumpers,https://www.thedrive.com/category/accessories
https://www.thedrive.com/reviews/29909/best-rv-inverters,https://www.thedrive.com/category/rvs
https://www.thedrive.com/reviews/27911/best-transmission-fluids,https://www.thedrive.com/category/gas-oil
