"https://www.bobvila.com/marketplace/22-pexsupply-com";"https://www.bobvila.com/marketplace/brands/pexsupply-com";""
"https://www.bobvila.com/Showrooms/Pex_Supply";"https://www.bobvila.com/marketplace/brands/pexsupply-com";""
"https://www.bobvila.com/Showrooms/Basement_Systems/";"https://www.bobvila.com/marketplace/brands/basement-systems";""
"https://www.bobvila.com/smartbuy";"https://www.bobvila.com";"Bob Vila - Home Improvement";" Home Repair And Home Renovation"
"https://www.bobvila.com/showrooms";"https://www.bobvila.com/marketplace?brands=true";""
"https://www.bobvila.com/Showrooms";"https://www.bobvila.com/marketplace?brands=true";""
"https://www.bobvila.com/SmartBuys";"https://www.bobvila.com/marketplace?brands=true";""
"https://www.bobvila.com/Blogs/On The Level";"https://www.bobvila.com/blogs";""
"https://www.bobvila.com/Global/FAQ";"https://www.bobvila.com/forums";""
"https://www.bobvila.com/Global";"https://www.bobvila.com";"Bob Vila - Home Improvement";" Home Repair And Home Renovation"
"https://www.bobvila.com/Channels";"https://www.bobvila.com";"Bob Vila - Home Improvement";" Home Repair And Home Renovation"
"https://www.bobvila.com/channels";"https://www.bobvila.com";"Bob Vila - Home Improvement";" Home Repair And Home Renovation"
"https://www.bobvila.com/Real Estate";"https://www.bobvila.com";"Bob Vila - Home Improvement";" Home Repair And Home Renovation"
"https://www.bobvila.com/DesignTools";"https://www.bobvila.com";"Bob Vila - Home Improvement";" Home Repair And Home Renovation"
"https://www.bobvila.com/Bob on TV";"https://www.bobvila.com/projects";""
"https://www.bobvila.com/BVTV";"https://www.bobvila.com/projects";""
"https://www.bobvila.com/Product \& Services Directory";"https://www.bobvila.com/marketplace?brands=true";""
"https://www.bobvila.com/ProductsServices";"https://www.bobvila.com/marketplace?brands=true";""
"https://www.bobvila.com/ProductServices";"https://www.bobvila.com/marketplace?brands=true";""
"https://www.bobvila.com/OnTheLevel";"https://www.bobvila.com/blogs";""
"https://www.bobvila.com/onthelevel";"https://www.bobvila.com/blogs";""
"https://www.bobvila.com/HomeAgainExtras";"https://www.bobvila.com/projects";""
"https://www.bobvila.com/BBS";"https://www.bobvila.com/forums";""
"https://www.bobvila.com/wwwboard";"https://www.bobvila.com/forums";""
"https://www.bobvila.com/Home Improvement Forums";"https://www.bobvila.com/forums";""
"https://www.bobvila.com/AskaQuestion";"https://www.bobvila.com/forums";""
"https://www.bobvila.com/ask a question";"https://www.bobvila.com/forums";""
"https://www.bobvila.com/HowTo_Library";"https://www.bobvila.com";"Bob Vila - Home Improvement";" Home Repair And Home Renovation"
"https://www.bobvila.com/howto_Library";"https://www.bobvila.com";"Bob Vila - Home Improvement";" Home Repair And Home Renovation"
"https://www.bobvila.com/howto_library";"https://www.bobvila.com/sections/home-improvement";""
"https://www.bobvila.com/how to library";"https://www.bobvila.com";"Bob Vila - Home Improvement";" Home Repair And Home Renovation"
"https://www.bobvila.com/How To Library";"https://www.bobvila.com/sections/home-improvement";""
"https://www.bobvila.com/HowTo";"https://www.bobvila.com/sections/home-improvement";""
"https://www.bobvila.com/FixItClub";"https://www.bobvila.com/forums";""
"https://www.bobvila.com/Features";"https://www.bobvila.com/";"Bob Vila - Home Improvement";" Home Repair And Home Renovation"
"https://www.bobvila.com/RoughCutShow/";"https://www.bobvila.com/projects";""
"https://www.bobvila.com/static/about-us";"https://www.bobvila.com/pages/about-bob";""
"https://www.bobvila.com/love-your-laundry-room";"https://www.bobvila.com/articles/2321-5-ways-to-love-your-laundry-room/pages/1";""
"https://www.bobvila.com/contest";"https://www.bobvila.com/";"Bob Vila - Home Improvement";" Home Repair And Home Renovation"
"https://www.bobvila.com/holiday-contest";"https://www.bobvila.com/";"Bob Vila - Home Improvement";" Home Repair And Home Renovation"
"https://www.bobvila.com/Home Improvement - Do It Yourself - Home Remodeling ! BobVila\.com";"https://www.bobvila.com/sections/home-improvement";""
"https://www.bobvila.com/blogs/sherwin-williams-visualizer/";"https://www.bobvila.com/amazing-gray-sherwin-williams-sw7044/2304-12-expert-picks-for-fail-safe-colors/slideshows";""
"https://www.bobvila.com/blogs/how-to-bring-the-seasons-most-abundant-color-into-your-home/";"https://www.bobvila.com/amazing-gray-sherwin-williams-sw7044/2304-12-expert-picks-for-fail-safe-colors/slideshows";""
"https://www.bobvila.com/Downloads/Gingerbread";"https://www.bobvila.com/articles/254-gingerbread-house-decoration-of-old-and-today/pages/1";""
"https://www.bobvila.com/ArticleLibrary";"https://www.bobvila.com";"Bob Vila - Home Improvement";" Home Repair And Home Renovation"
"https://www.bobvila.com/GlossaryTerms/";"https://www.bobvila.com/articles/623-glossary/pages/1";""
"https://www.bobvila.com/KitchenBudgeter/";"https://www.bobvila.com/";"Bob Vila - Home Improvement";" Home Repair And Home Renovation"
"https://www.bobvila.com/MyProjects/";"https://www.bobvila.com/forums";""
"https://www.bobvila.com/Tools/";"https://www.bobvila.com/";"Bob Vila - Home Improvement";" Home Repair And Home Renovation"
"https://www.bobvila.com/video/";"https://www.bobvila.com/projects";""
"https://www.bobvila.com/StormReady/";"https://www.bobvila.com/categories/major-systems/subcategories/storm-proofing";""
"https://www.bobvila.com/homeplans/";"https://www.bobvila.com";"Bob Vila - Home Improvement";" Home Repair And Home Renovation"
"https://www.bobvila.com/RealEstate";"https://www.bobvila.com";"Bob Vila - Home Improvement";" Home Repair And Home Renovation"
"https://www.bobvila.com/bathroom-renovation.asp";"https://www.bobvila.com";"Bob Vila - Home Improvement";" Home Repair And Home Renovation"
"https://www.bobvila.com/categories/basements";"https://www.bobvila.com/categories/basement-garage";""
"https://www.bobvila.com/categories/before-you-build";"https://www.bobvila.com/categories/managing-construction";""
"https://www.bobvila.com/categories/before-you-buy";"https://www.bobvila.com/categories/buying-selling-homes";""
"https://www.bobvila.com/categories/before-you-buy/subcategories/affordability";"https://www.bobvila.com/categories/buying-selling-homes";""
"https://www.bobvila.com/categories/before-you-buy/subcategories/inspections";"https://www.bobvila.com/categories/buying-selling-homes";""
"https://www.bobvila.com/categories/before-you-buy/subcategories/old-vs-new";"https://www.bobvila.com/categories/buying-selling-homes";""
"https://www.bobvila.com/categories/before-you-sell";"https://www.bobvila.com/categories/buying-selling-homes";""
"https://www.bobvila.com/categories/before-you-sell/subcategories/appraisals";"https://www.bobvila.com/categories/buying-selling-homes";""
"https://www.bobvila.com/categories/before-you-sell/subcategories/evaluations";"https://www.bobvila.com/categories/buying-selling-homes";""
"https://www.bobvila.com/categories/before-you-sell/subcategories/staging";"https://www.bobvila.com/categories/buying-selling-homes";""
"https://www.bobvila.com/categories/building-green";"https://www.bobvila.com/categories/green";""
"https://www.bobvila.com/categories/carpentry-construction-materials";"https://www.bobvila.com/sections/tools-workshop";""
"https://www.bobvila.com/categories/carpets-rugs";"https://www.bobvila.com/categories/interior-design";""
"https://www.bobvila.com/categories/common-problems";"https://www.bobvila.com/categories/how-to-s-quick-tips";""
"https://www.bobvila.com/categories/construction";"https://www.bobvila.com/categories/managing-construction";""
"https://www.bobvila.com/categories/construction/subcategories/contractors";"https://www.bobvila.com/categories/managing-construction";""
"https://www.bobvila.com/categories/construction/subcategories/exteriors";"https://www.bobvila.com/categories/roofing-siding";""
"https://www.bobvila.com/categories/construction/subcategories/foundation";"https://www.bobvila.com/categories/foundation-framing";""
"https://www.bobvila.com/categories/construction/subcategories/roofing";"https://www.bobvila.com/categories/roofing-siding";""
"https://www.bobvila.com/categories/construction/subcategories/walls";"https://www.bobvila.com/categories/walls-ceilings";""
"https://www.bobvila.com/categories/construction/subcategories/windows";"https://www.bobvila.com/categories/doors-windows";""
"https://www.bobvila.com/categories/diy-projects";"https://www.bobvila.com/categories/how-to-s-quick-tips";""
"https://www.bobvila.com/categories/diy-projects/subcategories/appliances";"https://www.bobvila.com/categories/major-systems/subcategories/home-automation";""
"https://www.bobvila.com/categories/diy-projects/subcategories/decor";"https://www.bobvila.com/categories/interior-design";""
"https://www.bobvila.com/categories/diy-projects/subcategories/floor-tile";"https://www.bobvila.com/categories/flooring-stairs";""
"https://www.bobvila.com/categories/diy-projects/subcategories/other-diy";"https://www.bobvila.com/categories/how-to-s-quick-tips";""
"https://www.bobvila.com/categories/diy-projects/subcategories/painting";"https://www.bobvila.com/sections/painting";""
"https://www.bobvila.com/categories/diy-projects/subcategories/safety";"https://www.bobvila.com/categories/other-rooms/nursery";""
"https://www.bobvila.com/categories/diy-projects/subcategories/storage";"https://www.bobvila.com/categories/storage";""
"https://www.bobvila.com/categories/diy-projects/subcategories/trim-molding";"https://www.bobvila.com/sections/tools-workshop";""
"https://www.bobvila.com/diy-projects/subcategories/windows-walls-doors";"https://www.bobvila.com/categories/doors-windows";""
"https://www.bobvila.com/categories/floors-stairs-elevators";"https://www.bobvila.com/categories/flooring-stairs";""
"https://www.bobvila.com/categories/green-guidelines";"https://www.bobvila.com/categories/green";""
"https://www.bobvila.com/categories/green-guidelines/subcategories/products";"https://www.bobvila.com/categories/green";""
"https://www.bobvila.com/categories/green-rooms";"https://www.bobvila.com/categories/green";""
"https://www.bobvila.com/categories/green-rooms/subcategories/bath-kitchen";"https://www.bobvila.com/sections/kitchen";""
"https://www.bobvila.com/categories/green-rooms/subcategories/extra-rooms";"https://www.bobvila.com/categories/other-rooms";""
"https://www.bobvila.com/categories/green-rooms/subcategories/green-design";"https://www.bobvila.com/categories/green";""
"https://www.bobvila.com/categories/green-rooms/subcategories/green-flooring";"https://www.bobvila.com/categories/flooring-stairs";""
"https://www.bobvila.com/categories/hardware-accessories";"https://www.bobvila.com/categories/major-systems/subcategories/home-automation";""
"https://www.bobvila.com/categories/healthy-home";"https://www.bobvila.com/categories/green";""
"https://www.bobvila.com/categories/healthy-home/subcategories/air-quality";"https://www.bobvila.com/categories/green";""
"https://www.bobvila.com/categories/healthy-home/subcategories/air-quality";"https://www.bobvila.com/categories/green";""
"https://www.bobvila.com/categories/house-styles";"https://www.bobvila.com/categories/historic-homes-more";""
"https://www.bobvila.com/categories/house-styles/subcategories/contemporary";"https://www.bobvila.com/categories/historic-homes-more";""
"https://www.bobvila.com/categories/house-styles/subcategories/heritage";"https://www.bobvila.com/categories/historic-homes-more";""
"https://www.bobvila.com/categories/house-styles/subcategories/style-iq";"https://www.bobvila.com/categories/historic-homes-more";""
"https://www.bobvila.com/categories/interior-design-home-furnishings";"https://www.bobvila.com/categories/interior-design";""
"https://www.bobvila.com/categories/kitchen-bath";"https://www.bobvila.com/";"Bob Vila - Home Improvement";" Home Repair And Home Renovation"
"https://www.bobvila.com/categories/lawn-garden/subcategories/gardening";"https://www.bobvila.com/sections/lawn-garden";""
"https://www.bobvila.com/categories/lawn-garden/subcategories/landscaping";"https://www.bobvila.com/sections/lawn-garden";""
"https://www.bobvila.com/categories/lawn-garden/subcategories/outdoor-rooms";"https://www.bobvila.com/sections/lawn-garden";""
"https://www.bobvila.com/categories/lawn-garden/lighting-electrical";"https://www.bobvila.com/categories/major-systems/subcategories/lighting-electrical";""
"https://www.bobvila.com/categories/major-systmes";"https://www.bobvila.com/categories/major-systems";""
"https://www.bobvila.com/categories/major-systems/subcategories/electrical-plumbing";"https://www.bobvila.com/categories/major-systems";""
"https://www.bobvila.com/categories/old-houses";"https://www.bobvila.com/categories/historic-homes-more";""
"https://www.bobvila.com/categories/plumbing-septic-systems";"https://www.bobvila.com/categories/major-systems/subcategories/plumbing";""
"https://www.bobvila.com/categories/pools-spas";"https://www.bobvila.com/sections/lawn-garden";""
"https://www.bobvila.com/categories/remodeling";"https://www.bobvila.com/sections/more-home-improvement";""
"https://www.bobvila.com/categories/remodeling/subcategories/before-you-remodel";"https://www.bobvila.com/sections/more-home-improvement";""
"https://www.bobvila.com/categories/remodeling/subcategories/during-remodeling";"https://www.bobvila.com/sections/more-home-improvement";""
"https://www.bobvila.com/categories/rooms";"https://www.bobvila.com/categories/other-rooms";""
"https://www.bobvila.com/categories/rooms/subcategories/basement-garage";"https://www.bobvila.com/categories/basement-garage";""
"https://www.bobvila.com/categories/rooms/subcategories/bathroom";"https://www.bobvila.com/sections/bathroom";""
"https://www.bobvila.com/categories/rooms/subcategories/kitchen";"https://www.bobvila.com/sections/kitchen";""
"https://www.bobvila.com/categories/rooms/subcategories/other-rooms";"https://www.bobvila.com/categories/other-rooms";""
"https://www.bobvila.com/categories/saving-energy";"https://www.bobvila.com/categories/green";""
"https://www.bobvila.com/categories/saving-energy/subcategories/audits";"https://www.bobvila.com/categories/green";""
"https://www.bobvila.com/categories/saving-energy/subcategories/guidelines";"https://www.bobvila.com/categories/green";""
"https://www.bobvila.com/categories/saving-energy/subcategories/heating-cooling";"https://www.bobvila.com/categories/green";""
"https://www.bobvila.com/categories/saving-energy/subcategories/solar";"https://www.bobvila.com/categories/green";""
"https://www.bobvila.com/categories/saving-energy/subcategories/tips-tools";"https://www.bobvila.com/categories/green";""
"https://www.bobvila.com/categories/storm-proofing";"https://www.bobvila.com/categories/major-systems/subcategories/storm-proofing";""
"https://www.bobvila.com/categories/tools-workshop/subcategories/tools";"https://www.bobvila.com/sections/tools-workshop";""
"https://www.bobvila.com/categories/tools-workshop/subcategories/workshop";"https://www.bobvila.com/sections/tools-workshop";""
"https://www.bobvila.com/categories/tours-of-factories";"https://www.bobvila.com/categories/historic-homes-more";""
"https://www.bobvila.com/categories/tours-of-gardens";"https://www.bobvila.com/categories/historic-homes-more";""
"https://www.bobvila.com/sections/home-building";"https://www.bobvila.com/categories/managing-construction";""
"https://www.bobvila.com/sections/home-buying";"https://www.bobvila.com/categories/buying-selling-homes";""
"https://www.bobvila.com/sections/green";"https://www.bobvila.com/categories/green";""
"https://www.bobvila.com/sections/home-improvement/?";"https://www.bobvila.com/sections/more-home-improvement";""
"https://www.bobvila.com/sections/house-tours";"https://www.bobvila.com/categories/historic-homes-more";""
"https://www.bobvila.com/blogs/sections/building-materials/";"https://www.bobvila.com/blogs/sections/tools-workshop/";""
"https://www.bobvila.com/blogs/sections/home-finance/";"https://www.bobvila.com/blogs/sections/buying-selling-homes/";""
"https://www.bobvila.com/blogs/sections/home-improvement/";"https://www.bobvila.com/blogs/sections/top-tips-2/";""
"https://www.bobvila.com/blogs/sections/home-building/";"https://www.bobvila.com/blogs/sections/managing-construction/";""
"https://www.bobvila.com/blogs/sections/home-buying/";"https://www.bobvila.com/blogs/sections/buying-selling-homes/";""
"https://www.bobvila.com/blogs/sections/house-tours/";"https://www.bobvila.com/blogs/sections/house-envy/";""
"https://www.bobvila.com/blogs/sections/tooltime/";"https://www.bobvila.com/categories/tools-workshop";""
"https://www.bobvila.com/nation";"https://www.bobvila.com";"Bob Vila - Home Improvement";" Home Repair And Home Renovation"
"https://www.bobvila.com/posts/100902-multiple-dead-outlets-breaker-not-tripped";"https://www.bobvila.com/articles/electrical-outlet-not-working/";""
"https://www.bobvila.com/posts/23991-help-horrible-smell-in-only-one-room-in-house";"https://www.bobvila.com/slideshow/if-your-home-smells-funny-check-these-8-problem-areas-53144";""
"https://www.bobvila.com/posts/82844-15-amp-outlets-in-a-20-amp-circuit";"https://www.bobvila.com/articles/wiring-a-breaker-box/";""
"https://www.bobvila.com/posts/37766-what-type-of-insect-small-piles-like-coffee-grounds";"https://www.bobvila.com/articles/signs-of-termites/";""
"https://www.bobvila.com/posts/76903-15-amp-vs-20-amp-outlets";"https://www.bobvila.com/articles/types-of-electrical-outlets/";""
"https://www.bobvila.com/posts/83095-intermittent-loud-buzzing-vibrating-in-outside-wall";"https://www.bobvila.com/articles/strange-house-noises/";""
"https://www.bobvila.com/posts/52269-water-coming-out-of-shower-head-and-spout-at-the-same-time";"https://www.bobvila.com/articles/leaking-shower-head/";""
"https://www.bobvila.com/posts/54068-formula-for-gallons-of-water-per-square-foot";"https://www.bobvila.com/articles/2464-swimming-pools-101/";""
"https://www.bobvila.com/posts/190831-light-will-not-turn-off-using-light-switch";"https://www.bobvila.com/articles/how-to-replace-a-light-switch/";""
"https://www.bobvila.com/posts/80392-no-power-in-all-bathroom-outlets";"https://www.bobvila.com/articles/gfci-wont-reset/";""
"https://www.bobvila.com/posts/55196-showers-don-t-get-hot-water-but-everything-else-does";"https://www.bobvila.com/articles/no-hot-water/";""
"https://www.bobvila.com/posts/80332-please-help-with-hard-wired-smoke-detector-issue";"https://www.bobvila.com/articles/smoke-detector-beeping/";""
"https://www.bobvila.com/posts/30120-fan-remote-not-working-hampton-bay-fan-ligthing-co";"https://www.bobvila.com/articles/2479-how-to-install-a-ceiling-fan/";""
"https://www.bobvila.com/posts/56917-bad-smell-from-one-faucet";"https://www.bobvila.com/articles/sewer-smell-in-bathroom/";""
"https://www.bobvila.com/posts/86771-help-exterior-paint-used-inside-my-home";"https://www.bobvila.com/articles/types-of-paint/";""
"https://www.bobvila.com/posts/91046-vinyl-flooring-on-shower-walls";"https://www.bobvila.com/articles/vinyl-flooring-pros-and-cons/";""
"https://www.bobvila.com/posts/23217-weird-odor-in-bathroom";"https://www.bobvila.com/slideshow/the-8-easiest-ways-to-eliminate-bathroom-odor-51808";""
"https://www.bobvila.com/posts/77259-can-t-find-doorbell-transformer";"https://www.bobvila.com/articles/doorbell-not-working/";""
"https://www.bobvila.com/posts/99346-faint-gas-smell-from-hot-water-heater";"https://www.bobvila.com/articles/sulfur-smell-in-the-house/";""
"https://www.bobvila.com/posts/55465-bath-tub-faucet-height";"https://www.bobvila.com/articles/how-to-replace-a-tub-spout/";""
"https://www.bobvila.com/posts/83126-can-a-plug-in-wall-light-be-changed-to-a-hardwire-light";"https://www.bobvila.com/articles/how-to-install-a-light-fixture/";""
"https://www.bobvila.com/posts/89266-strong-cat-urine-in-sub-flooring";"https://www.bobvila.com/articles/how-to-get-rid-of-cat-pee-smell/";""
"https://www.bobvila.com/posts/29368-water-in-clothes-dryer";"https://www.bobvila.com/articles/dryer-not-drying/";""
"https://www.bobvila.com/posts/84705-remove-plaster-or-drywall-over-it";"https://www.bobvila.com/articles/drywall-vs-plaster/";""
"https://www.bobvila.com/posts/196237-poly-urethane-coating-turned-yellow";"https://www.bobvila.com/articles/how-to-apply-polyurethane-sealer/";""
"https://www.bobvila.com/posts/99252-loud-vibrating-sound-from-shower";"https://www.bobvila.com/articles/water-hammer/";""
"https://www.bobvila.com/posts/87692-patches-show-through";"https://www.bobvila.com/articles/how-to-fix-nail-holes/";""
"https://www.bobvila.com/posts/29716-refrigerator-water-not-cold";"https://www.bobvila.com/articles/refrigerator-troubleshooting/";""
"https://www.bobvila.com/posts/75706-10-gauge-wire-and-a-40-amp-circuit";"https://www.bobvila.com/articles/wiring-a-breaker-box/";""
"https://www.bobvila.com/posts/36960-paranoid-about-my-house-and-bouncy-floors";"https://www.bobvila.com/articles/leveling-a-floor/";""
"https://www.bobvila.com/posts/67473-can-you-completely-remove-cigarette-smoke-odor-from-a-home";"https://www.bobvila.com/articles/smoke-smell-removal/";""
"https://www.bobvila.com/forum";"https://www.bobvila.com/";"Bob Vila - Home Improvement";" Home Repair And Home Renovation"
"https://www.bobvila.com/posts/48082-how-to-keep-fence-post-from-rotting";"https://www.bobvila.com/articles/setting-fence-posts/";""
"https://www.bobvila.com/posts/69305-how-to-determine-proper-gas-line-size";"https://www.bobvila.com/sections/tv-shows/projects/29-cabin-in-the-woods/episodes/346-installing-windows-and-doors/videos/1149694788001-installing-a-gas-furnace";""
"https://www.bobvila.com/posts/197528-chemical-smell-coming-from-concrete-floors-and-walls";"https://www.bobvila.com/slideshow/if-your-home-smells-funny-check-these-8-problem-areas-53144";""
"https://www.bobvila.com/posts/21322-liftmaster-security-keypad-won-t-open-door-anymore";"https://www.bobvila.com/articles/garage-door-not-opening/";""
"https://www.bobvila.com/posts/25217-burning-rubber-odor-where-is-it-coming-from";"https://www.bobvila.com/slideshow/if-your-home-smells-funny-check-these-8-problem-areas-53144";""
"https://www.bobvila.com/posts/207603-black-strands-of-gunk-hanging-off-my-faucets-and-shower-head";"https://www.bobvila.com/slideshow/7-common-water-problems-and-their-cures-46072";""
"https://www.bobvila.com/posts/87611-help-removing-plaster-dust-from-hardwood-floors";"https://www.bobvila.com/articles/best-way-to-clean-hardwood-floors/";""
"https://www.bobvila.com/posts/89017-lingering-paint-fumes";"https://www.bobvila.com/articles/how-to-get-rid-of-paint-smell/";""
"https://www.bobvila.com/posts/61158-asbestos-floor-tile-and-black-mastic";"https://www.bobvila.com/articles/asbestos-floor-tiles/";""
"https://www.bobvila.com/posts/11358-help-basement-walls-are-crumbling";"https://www.bobvila.com/articles/fixes-for-worn-concrete/";""
"https://www.bobvila.com/posts/58361-mystery-leak-from-vent-pipe";"https://www.bobvila.com/articles/how-to-find-a-water-leak/";""
"https://www.bobvila.com/posts/55718-toilet-bowl-level-drops";"https://www.bobvila.com/articles/toilet-repairs/";""
"https://www.bobvila.com/posts/29627-what-kind-of-washer-and-dryer-hookup-do-i-have";"https://www.bobvila.com/articles/planning-guide-laundry-room-ideas/";""
"https://www.bobvila.com/posts/75021-disconnecting-outlets-from-switch";"https://www.bobvila.com/articles/how-to-wire-a-light-switch/";""
"https://www.bobvila.com/posts/47147-replacement-hidden-wall-mounting-bracket-for-towel-bar";"https://www.bobvila.com/articles/best-towel-bars/";""
"https://www.bobvila.com/posts/87008-do-you-have-to-paint-over-primer";"https://www.bobvila.com/articles/how-many-coats-of-primer/";""
"https://www.bobvila.com/posts/5702-help-i-spilled-nail-polish-remover-on-a-finished-table";"https://www.bobvila.com/slideshow/how-to-clean-everything-41401";""
"https://www.bobvila.com/posts/31554-what-s-normal-freezer-temperature-fluctuation";"https://www.bobvila.com/articles/freezer-not-freezing/";""
"https://www.bobvila.com/posts/946-making-a-proper-house-skirt-for-water-drainage";"https://www.bobvila.com/slideshow/6-smart-ways-to-prevent-a-soggy-yard-with-every-rain-shower-52840";""
"https://www.bobvila.com/posts/82977-what-size-wire-do-i-use-coming-off-the-pole-to-my-house";"https://www.bobvila.com/articles/wiring-a-breaker-box/";""
"https://www.bobvila.com/posts/79395-ceiling-fan-will-not-work-after-replacing-3-speed-pull-chain-switch";"https://www.bobvila.com/articles/2479-how-to-install-a-ceiling-fan/";""
"https://www.bobvila.com/posts/15209-should-i-worry-water-always-flowing-into-sump-pit";"https://www.bobvila.com/articles/basement-drains/";""
"https://www.bobvila.com/posts/10412-mysterious-drippings-on-siding";"https://www.bobvila.com/slideshow/15-places-water-damage-may-be-hiding-in-your-home-52971";""
"https://www.bobvila.com/posts/58935-tuscany-kitchen-faucet-vs-delta";"https://www.bobvila.com/articles/best-kitchen-faucet/";""
"https://www.bobvila.com/posts/74510-power-thru-outlet-to-light-switch";"https://www.bobvila.com/articles/how-to-wire-a-light-switch/";""
"https://www.bobvila.com/posts/72143-maple-syrup-smell";"https://www.bobvila.com/slideshow/if-your-home-smells-funny-check-these-8-problem-areas-53144";""
"https://www.bobvila.com/posts/79839-15-amp-versus-20-amp-lighting-circuit";"https://www.bobvila.com/articles/how-to-install-a-light-fixture/";""
"https://www.bobvila.com/posts/81219-surge-protector-for-refrigerator";"https://www.bobvila.com/articles/best-whole-house-surge-protector/";""
"https://www.bobvila.com/posts/75283-how-many-wires-through-holes-in-framing";"https://www.bobvila.com/articles/2028-workshop-electricity/";""
"https://www.bobvila.com/posts/85462-strange-paint-smell";"https://www.bobvila.com/articles/how-to-get-rid-of-paint-smell/";""
"https://www.bobvila.com/posts/40969-left-gas-in-lawnmower-all-winter";"https://www.bobvila.com/articles/winterize-lawn-mower/";""
"https://www.bobvila.com/posts/29238-is-it-possible-to-add-a-thermostat-control-to-a-window-a-c-unit";"https://www.bobvila.com/articles/installing-a-window-ac/";""
"https://www.bobvila.com/posts/51629-how-to-remove-stuck-plug-cleanout-cap";"https://www.bobvila.com/articles/clogged-kitchen-sink/";""
"https://www.bobvila.com/posts/60401-how-do-i-unclog-septic-tank-leach-field";"https://www.bobvila.com/articles/septic-systems/";""
"https://www.bobvila.com/posts/6742-which-way-is-up-for-installing-crown-molding";"https://www.bobvila.com/articles/crown-molding/";""
"https://www.bobvila.com/posts/29149-gas-line-preventing-slide-in-stove-from-pushing-in-all-the-way";"https://www.bobvila.com/articles/gas-vs-electric-stove/";""
"https://www.bobvila.com/posts/25300-ceiling-fan-is-not-blowing-air-why";"https://www.bobvila.com/articles/choosing-a-ceiling-fan/";""
"https://www.bobvila.com/posts/82070-wiring-on-ceiling-fan-light-combo-with-remote-and-independent-wall-switches";"https://www.bobvila.com/articles/2479-how-to-install-a-ceiling-fan/";""
"https://www.bobvila.com/posts/17190-why-do-outside-doors-open-inward";"https://www.bobvila.com/articles/343-how-to-install-a-new-door/";""
"https://www.bobvila.com/posts/36946-2x4-s-vs-2x6-s";"https://www.bobvila.com/articles/lumber-sizes/";""
"https://www.bobvila.com/posts/19768-window-condensation-outside-on-some-windows-not-others";"https://www.bobvila.com/articles/condensation-on-windows/";""
"https://www.bobvila.com/posts/30982-condensation-in-dryer-vent";"https://www.bobvila.com/articles/how-to-clean-a-dryer-vent/";""
"https://www.bobvila.com/posts/29196-white-residue-in-dishwasher";"https://www.bobvila.com/articles/how-to-clean-a-dishwasher/";""
"https://www.bobvila.com/posts/4385-difference-between-flat-and-angle-finish-nailer";"https://www.bobvila.com/articles/best-finish-nailer/";""
"https://www.bobvila.com/posts/80992-wire-a-60-gallon-220-air-compressor";"https://www.bobvila.com/articles/441-compressed-air-tools/";""
"https://www.bobvila.com/posts/18800-silverline-replacement-windows";"https://www.bobvila.com/articles/2505-replacement-windows-101/";""
"https://www.bobvila.com/posts/76642-smooth-wire-to-black-ribbed-to-white";"https://www.bobvila.com/articles/electrical-wire-colors/";""
"https://www.bobvila.com/posts/102850-rancid-paint";"https://www.bobvila.com/articles/how-long-does-paint-last/";""
"https://www.bobvila.com/posts/81724-hunter-ceiling-fan-with-remote-a-few-issues-with-wall-switch";"https://www.bobvila.com/articles/2479-how-to-install-a-ceiling-fan/";""
"https://www.bobvila.com/posts/84984-wallpaper-glue-won-t-come-off-the-walls";"https://www.bobvila.com/articles/how-to-remove-wallpaper-glue/";""
"https://www.bobvila.com/posts/51649-brand-new-hot-water-heater-still-not-working";"https://www.bobvila.com/articles/no-hot-water/";""
"https://www.bobvila.com/posts/91472-attaching-threshold-to-concrete-floor";"https://www.bobvila.com/articles/how-to-drill-into-concrete/";""
"https://www.bobvila.com/posts/82832-outlets-keep-losing-power";"https://www.bobvila.com/articles/electrical-outlet-not-working/";""
"https://www.bobvila.com/posts/48348-deck-decking-nail-vs-screw-which-is-better";"https://www.bobvila.com/articles/nails-vs-screws/";""
"https://www.bobvila.com/posts/74021-return-air-filter-grill-latches";"https://www.bobvila.com/articles/how-often-to-replace-air-filter/";""
"https://www.bobvila.com/posts/60615-slow-leak-at-main-water-shut-off-valve";"https://www.bobvila.com/articles/plumbing-repairs/";""
"https://www.bobvila.com/posts/20850-mastercraft-doors-are-garbage";"https://www.bobvila.com/articles/front-door-ideas/";""
"https://www.bobvila.com/posts/55864-toilet-won-t-flush-after-a-heavy-rain";"https://www.bobvila.com/articles/toilet-wont-flush/";""
"https://www.bobvila.com/posts/29301-can-t-put-oven-door-back-on";"https://www.bobvila.com/articles/oven-not-heating/";""
"https://www.bobvila.com/posts/189790-help-interior-paint-used-on-our-exterior";"https://www.bobvila.com/articles/types-of-paint/";""
"https://www.bobvila.com/posts/32119-can-i-turn-a-built-in-dishwasher-into-a-portable";"https://www.bobvila.com/articles/best-portable-dishwasher/";""
"https://www.bobvila.com/posts/6664-thomasville-or-schuler-cabinetry";"https://www.bobvila.com/articles/buying-kitchen-cabinets/";""
"https://www.bobvila.com/posts/69426-strange-odor-coming-from-vents-when-furnace-operates";"https://www.bobvila.com/slideshow/if-your-home-smells-funny-check-these-8-problem-areas-53144";""
"https://www.bobvila.com/posts/87189-drywall-for-9-ceiling";"https://www.bobvila.com/articles/1014-quick-tip-installing-drywall/";""
"https://www.bobvila.com/posts/8944-does-bleach-damage-asphalt-shingles";"https://www.bobvila.com/articles/best-roof-cleaner/";""
"https://www.bobvila.com/posts/85915-removing-wood-filler";"https://www.bobvila.com/articles/how-to-use-wood-filler/";""
"https://www.bobvila.com/posts/61214-asbestos-floor-tile-black-mastic-issue";"https://www.bobvila.com/articles/asbestos-floor-tiles/";""
"https://www.bobvila.com/posts/18017-anlin-windows-are-they-good";"https://www.bobvila.com/articles/buyers-guide-replacement-windows/";""
"https://www.bobvila.com/posts/18332-replacing-glass-on-anderson-windows";"https://www.bobvila.com/articles/2505-replacement-windows-101/";""
"https://www.bobvila.com/posts/49211-trex-decking-problems";"https://www.bobvila.com/articles/composite-decking-101/";""
"https://www.bobvila.com/posts/41840-obsolete-spare-parts-for-craftsman-tools";"https://www.bobvila.com/articles/best-tool-brands/";""
"https://www.bobvila.com/posts/49418-trex-decking-problem";"https://www.bobvila.com/articles/composite-decking-101/";""
"https://www.bobvila.com/posts/17885-poor-performing-simonton-windows";"https://www.bobvila.com/articles/buyers-guide-replacement-windows/";""
"https://www.bobvila.com/posts/21053-levolor-vs-lowes-blinds-com";"https://www.bobvila.com/articles/best-places-to-buy-blinds-online/";""
"https://www.bobvila.com/posts/104291-timbertech-deck-problems";"https://www.bobvila.com/articles/composite-decking-101/";""
"https://www.bobvila.com/posts/27015-thinking-outside-smartshed-deluxe-parts";"https://www.bobvila.com/articles/best-sheds/";""
"https://www.bobvila.com/posts/67139-gas-fireplace-logs-and-odor";"https://www.bobvila.com/articles/2051-gas-fireplaces-101/";""
"https://www.bobvila.com/posts/58523-best-water-softener";"https://www.bobvila.com/articles/best-water-softener/";""
"https://www.bobvila.com/posts/9474-particle-board-vs-plywood";"https://www.bobvila.com/articles/mdf-vs-plywood/";""
"https://www.bobvila.com/posts/9474-particle-board-vs-plywood?page=1";"https://www.bobvila.com/articles/mdf-vs-plywood/";""
"https://www.bobvila.com/posts/14726-basement-product-sani-tred";"https://www.bobvila.com/articles/tips-for-waterproofing-basement-walls/";""
"https://www.bobvila.com/forums";"https://www.bobvila.com/";"Bob Vila - Home Improvement";" Home Repair And Home Renovation"
"https://www.bobvila.com/posts/28832-dryer-vent-louver-replacements";"https://www.bobvila.com/articles/best-dryer-vent/";""
"https://www.bobvila.com/posts/15437-sani-tred-discussion";"https://www.bobvila.com/articles/tips-for-waterproofing-basement-walls/";""
"https://www.bobvila.com/posts/83869-how-to-remove-texture-on-interior-walls";"https://www.bobvila.com/articles/how-to-remove-texture-from-walls/";""
"https://www.bobvila.com/posts/40289-changing-bulb-in-track-lighting?page=1";"https://www.bobvila.com/articles/track-lighting-101/";""
"https://www.bobvila.com/posts/40289-changing-bulb-in-track-lighting";"https://www.bobvila.com/articles/track-lighting-101/";""
"https://www.bobvila.com/posts/95957-tile-baseboard";"https://www.bobvila.com/articles/can-you-tile-over-tile/";""
"https://www.bobvila.com/posts/83642-again-knotty-pine-covering-ideas";"https://www.bobvila.com/articles/how-to-paint-wood-paneling/";""
"https://www.bobvila.com/posts/6503-french-door-repair?page=1";"https://www.bobvila.com/articles/how-to-fix-a-sticking-door/";""
"https://www.bobvila.com/posts/6503-french-door-repair";"https://www.bobvila.com/articles/how-to-fix-a-sticking-door/";""
"https://www.bobvila.com/posts/55594-fishy-smell-in-house";"https://www.bobvila.com/articles/fish-smell-in-house/";""
"https://www.bobvila.com/posts/55594-fishy-smell-in-house?page=2";"https://www.bobvila.com/articles/fish-smell-in-house/";""
"https://www.bobvila.com/posts/21930-how-to-cut-masonite?page=1";"https://www.bobvila.com/articles/cutting-plywood/";""
"https://www.bobvila.com/posts/21930-how-to-cut-masonite";"https://www.bobvila.com/articles/cutting-plywood/";""
"https://www.bobvila.com/posts/21930-how-to-cut-masonite?page=1";"https://www.bobvila.com/articles/cutting-plywood/";""
"https://www.bobvila.com/posts/96018-ceramic-tile-on-bathroom-ceiling?page=1";"https://www.bobvila.com/articles/2327-how-to-install-ceramic-tile/";""
"https://www.bobvila.com/posts/96018-ceramic-tile-on-bathroom-ceiling";"https://www.bobvila.com/articles/2327-how-to-install-ceramic-tile/";""
"https://www.bobvila.com/posts/19768-window-condensation-outside-on-some-windows-not-others";"https://www.bobvila.com/articles/condensation-on-windows/";""
"https://www.bobvila.com/posts/19768-window-condensation-outside-on-some-windows-not-others?page=1";"https://www.bobvila.com/articles/condensation-on-windows/";""
"https://www.bobvila.com/posts/55864-toilet-won-t-flush-after-a-heavy-rain";"https://www.bobvila.com/articles/toilet-wont-flush/";""
"https://www.bobvila.com/posts/83095-intermittent-loud-buzzing-vibrating-in-outside-wall";"https://www.bobvila.com/articles/strange-house-noises/";""
"https://www.bobvila.com/posts/85331-what-type-of-paint-to-use-for-popcorn-ceiling";"https://www.bobvila.com/articles/how-to-paint-popcorn-ceiling/";""
"https://www.bobvila.com/posts/80332-please-help-with-hard-wired-smoke-detector-issue";"https://www.bobvila.com/articles/smoke-detector-beeping/";""
"https://www.bobvila.com/posts/51421-replacing-lead-drainage-pipe";"https://www.bobvila.com/articles/lead-pipes/";""
"https://www.bobvila.com/posts/85331-what-type-of-paint-to-use-for-popcorn-ceiling?page=1";"https://www.bobvila.com/articles/how-to-paint-popcorn-ceiling/";""
"https://www.bobvila.com/posts/19768-window-condensation-outside-on-some-windows-not-others?page=1";"https://www.bobvila.com/articles/condensation-on-windows/";""
"https://www.bobvila.com/posts/85331-what-type-of-paint-to-use-for-popcorn-ceiling?page=1";"https://www.bobvila.com/articles/how-to-paint-popcorn-ceiling/";""
"https://www.bobvila.com/posts/38313-pouring-a-foundation-during-the-winter";"https://www.bobvila.com/articles/442-concrete-block-and-slab-foundations/";""
"https://www.bobvila.com/posts/38313-pouring-a-foundation-during-the-winter";"https://www.bobvila.com/articles/442-concrete-block-and-slab-foundations/";""
"https://www.bobvila.com/posts/35429-weight-a-wood-beam-will-carry";"https://www.bobvila.com/articles/exposed-ceiling-beams/";""
"https://www.bobvila.com/posts/188094-shaw-versalock-laminate-flooring-discontinued";"https://www.bobvila.com/articles/best-laminate-flooring/";""
"https://www.bobvila.com/posts/26331-garage-door";"https://www.bobvila.com/articles/how-to-choose-a-garage-door/";""
"https://www.bobvila.com/posts/19788-how-to-remove-screen-from-forever-door-screen-door";"https://www.bobvila.com/articles/replacing-patio-door-screen/";""
"https://www.bobvila.com/posts/5652-load-bearing-capacity-of-2x10-floor-joist";"https://www.bobvila.com/articles/how-to-remove-a-load-bearing-wall/";""
"https://www.bobvila.com/posts/191751-discontinued-pergo-flooring";"https://www.bobvila.com/articles/best-laminate-flooring/";""
"https://www.bobvila.com/posts/37012-weight-limit-on-2nd-story-floor";"https://www.bobvila.com/articles/attic-flooring/";""
"https://www.bobvila.com/posts/204065-whirlpool-top-load-washer-problems";"https://www.bobvila.com/articles/washer-wont-spin/";""
"https://www.bobvila.com/posts/20959-sliding-patio-door";"https://www.bobvila.com/articles/best-patio-doors/";""
"https://www.bobvila.com/posts/52546-running-a-water-line-to-fridge";"https://www.bobvila.com/articles/turn-off-water/";""
"https://www.bobvila.com/posts/80916-lighting-controlled-by-photocell-and-override-switch";"https://www.bobvila.com/articles/best-smart-light-switch/";""
"https://www.bobvila.com/posts/91079-moisture-under-tile";"https://www.bobvila.com/articles/replace-a-subfloor/";""
"https://www.bobvila.com/posts/99331-water-heater-while-on-vacation";"https://www.bobvila.com/articles/indirect-water-heaters/";""
"https://www.bobvila.com/posts/196232-best-way-to-trim-a-too-small-wall-oven-opening";"https://www.bobvila.com/slideshow/9-simple-diy-ways-to-reinvent-your-kitchen-cabinets-49215";""
"https://www.bobvila.com/posts/222106-discontinued-marazzi-ceramic-tile";"https://www.bobvila.com/slideshow/10-shower-tile-ideas-that-make-a-splash-52690";""
"https://www.bobvila.com/posts/23126-water-leak-in-closet";"https://www.bobvila.com/articles/how-to-find-a-water-leak/";""
"https://www.bobvila.com/posts/30417-kenmore-elite-he3-dryer-stopping-in-a-few-mintues-after-starting";"https://www.bobvila.com/articles/dryer-wont-start/";""
"https://www.bobvila.com/posts/32149-ge-induction-cooktop";"https://www.bobvila.com/articles/best-induction-cooktop/";""
"https://www.bobvila.com/posts/32332-ge-dual-wave-ii-model-jkp68g0k2-wall-oven-micro-install";"https://www.bobvila.com/sections/tv-shows/projects/13-vermont-farmhouse/episodes/159-kitchen-update-and-bathroom-tile-installation/videos/";""
"https://www.bobvila.com/posts/36912-hardie-plank-pros-and-cons";"https://www.bobvila.com/articles/fiber-cement-siding/";""
"https://www.bobvila.com/posts/42819-electric-motor-for-old-craftsman-table-saw";"https://www.bobvila.com/articles/best-table-saw/";""
"https://www.bobvila.com/posts/75653-putting-outlets-in-the-floor?";"https://www.bobvila.com/articles/gfci-outlets/";""
"https://www.bobvila.com/posts/12479-replacing-basement-support-posts";"https://www.bobvila.com/articles/wood-rot/";""
"https://www.bobvila.com/posts/16110-insulating-outdoor-pvc-pipe";"https://www.bobvila.com/articles/how-to-insulate-pipes/";""
"https://www.bobvila.com/posts/183681-cannot-get-craftsman-keypad-to-open-garage-door";"https://www.bobvila.com/articles/garage-door-not-opening/";""
"https://www.bobvila.com/posts/195465-rust-oleum-restore";"https://www.bobvila.com/articles/best-deck-resurfacer/";""
"https://www.bobvila.com/posts/19820-pella-door-problems";"https://www.bobvila.com/articles/best-storm-doors/";""
"https://www.bobvila.com/posts/20093-craftsman-garage-door-key-pad-not-working";"https://www.bobvila.com/articles/garage-door-not-opening/";""
"https://www.bobvila.com/posts/20625-peachtree-patio-door";"https://www.bobvila.com/articles/best-patio-doors/";""
"https://www.bobvila.com/posts/32016-how-do-i-paint-the-inside-of-my-refrigerator";"https://www.bobvila.com/articles/painting-appliances/";""
"https://www.bobvila.com/posts/49587-trex-deck-mold-problem";"https://www.bobvila.com/articles/best-deck-cleaner/";""
"https://www.bobvila.com/posts/76638-still-have-power-with-switch-off";"https://www.bobvila.com/articles/electrical-outlet-not-working/";""
"https://www.bobvila.com/posts/8699-tyvek-vs-insulation";"https://www.bobvila.com/articles/2083-home-renovation-ventilation-and-insulation/";""
"https://www.bobvila.com/posts/98155-complaint-with-lumber-liquidators";"https://www.bobvila.com/slideshow/19-affordable-options-for-beautiful-hardwood-flooring-52624";""
"https://www.bobvila.com/posts/95158-rotten-spot-in-bathroom-subfloor";"https://www.bobvila.com/articles/replace-a-subfloor/";""
"https://www.bobvila.com/posts/132188-water-under-slab-foundation";"https://www.bobvila.com/articles/replace-a-subfloor/";""
"https://www.bobvila.com/posts/17602-glass-on-storm-door-makes-front-door-extremely-hot";"https://www.bobvila.com/slideshow/14-eye-catching-options-for-your-front-door-8454";""
"https://www.bobvila.com/posts/19992-rough-opening-for-patio-doors";"https://www.bobvila.com/articles/best-patio-doors/";""
"https://www.bobvila.com/posts/28106-microwave-amps";"https://www.bobvila.com/articles/best-small-microwave/";""
"https://www.bobvila.com/posts/38555-are-footer-drains-required-for-slabs?";"https://www.bobvila.com/articles/basement-drains/";""
"https://www.bobvila.com/posts/46888-anderson-windows";"https://www.bobvila.com/articles/2505-replacement-windows-101/";""
"https://www.bobvila.com/posts/47224-fasco-bath-exhaust-fan-parts";"https://www.bobvila.com/articles/how-to-choose-an-exhaust-fan/";""
"https://www.bobvila.com/posts/48520-mildew-on-timbertech-composite-decking";"https://www.bobvila.com/articles/best-deck-cleaner/";""
"https://www.bobvila.com/posts/55936-small-nail-hole-in-pvc";"https://www.bobvila.com/articles/best-pipe-thread-sealant/";""
"https://www.bobvila.com/posts/82083-recessed-lights-going-off-intermittently";"https://www.bobvila.com/articles/flickering-lights/";""
"https://www.bobvila.com/posts/9879-certainteed-vs-owens-corning";"https://www.bobvila.com/slideshow/asphalt-shingles-a-showcase-of-roofing-styles-colors-and-options-1791";""
"https://www.bobvila.com/posts/10838-removing-aluminum-siding";"https://www.bobvila.com/articles/painting-aluminum-siding/";""
"https://www.bobvila.com/posts/13829-unexplained-stains-on-drywall-walls";"https://www.bobvila.com/articles/bubbling-paint/";""
"https://www.bobvila.com/posts/15602-attic-humidity";"https://www.bobvila.com/articles/attic-ventilation/";""
"https://www.bobvila.com/posts/192842-grohe-soap-dish-replacement-on-a-shower-bar";"https://www.bobvila.com/articles/best-soap-dish/";""
"https://www.bobvila.com/posts/20127-sound-reducing-windows";"https://www.bobvila.com/articles/soundproofing-windows/";""
"https://www.bobvila.com/posts/20931-vetter-windows";"https://www.bobvila.com/articles/wood-rot/";""
"https://www.bobvila.com/posts/31167-outdoor-refrigerator-in-winter";"https://www.bobvila.com/articles/best-garage-refrigerator/";""
"https://www.bobvila.com/posts/42450-tool-shop-brand-of-tools";"https://www.bobvila.com/articles/best-tool-brands/";""
"https://www.bobvila.com/posts/48093-staining-cedar";"https://www.bobvila.com/articles/best-stain-for-cedar/";""
"https://www.bobvila.com/posts/55207-incepa-toilet-seat";"https://www.bobvila.com/articles/best-toilet-seat/";""
"https://www.bobvila.com/posts/7426-how-to-finish-dry-wall-up-to-brick-chimney";"https://www.bobvila.com/articles/how-to-mud-drywall/";""
"https://www.bobvila.com/posts/74461-garage-door-wiring";"https://www.bobvila.com/articles/garage-door-opener-installation/";""
"https://www.bobvila.com/newsletters/new";"https://link.bobvila.com/join/79r/signup-bob-vila&hash=6e1bb81672e718f67e519aa91a0aabd1";"Bob Vila Newsletter"
"https://www.bobvila.com/newsletters";"https://link.bobvila.com/join/79r/signup-bob-vila&hash=6e1bb81672e718f67e519aa91a0aabd1";"Bob Vila Newsletter"
"https://www.bobvila.com/pages/house-lovers";"https://link.bobvila.com/join/79r/signup-bob-vila&hash=6e1bb81672e718f67e519aa91a0aabd1";"Bob Vila Newsletter"
"https://www.bobvila.com/pages/weekend-diy-club";"https://link.bobvila.com/join/79r/signup-bob-vila&hash=6e1bb81672e718f67e519aa91a0aabd1";"Bob Vila Newsletter"
"https://www.bobvila.com/pages/holidays";"https://link.bobvila.com/join/79r/signup-bob-vila&hash=6e1bb81672e718f67e519aa91a0aabd1";"Bob Vila Newsletter"
"https://www.bobvila.com/pages/clean-sweep";"https://link.bobvila.com/join/79r/signup-bob-vila&hash=6e1bb81672e718f67e519aa91a0aabd1";"Bob Vila Newsletter"
"https://www.bobvila.com/pages/two-cents";"https://link.bobvila.com/join/79r/signup-bob-vila&hash=6e1bb81672e718f67e519aa91a0aabd1";"Bob Vila Newsletter"
"https://www.bobvila.com/pages/the-dirt";"https://link.bobvila.com/join/79r/signup-bob-vila&hash=6e1bb81672e718f67e519aa91a0aabd1";"Bob Vila Newsletter"
"https://www.bobvila.com/pages/bob-vilas-daily-newsletter";"https://link.bobvila.com/join/79r/signup-bob-vila&hash=6e1bb81672e718f67e519aa91a0aabd1";"Bob Vila Newsletter"
"https://www.bobvila.com/how-to-center";"https://www.bobvila.com/find-info#!how-to-s-quick-tips";"How To's & Quick Tips - Find Info - Bob Vila"
