URLs that 301s,Ultimate Redirect Destination URL
https://www.bobvila.com/slideshow/6-beginner-ways-to-use-a-woodworking-router-48076,https://www.bobvila.com/articles/how-to-use-a-router/
https://www.bobvila.com/slideshow/50-great-gadgets-for-a-smarter-home-50852,https://www.bobvila.com/articles/best-smart-home-devices/
https://www.bobvila.com/slideshow/buyer-s-guide-the-best-wood-stoves-49464,https://www.bobvila.com/articles/best-wood-stoves/
https://www.bobvila.com/slideshow/10-space-heaters-we-love-20248,https://www.bobvila.com/articles/best-space-heater/
https://www.bobvila.com/slideshow/bob-vila-s-7-essential-woodworking-tools-46645,https://www.bobvila.com/articles/best-woodworking-tools/
https://www.bobvila.com/slideshow/7-incredible-uses-for-salvaged-lumber-48243,https://www.bobvila.com/slideshow/15-ways-to-use-salvaged-wood-in-your-home-13311
https://www.bobvila.com/slideshow/10-brilliant-ways-to-lock-a-door-without-a-lock-580192,https://www.bobvila.com/articles/how-to-lock-a-door-without-a-lock/
https://www.bobvila.com/slideshow/the-9-best-types-of-gravel-for-your-driveway-51524,https://www.bobvila.com/articles/best-gravel-for-driveways/
https://www.bobvila.com/slideshow/editors-picks-today-s-top-7-vacuum-cleaners-48473,https://www.bobvila.com/articles/best-vacuums/
https://www.bobvila.com/slideshow/buyer-s-guide-6-best-garage-door-openers-49420,https://www.bobvila.com/articles/best-garage-door-openers/
https://www.bobvila.com/slideshow/7-clever-ways-to-unclog-a-toilet-without-a-plunger-49465,https://www.bobvila.com/articles/how-to-unclog-a-toilet/
https://www.bobvila.com/slideshow/it-s-not-me-it-s-you-the-10-toughest-houseplants-to-keep-alive-51072,https://www.bobvila.com/articles/hardest-plant-to-grow/
https://www.bobvila.com/slideshow/these-13-plants-really-repel-mosquitoes-52980,https://www.bobvila.com/articles/plants-that-keep-mosquitoes-away/
https://www.bobvila.com/slideshow/the-most-affordable-ways-to-fence-in-a-yard-52871,https://www.bobvila.com/articles/cheap-fence-ideas/
https://www.bobvila.com/slideshow/7-awesome-outdoor-lighting-ideas-for-your-backyard-52782,https://www.bobvila.com/articles/backyard-lighting-ideas/
https://www.bobvila.com/slideshow/your-guide-to-navigating-the-new-world-of-light-bulbs-48084,https://www.bobvila.com/articles/types-of-light-bulbs/
https://www.bobvila.com/slideshow/bob-vila-s-top-10-christmas-tree-stands-46536,https://www.bobvila.com/articles/best-christmas-tree-stand/
https://www.bobvila.com/slideshow/wheelbarrows-to-lighten-your-load-34933,https://www.bobvila.com/articles/best-wheelbarrow/
https://www.bobvila.com/slideshow/the-best-low-maintenance-ground-covers-for-your-garden-51253,https://www.bobvila.com/articles/ground-cover-plants/
https://www.bobvila.com/slideshow/ready-made-residences-14-ultra-cool-prefab-homes-47440,https://www.bobvila.com/articles/kit-homes/
https://www.bobvila.com/slideshow/19-kit-homes-you-can-buy-and-build-yourself-44417,https://www.bobvila.com/articles/kit-homes/
https://www.bobvila.com/slideshow/10-tiny-bugs-in-your-house-and-how-to-get-rid-of-them-50827,https://www.bobvila.com/articles/how-to-get-rid-of-bugs-in-house/
https://www.bobvila.com/slideshow/know-your-door-styles-10-popular-designs-44296,https://www.bobvila.com/articles/types-of-doors/
https://www.bobvila.com/slideshow/12-exterior-paint-colors-that-ll-help-sell-your-house-47419,https://www.bobvila.com/articles/exterior-house-paint-color/
https://www.bobvila.com/slideshow/the-dos-and-don-ts-for-landscaping-around-trees-52681,https://www.bobvila.com/articles/landscaping-around-trees/
https://www.bobvila.com/slideshow/10-ways-to-use-coconut-oil-around-the-house-243702,https://www.bobvila.com/articles/coconut-oil-uses/
https://www.bobvila.com/slideshow/10-incredibly-useful-products-when-getting-ready-for-an-open-house-579391,https://www.bobvila.com/slideshow/the-best-and-worst-things-you-can-do-before-an-open-house-50130
https://www.bobvila.com/slideshow/6-pumpkin-carving-tools-to-put-the-jack-in-your-lantern-10915,https://www.bobvila.com/articles/best-pumpkin-carving-tools/
https://www.bobvila.com/slideshow/20-remarkably-easy-ways-to-create-a-dust-free-home-47177,https://www.bobvila.com/articles/how-to-get-rid-of-dust/
https://www.bobvila.com/slideshow/small-miracles-9-amazing-home-repair-products-48569,https://www.bobvila.com/articles/amazing-home-repair-products/
https://www.bobvila.com/slideshow/10-stylish-pellet-stoves-to-warm-up-your-home-21193,https://www.bobvila.com/articles/best-pellet-stoves/
https://www.bobvila.com/slideshow/8-home-hazards-and-how-to-mitigate-them-45619,https://www.bobvila.com/slideshow/11-home-hazards-to-know-and-avoid-47723
https://www.bobvila.com/slideshow/9-reasons-every-household-should-have-a-portable-generator-53142,https://www.bobvila.com/articles/generator-uses/
https://www.bobvila.com/slideshow/proceed-with-caution-10-power-tools-that-can-kill-you-51008,https://www.bobvila.com/articles/most-dangerous-power-tools/
https://www.bobvila.com/slideshow/7-simple-soundproofing-solutions-for-your-bedroom-53274,https://www.bobvila.com/articles/how-to-soundproof-a-bedroom/
https://www.bobvila.com/slideshow/if-your-home-smells-funny-check-these-12-problem-areas-53144,https://www.bobvila.com/articles/how-to-get-rid-of-odors-in-house/
https://www.bobvila.com/slideshow/9-bad-habits-that-are-killing-your-appliances-49462,https://www.bobvila.com/articles/bad-habits-appliances/
https://www.bobvila.com/slideshow/9-ways-to-turn-your-house-into-a-smart-home-44695,https://www.bobvila.com/articles/best-smart-home-devices/
https://www.bobvila.com/slideshow/8-signs-you-may-have-mice-50194,https://www.bobvila.com/articles/signs-of-mice/
https://www.bobvila.com/slideshow/10-rebates-and-tax-credits-more-homeowners-should-take-advantage-of-52329,https://www.bobvila.com/articles/home-improvement-tax-credits/
https://www.bobvila.com/slideshow/8-patio-heaters-to-keep-you-comfy-outdoors-46207,https://www.bobvila.com/articles/best-patio-heater/
https://www.bobvila.com/slideshow/the-12-biggest-mistakes-you-could-make-with-a-smart-home-52713,https://www.bobvila.com/articles/smart-home-mistakes/
https://www.bobvila.com/slideshow/8-disease-resistant-apple-tree-varieties-8451,https://www.bobvila.com/articles/disease-resistant-apple-trees/
https://www.bobvila.com/slideshow/13-incredibly-handy-items-that-make-great-housewarming-gifts-578200,https://www.bobvila.com/articles/housewarming-gifts/
https://www.bobvila.com/slideshow/recipe-for-success-10-easy-kitchen-storage-hacks-46451,https://www.bobvila.com/articles/kitchen-storage-hacks/
https://www.bobvila.com/slideshow/everything-you-need-for-tailgating-season-this-year-52386,https://www.bobvila.com/articles/tailgating-essentials-2022/
https://www.bobvila.com/slideshow/12-plants-you-can-grow-successfully-in-the-shower-53641,https://www.bobvila.com/articles/shower-plants/
https://www.bobvila.com/slideshow/the-15-best-plants-to-grow-for-backyard-privacy-50057,https://www.bobvila.com/articles/best-trees-for-privacy/
https://www.bobvila.com/slideshow/7-totally-unique-table-lamps-for-a-modern-home-48291,https://www.bobvila.com/articles/best-table-lamps/
https://www.bobvila.com/slideshow/the-gear-you-need-to-fight-the-worst-of-winter-48266,https://www.bobvila.com/slideshow/the-50-best-products-for-surviving-winter-51844
https://www.bobvila.com/slideshow/the-13-best-snow-blowers-of-2022-49537,https://www.bobvila.com/articles/best-snow-blower/
https://www.bobvila.com/slideshow/the-8-best-paint-colors-for-a-restful-sleep-50529,https://www.bobvila.com/articles/relaxing-bedroom-paint-colors/
https://www.bobvila.com/slideshow/10-diy-sauna-kits-you-can-assemble-yourself-at-home-580577,https://www.bobvila.com/articles/best-home-saunas/
https://www.bobvila.com/slideshow/beat-the-heat-16-diy-outdoor-showers-to-cool-you-down-44676,https://www.bobvila.com/articles/best-outdoor-showers/
https://www.bobvila.com/slideshow/wage-war-on-weeds-with-6-unbeatable-tools-49104,https://www.bobvila.com/articles/best-weeding-tool/
https://www.bobvila.com/slideshow/11-desk-lamps-to-lighten-any-task-46110,https://www.bobvila.com/articles/best-desk-lamp/
https://www.bobvila.com/slideshow/11-ways-to-get-rid-of-mice-47935,https://www.bobvila.com/articles/how-to-get-rid-of-mice/
https://www.bobvila.com/slideshow/8-high-tech-bug-zappers-for-your-backyard-47661,https://www.bobvila.com/articles/best-bug-zappers/
https://www.bobvila.com/slideshow/the-10-best-sheds-for-your-backyard-50999,https://www.bobvila.com/articles/best-sheds/
https://www.bobvila.com/slideshow/12-things-every-homeowner-needs-48953,https://www.bobvila.com/articles/tools-for-new-homeowners/
https://www.bobvila.com/slideshow/7-great-places-to-bunk-at-america-s-national-parks-3740,https://www.bobvila.com/slideshow/20-spectacular-lodgings-in-america-s-national-parks-52747
https://www.bobvila.com/slideshow/15-top-rated-color-combinations-for-your-home-exterior-52142,https://www.bobvila.com/articles/best-exterior-house-color-combinations/
https://www.bobvila.com/slideshow/7-of-the-best-trees-you-can-grow-indoors-50276,https://www.bobvila.com/articles/best-indoor-trees/
https://www.bobvila.com/slideshow/20-plants-to-use-as-lawn-and-garden-borders-52237,https://www.bobvila.com/articles/border-plants/
https://www.bobvila.com/slideshow/10-of-the-best-porch-swings-you-can-buy-on-a-budget-52088,https://www.bobvila.com/articles/best-porch-swing/
https://www.bobvila.com/slideshow/14-bright-ideas-for-lighting-your-backyard-44312,https://www.bobvila.com/articles/backyard-lighting-ideas/
https://www.bobvila.com/slideshow/10-enchanting-landscape-lighting-solutions-47666,https://www.bobvila.com/articles/backyard-lighting-ideas/
https://www.bobvila.com/slideshow/outdoor-lighting-12-products-to-light-your-way-2425,https://www.bobvila.com/articles/backyard-lighting-ideas/
https://www.bobvila.com/slideshow/how-to-make-a-children-s-building-block-wreath-2188,https://www.bobvila.com/articles/how-to-make-a-wreath/
https://www.bobvila.com/slideshow/10-chandeliers-you-can-actually-afford-51383,https://www.bobvila.com/articles/best-chandeliers/
https://www.bobvila.com/slideshow/wrap-it-up-10-diy-ways-to-bedeck-your-holiday-gifts-46571,https://www.bobvila.com/slideshow/22-unique-gift-wrapping-ideas-for-the-holidays-49615
https://www.bobvila.com/slideshow/12-household-favorites-born-in-the-usa-49042,https://www.bobvila.com/slideshow/19-home-and-garden-brands-that-were-born-in-the-u-s-a-47710
https://www.bobvila.com/slideshow/9-home-organization-secret-weapons-49398,https://www.bobvila.com/articles/best-organizing-products-under-50/
https://www.bobvila.com/slideshow/12-tips-from-suburban-homeowners-who-have-started-raising-chickens-57292,https://www.bobvila.com/articles/raising-chickens/
https://www.bobvila.com/slideshow/the-best-9-smart-home-gadgets-of-2015-49606,https://www.bobvila.com/articles/best-smart-home-devices/
https://www.bobvila.com/slideshow/the-17-coolest-gadgets-we-saw-on-kickstarter-in-2017-51763,https://www.bobvila.com/slideshow/the-all-time-best-kickstarter-inventions-for-the-home-48649
https://www.bobvila.com/slideshow/the-best-10-doormats-under-50-51455,https://www.bobvila.com/articles/best-outdoor-doormats/
https://www.bobvila.com/slideshow/11-gifts-every-plant-parent-will-love-577733,https://www.bobvila.com/articles/gifts-for-plant-lovers/
https://www.bobvila.com/slideshow/the-10-best-bird-feeders-for-your-wintertime-yard-2119,https://www.bobvila.com/articles/best-bird-feeders/
https://www.bobvila.com/slideshow/need-a-new-lawn-mower-6-top-rated-grass-guzzlers-44276,https://www.bobvila.com/articles/best-lawn-mowers/
https://www.bobvila.com/slideshow/10-mistakes-almost-everyone-makes-before-spending-time-in-the-sun-52940,https://www.bobvila.com/tags/healthy-home
https://www.bobvila.com/slideshow/11-shrubs-that-can-handle-the-heat-of-full-sun-580000,https://www.bobvila.com/articles/full-sun-shrubs/
https://www.bobvila.com/slideshow/13-clever-alternative-uses-for-steel-wool-46911,https://www.bobvila.com/articles/steel-wool-uses/
https://www.bobvila.com/slideshow/7-surprising-pantry-items-naturally-clean-and-freshen-your-home-44330,https://www.bobvila.com/articles/natural-cleaners/
https://www.bobvila.com/slideshow/bob-vila-s-holiday-gift-guide-for-woodworkers-18967,https://www.bobvila.com/articles/gifts-for-woodworkers/
https://www.bobvila.com/slideshow/bob-vila-s-10-june-must-do-projects-50200,https://www.bobvila.com/articles/must-dos-june/
https://www.bobvila.com/slideshow/bob-vila-s-10-may-must-do-projects-50093,https://www.bobvila.com/articles/monthly-must-dos-may/
https://www.bobvila.com/slideshow/bob-vila-s-10-april-must-do-projects-49982,https://www.bobvila.com/articles/monthly-must-dos-april/
https://www.bobvila.com/slideshow/bob-vila-s-10-february-must-do-projects-49752,https://www.bobvila.com/articles/february-must-dos/
https://www.bobvila.com/slideshow/bob-vila-s-10-must-do-s-for-december-49595,https://www.bobvila.com/articles/must-dos-december/
https://www.bobvila.com/slideshow/bob-vila-s-10-must-do-october-projects-49370,https://www.bobvila.com/articles/must-dos-october/
https://www.bobvila.com/slideshow/bob-vila-s-10-must-do-september-projects-49264,https://www.bobvila.com/articles/must-dos-september/
https://www.bobvila.com/slideshow/bob-vila-s-10-must-do-august-projects-49181,https://www.bobvila.com/articles/must-dos-august/
https://www.bobvila.com/slideshow/bob-vila-s-10-must-do-july-projects-49028,https://www.bobvila.com/articles/must-dos-july/
https://www.bobvila.com/slideshow/bob-vila-s-10-must-do-projects-for-may-48820,https://www.bobvila.com/articles/monthly-must-dos-may/
https://www.bobvila.com/slideshow/bob-vila-s-10-must-do-february-projects-48466,https://www.bobvila.com/articles/february-must-dos/
https://www.bobvila.com/slideshow/bob-vila-s-10-must-do-january-projects-48345,https://www.bobvila.com/articles/must-dos-january/
https://www.bobvila.com/slideshow/bob-vila-s-10-must-do-projects-for-december-48122,https://www.bobvila.com/articles/must-dos-december/
https://www.bobvila.com/slideshow/bob-vila-s-10-must-do-projects-for-november-48121,https://www.bobvila.com/articles/must-dos-november/
https://www.bobvila.com/slideshow/bob-vila-s-10-must-do-projects-for-october-48058,https://www.bobvila.com/articles/must-dos-october/
https://www.bobvila.com/slideshow/bob-vila-s-10-must-do-projects-for-september-47950,https://www.bobvila.com/articles/must-dos-september/
https://www.bobvila.com/slideshow/bob-vila-s-10-must-do-projects-for-august-47805,https://www.bobvila.com/articles/must-dos-august/
https://www.bobvila.com/slideshow/bob-vila-s-10-must-do-projects-for-july-47738,https://www.bobvila.com/articles/must-dos-july/
https://www.bobvila.com/slideshow/bob-vila-s-10-must-do-projects-for-may-47478,https://www.bobvila.com/articles/monthly-must-dos-may/
https://www.bobvila.com/slideshow/bob-vila-s-10-must-do-projects-for-april-47344,https://www.bobvila.com/articles/monthly-must-dos-april/
https://www.bobvila.com/slideshow/bob-vila-s-10-must-do-projects-for-february-47004,https://www.bobvila.com/articles/february-must-dos/
https://www.bobvila.com/slideshow/bob-vila-s-10-must-do-projects-for-january-46760,https://www.bobvila.com/articles/must-dos-january/
https://www.bobvila.com/slideshow/7-secret-weapons-for-surviving-the-worst-of-winter-52522,https://www.bobvila.com/slideshow/the-50-best-products-for-surviving-winter-51844
https://www.bobvila.com/slideshow/bob-vila-s-january-must-do-projects-49676,https://www.bobvila.com/articles/must-dos-january/
https://www.bobvila.com/slideshow/bob-vila-s-10-must-do-projects-for-june-47599,https://www.bobvila.com/articles/must-dos-june/
https://www.bobvila.com/slideshow/10-great-tools-to-give-your-recent-grad-44462,https://www.bobvila.com/articles/best-graduation-gifts/
https://www.bobvila.com/slideshow/8-low-cost-kits-for-a-21st-century-log-cabin-48639,https://www.bobvila.com/articles/log-cabin-kits/
https://www.bobvila.com/slideshow/15-artificial-christmas-trees-that-look-like-the-real-deal-2183,https://www.bobvila.com/articles/best-artificial-christmas-tree/
https://www.bobvila.com/slideshow/20-things-real-estate-agents-would-never-want-in-their-own-homes-120130,https://www.bobvila.com/articles/real-estate-agent-preferences/
https://www.bobvila.com/slideshow/10-things-every-new-gardener-needs-to-know-54345,https://www.bobvila.com/articles/gardening-for-beginners/
https://www.bobvila.com/slideshow/dream-it-do-it-diy-kitchen-makeover-12274,https://www.bobvila.com/slideshow/10-total-kitchen-makeovers-and-what-they-cost-49476
https://www.bobvila.com/slideshow/10-diy-ways-renters-can-remake-their-space-47772,https://www.bobvila.com/slideshow/11-renter-friendly-ideas-for-a-reversible-remodel-50799
https://www.bobvila.com/slideshow/20-plants-for-where-the-sun-don-t-shine-44559,https://www.bobvila.com/articles/shade-loving-plants/
https://www.bobvila.com/slideshow/editors-favorite-diys-of-2014-48276,https://www.bobvila.com/slideshow/bob-vila-s-best-diy-projects-for-beginners-49276
https://www.bobvila.com/slideshow/bob-vila-s-10-must-do-june-projects-48922,https://www.bobvila.com/articles/must-dos-june/
https://www.bobvila.com/slideshow/bob-vila-s-guide-to-historic-house-styles-2428,https://www.bobvila.com/articles/339-know-your-house-styles/
https://www.bobvila.com/slideshow/beyond-white-11-alternative-hues-to-color-your-bath-47465,https://www.bobvila.com/articles/bathroom-paint-color-ideas/
https://www.bobvila.com/slideshow/8-unbreakable-radios-ready-for-the-work-site-44669,https://www.bobvila.com/articles/best-jobsite-radio/
https://www.bobvila.com/slideshow/7-no-kink-garden-hoses-that-test-true-44573,https://www.bobvila.com/articles/best-garden-hose/
https://www.bobvila.com/slideshow/10-father-s-day-gift-ideas-for-the-diy-dad-44546,https://www.bobvila.com/articles/fathers-day-gifts/
https://www.bobvila.com/slideshow/12-gorgeous-plants-to-attract-hummingbirds-to-your-garden-579610,https://www.bobvila.com/articles/plants-that-attract-hummingbirds/
https://www.bobvila.com/slideshow/10-inspiring-ideas-for-your-side-yard-52055,https://www.bobvila.com/articles/side-yard-ideas/
https://www.bobvila.com/slideshow/these-8-vanished-home-trends-have-returned-48144,https://www.bobvila.com/slideshow/these-13-forgotten-home-trends-are-suddenly-cool-again-52090
https://www.bobvila.com/slideshow/the-best-places-to-buy-plants-online-51935,https://www.bobvila.com/articles/best-places-to-buy-plants-online/
https://www.bobvila.com/slideshow/what-is-a-barndominium-10-examples-of-this-spacious-house-style-579636,https://www.bobvila.com/articles/barndominium/
https://www.bobvila.com/slideshow/18-weirdly-awesome-summer-vacation-rentals-on-airbnb-50284,https://www.bobvila.com/articles/airbnb-unique-stays/
https://www.bobvila.com/slideshow/friday-night-at-the-movies-12-must-see-home-improvement-flicks-45622,https://www.bobvila.com/articles/home-improvement-movies/
https://www.bobvila.com/slideshow/these-were-the-16-craziest-and-most-successful-kickstarter-campaigns-in-2018-52542,https://www.bobvila.com/slideshow/the-all-time-best-kickstarter-inventions-for-the-home-48649
https://www.bobvila.com/slideshow/holiday-lights-go-neutral-9-options-23451,https://www.bobvila.com/articles/best-christmas-lights/
https://www.bobvila.com/slideshow/20-ways-to-decorate-for-halloween-on-a-10-budget-51515,https://www.bobvila.com/articles/cheap-halloween-decorations/
https://www.bobvila.com/slideshow/welcome-home-10-great-gifts-for-the-new-homeowner-46800,https://www.bobvila.com/articles/gifts-for-new-homeowners/
https://www.bobvila.com/slideshow/10-last-minute-gifts-sure-to-please-on-mother-s-day-44405,https://www.bobvila.com/articles/best-mothers-day-gifts/
https://www.bobvila.com/slideshow/how-to-make-a-pine-cone-garland-21916,https://www.bobvila.com/articles/how-to-make-a-wreath/
https://www.bobvila.com/slideshow/how-to-make-a-vintage-ornament-wreath-2179,https://www.bobvila.com/articles/how-to-make-a-wreath/
https://www.bobvila.com/slideshow/how-to-make-a-pinecone-holiday-wreath-2187,https://www.bobvila.com/articles/how-to-make-a-wreath/
https://www.bobvila.com/slideshow/experts-predict-the-most-popular-remodeling-projects-of-2015-48306,https://www.bobvila.com/slideshow/the-most-popular-home-improvement-projects-in-america-53011
https://www.bobvila.com/slideshow/7-not-to-be-missed-pumpkin-festivals-around-the-country-46294,https://www.bobvila.com/slideshow/the-22-coolest-pumpkin-displays-across-the-country-53077
https://www.bobvila.com/slideshow/bob-vila-s-2015-father-s-day-gift-guide-48974,https://www.bobvila.com/articles/fathers-day-gifts/
https://www.bobvila.com/slideshow/bob-vila-s-10-november-must-do-projects-49455,https://www.bobvila.com/articles/must-dos-november/
https://www.bobvila.com/slideshow/bob-vila-s-holiday-gift-guide-for-the-gadget-loving-diyer-46528,https://www.bobvila.com/slideshow/11-gifts-for-gadget-loving-guys-and-gals-48272
https://www.bobvila.com/slideshow/9-things-that-always-go-on-sale-in-january-51777,https://www.bobvila.com/articles/9-things-that-always-go-on-sale-in-january/
https://www.bobvila.com/slideshow/14-home-improvement-projects-you-can-tackle-with-your-tax-refund-52728,https://www.bobvila.com/articles/tax-refund-home-improvement-projects/
https://www.bobvila.com/slideshow/best-of-bob-s-bloggers-10-awesome-diy-projects-from-the-community-45714,https://www.bobvila.com/slideshow/bob-vila-s-best-diy-projects-for-beginners-49276
https://www.bobvila.com/slideshow/15-mother-s-day-gifts-under-20-50067,https://www.bobvila.com/articles/cheap-mothers-day-gifts/
