https://www.thedrive.com/motorcycles/32043/2020-honda-cb650r-review-the-right-salve-for-these-chaotic-times;https://www.thedrive.com/category/motorcycles
https://www.thedrive.com/guides-and-gear/heres-how-cadillacs-raucous-lmdh-hybrid-racecar-starter-works;https://www.thedrive.com/category/engine-motors
https://www.thedrive.com/reviews/31368/best-telescopic-ladder;https://www.thedrive.com/category/tools
https://www.thedrive.com/deals/quick-jack-car-lift-prime-day-sale;https://www.thedrive.com/category/tools
https://www.thedrive.com/gear-up/2956/this-zapata-hoverboard-looks-real-probably-isnt;https://www.thedrive.com/category/accessories
https://www.thedrive.com/maintenance-repair/10418/a-diy-air-conditioner-recharge-can-cool-your-jets;https://www.thedrive.com/category/maintenance-repair
https://www.thedrive.com/reviews/39306/best-leatherman-tools;https://www.thedrive.com/category/tools
https://www.thedrive.com/maintenance-repair/37009/abs-light-on;https://www.thedrive.com/category/maintenance-repair
https://www.thedrive.com/maintenance-repair/36784/symptoms-of-a-bad-alternator;https://www.thedrive.com/category/maintenance-repair
https://www.thedrive.com/guides-and-gear/ohlins-cake-vattenfall-cleanest-dirt-bike-ever-project;https://www.thedrive.com/category/motorcycles
https://www.thedrive.com/guides-and-gear/tread-agency-traction-overland-summit-rigid-optima-hitchfire-lance-campers;https://www.thedrive.com/category/tools
https://www.thedrive.com/maintenance-repair/35699/car-windshield-repair;https://www.thedrive.com/category/maintenance-repair
https://www.thedrive.com/features/project-car-diaries-fixing-annoying-lcd-scratches-by-fabricating-a-new-part;https://www.thedrive.com/category/culture
https://www.thedrive.com/reviews/30589/best-car-accessories;https://www.thedrive.com/category/accessories
https://www.thedrive.com/maintenance-repair/39311/10-steps-to-get-your-garage-ready-for-winter;https://www.thedrive.com/category/maintenance-repair
https://www.thedrive.com/reviews/28074/best-rv-solar-panels-and-kits;https://www.thedrive.com/category/rvs
https://www.thedrive.com/new-cars/9578/why-are-cars-so-expensive;https://www.thedrive.com/category/buy-sell
https://www.thedrive.com/guides-and-gear/first-impressions-review-spot-x-satellite-communicator;https://www.thedrive.com/category/tools
https://www.thedrive.com/motorcycles/28979/2020-harley-davidson-livewire-quick-review-against-all-odds-the-electric-harley-is-amazing;https://www.thedrive.com/category/motorcycles
https://www.thedrive.com/reviews/28862/best-motorcycle-chain-lube;https://www.thedrive.com/category/motorcycles
https://www.thedrive.com/guides-and-gear/first-impressions-review-kc-hilites-flex-era-3;https://www.thedrive.com/category/lights
https://www.thedrive.com/gear/39433/dashcam-review-aukey-drs1-4k-wifi;https://www.thedrive.com/category/accessories
https://www.thedrive.com/news/27930/these-are-the-most-and-least-expensive-states-for-car-insurance-study;https://www.thedrive.com/category/insurance
https://www.thedrive.com/news/43274/the-best-black-friday-automotive-and-tool-deals-on-amazon;https://www.thedrive.com/category/tools
https://www.thedrive.com/reviews/32653/best-car-bras;https://www.thedrive.com/category/accessories
https://www.thedrive.com/gear/41695/uswe-core-25-review;https://www.thedrive.com/category/motorcycles
https://www.thedrive.com/gear/41692/apeman-c450-dash-cam-review;https://www.thedrive.com/category/accessories
https://www.thedrive.com/gear-up/22037/pikes-peak-gear-review-testing-product-from-arai-dainese-pando-moto-revit-and-velomacchi;https://www.thedrive.com/category/accessories
https://www.thedrive.com/guides-and-gear/uncharted-supply-co-athena-jumpstarter-review;https://www.thedrive.com/category/tools
https://www.thedrive.com/guides-and-gear/go-fast-campers-rooftop-tent-toyota-tacoma-honda-ridgeline;https://www.thedrive.com/category/accessories
https://www.thedrive.com/gear/43161/motorcycle-gps-tracker-monimoto-review;https://www.thedrive.com/category/motorcycles
https://www.thedrive.com/guides-and-gear/car-toy-gift-guide;https://www.thedrive.com/category/news
https://www.thedrive.com/gear/41237/velomacchi-35l-giro-backpack-review;https://www.thedrive.com/category/accessories
https://www.thedrive.com/guides-and-gear/kryptek-fly-racing-camo-gear-2024;https://www.thedrive.com/category/motorcycles
https://www.thedrive.com/gear/40188/nexar-beam-dash-cam-review;https://www.thedrive.com/category/accessories
https://www.thedrive.com/guides-and-gear/cardo-packtalk-edgephones;https://www.thedrive.com/category/motorcycles
https://www.thedrive.com/guides-and-gear/trevor-motorcycle-electric-dtre-stella;https://www.thedrive.com/category/motorcycles
https://www.thedrive.com/new-cars/16787/the-best-time-to-buy-a-new-or-used-car;https://www.thedrive.com/category/buy-sell
https://www.thedrive.com/reviews/31390/best-safety-glasses;https://www.thedrive.com/category/tools
https://www.thedrive.com/guides-and-gear/why-old-coffee-cans-are-mainstays-of-diyers-home-garages;https://www.thedrive.com/category/maintenance-repair
https://www.thedrive.com/guides-and-gear/insta360-suction-cup-mount-car-kit;https://www.thedrive.com/category/accessories
https://www.thedrive.com/guides-and-gear/rocky-talkie-5-watt-radio;https://www.thedrive.com/category/accessories
https://www.thedrive.com/guides-and-gear/first-impressions-review-garmin-catalyst-track;https://www.thedrive.com/category/car-electronics
https://www.thedrive.com/reviews/27531/best-waterless-car-wash;https://www.thedrive.com/category/cleaning-detailing
https://www.thedrive.com/guides-and-gear/vorsteiner-e46-bmw-m3;https://www.thedrive.com/category/car-parts
https://www.thedrive.com/guides-and-gear/insta360-x3-initial-impressions-review;https://www.thedrive.com/category/accessories
https://www.thedrive.com/article/1486/the-best-driving-socks-of-2015;https://www.thedrive.com/category/accessories
https://www.thedrive.com/gear-up/1217/match-set-jurassic-park-edition;https://www.thedrive.com/category/accessories
https://www.thedrive.com/gear-up/2785/classics-department-belstaff-trialmaster-jacket;https://www.thedrive.com/category/accessories
https://www.thedrive.com/gear-up/3223/the-royal-air-force-wwii-tool-roll-redux;https://www.thedrive.com/category/guides-and-gear
https://www.thedrive.com/gear-up/390/the-twofer-calfskin-oven-mitts-and-dodge-viper-rt-10;https://www.thedrive.com/category/accessories
https://www.thedrive.com/gear-up/600/these-sixties-sports-car-inspired-sunglasses-are-killer;https://www.thedrive.com/category/guides-and-gear
https://www.thedrive.com/gear-up/715/you-should-buy-this-40-000-robot-clock;https://www.thedrive.com/category/guides-and-gear
https://www.thedrive.com/guides-and-gear/agv-pista-gp-rr-oro;https://www.thedrive.com/category/motorcycles
https://www.thedrive.com/guides-and-gear/dometic-front-funner-ford-bronco-slimline-ii-roof-rack;https://www.thedrive.com/category/car-parts
https://www.thedrive.com/guides-and-gear/full-review-tested-autel-autolink-al629-diagnostic-scan-tool;https://www.thedrive.com/category/car-electronics
https://www.thedrive.com/guides-and-gear/gopro-hero-12;https://www.thedrive.com/category/accessories
https://www.thedrive.com/guides-and-gear/new-magnaflow-exhaust-2024-s650-ford-mustang;https://www.thedrive.com/category/car-parts
https://www.thedrive.com/cleaning-detailing/35087/motorcycle-wash;https://www.thedrive.com/category/motorcycles
https://www.thedrive.com/guides-and-gear/these-four-toyota-gr-86-and-subaru-brz-mods-will-improve-your-track-times;https://www.thedrive.com/category/maintenance-repair
https://www.thedrive.com/motorcycles/32317/2020-honda-cbr1000rr-review-an-elegant-weapon-with-a-racing-spirit;https://www.thedrive.com/category/motorcycles
https://www.thedrive.com/guides-and-gear/initial-impressions-review-roofnest-condor-2-roof-top-tent;https://www.thedrive.com/category/car-parts
https://www.thedrive.com/guides-and-gear/first-impressions-review-ryobi-usb-lithium-ratchet;https://www.thedrive.com/category/tools
https://www.thedrive.com/guides-and-gear/this-is-a-48-cylinder-kawasaki-two-stroke-and-yes-you-can-buy-it;https://www.thedrive.com/category/builds
https://www.thedrive.com/gear/40831/viair-85p-portable-air-compressor;https://www.thedrive.com/category/tools
https://www.thedrive.com/reviews/30284/best-heated-motorcycle-gear;https://www.thedrive.com/category/motorcycles
https://www.thedrive.com/reviews/33407/car-wash-kit;https://www.thedrive.com/category/cleaning-detailing
https://www.thedrive.com/guides-and-gear/how-do-radar-detectors-work;https://www.thedrive.com/category/tools
https://www.thedrive.com/guides-and-gear/initial-impressions-review-ubco-2x2-electric-bike-special-edition;https://www.thedrive.com/category/motorcycles
https://www.thedrive.com/guides-and-gear/first-impressions-review-james-brand-carter-pocket-knife;https://www.thedrive.com/category/accessories
https://www.thedrive.com/reviews/27628/best-tire-chains-for-snow;https://www.thedrive.com/category/tires
https://www.thedrive.com/guides-and-gear/try-youtube-first-before-taking-your-car-to-a-dealer-for-a-pricey-fix;https://www.thedrive.com/category/replacement-parts
https://www.thedrive.com/reviews/27662/best-windshield-sun-shades-for-cars;https://www.thedrive.com/category/cleaning-detailing
https://www.thedrive.com/reviews/29771/best-winter-wiper-blades;https://www.thedrive.com/category/replacement-parts
https://www.thedrive.com/reviews/32485/best-disc-locks-for-motorcycles;https://www.thedrive.com/category/motorcycles
https://www.thedrive.com/reviews/29564/best-motorcycle-alarms;https://www.thedrive.com/category/motorcycles
https://www.thedrive.com/supercars/4168/the-complete-buyers-guide-to-affordable-dodge-vipers;https://www.thedrive.com/category/buy-sell
https://www.thedrive.com/reviews/30379/best-leather-motorcycle-gloves;https://www.thedrive.com/category/motorcycles
https://www.thedrive.com/guides-and-gear/what-does-ip-rating-mean;https://www.thedrive.com/category/tools
https://www.thedrive.com/reviews/34928/best-gas-pressure-washer;https://www.thedrive.com/category/cleaning-detailing
https://www.thedrive.com/news/45175/this-40-pet-seat-cover-from-walmart-works-well-enough-without-getting-in-your-way;https://www.thedrive.com/category/accessories
https://www.thedrive.com/reviews/27881/best-truck-seat-covers;https://www.thedrive.com/category/accessories
https://www.thedrive.com/reviews/28772/best-car-diffusers;https://www.thedrive.com/category/accessories
https://www.thedrive.com/reviews/28697/best-motorcycle-locks;https://www.thedrive.com/category/motorcycles
https://www.thedrive.com/reviews/29272/best-truck-tents;https://www.thedrive.com/category/guides-and-gear
https://www.thedrive.com/reviews/38415/best-ebike-conversion-kit;https://www.thedrive.com/category/motorcycles
https://www.thedrive.com/maintenance-repair/38253/transmission-rebuild;https://www.thedrive.com/category/maintenance-repair
https://www.thedrive.com/reviews/32677/best-hard-shell-roof-top-tents;https://www.thedrive.com/category/rvs
https://www.thedrive.com/maintenance-repair/36632/car-ac-repair;https://www.thedrive.com/category/maintenance-repair
https://www.thedrive.com/maintenance-repair/40395/trailer-maintenance;https://www.thedrive.com/category/maintenance-repair
https://www.thedrive.com/guides-and-gear/best-car-seat-covers;https://www.thedrive.com/category/car-parts
https://www.thedrive.com/maintenance-repair/36749/garage-door-repair;https://www.thedrive.com/category/maintenance-repair
https://www.thedrive.com/maintenance-repair/38053/driving-on-a-flat-tire;https://www.thedrive.com/category/maintenance-repair
https://www.thedrive.com/reviews/27418/best-convertible-car-seat;https://www.thedrive.com/category/accessories
https://www.thedrive.com/reviews/30398/best-bluetooth-headsets;https://www.thedrive.com/category/car-electronics
https://www.thedrive.com/reviews/30614/best-bike-lock;https://www.thedrive.com/category/motorcycles
https://www.thedrive.com/reviews/27608/best-headlight-restoration-kits;https://www.thedrive.com/category/lights
https://www.thedrive.com/reviews/27679/best-motorcycle-phone-mount;https://www.thedrive.com/category/motorcycles
https://www.thedrive.com/reviews/27611/best-motorcycle-gloves;https://www.thedrive.com/category/motorcycles
https://www.thedrive.com/reviews/27947/best-tool-chests;https://www.thedrive.com/category/tools
https://www.thedrive.com/vintage/4783/the-classic-pickup-truck-buyers-guide;https://www.thedrive.com/category/buy-sell
https://www.thedrive.com/motorcycles/19512/2018-husqvarna-701-vitpilen-first-ride-review;https://www.thedrive.com/category/motorcycles
https://www.thedrive.com/reviews/28872/best-gas-cans;https://www.thedrive.com/category/tools
https://www.thedrive.com/reviews/28462/best-oil-filter-wrenches;https://www.thedrive.com/category/tools
https://www.thedrive.com/reviews/28648/best-motorcycle-jackets;https://www.thedrive.com/category/motorcycles
https://www.thedrive.com/reviews/29923/best-atv-snow-plows;https://www.thedrive.com/category/motorcycles
https://www.thedrive.com/reviews/28995/best-motorcycle-jeans;https://www.thedrive.com/category/motorcycles
https://www.thedrive.com/cleaning-detailing/35978/how-much-does-it-cost-to-wrap-a-car;https://www.thedrive.com/category/maintenance-repair
https://www.thedrive.com/reviews/29914/best-truck-bed-bike-racks;https://www.thedrive.com/category/accessories
https://www.thedrive.com/reviews/29790/best-motorcycle-goggles;https://www.thedrive.com/category/motorcycles
https://www.thedrive.com/reviews/27480/best-backup-cameras;https://www.thedrive.com/category/car-electronics
https://www.thedrive.com/sponsored/41952/race-fuel-vs-pump-fuel;https://www.thedrive.com/category/gas-oil
https://www.thedrive.com/reviews/29437/best-motorcycle-wheel-chocks;https://www.thedrive.com/category/motorcycles
https://www.thedrive.com/reviews/30282/best-heated-motorcycle-gloves;https://www.thedrive.com/category/motorcycles
https://www.thedrive.com/motorcycles/22702/2018-royal-enfield-himalayan-motorcycle-review-good-on-trails-better-on-your-wallet;https://www.thedrive.com/category/motorcycles
https://www.thedrive.com/reviews/30979/best-motorcycle-trailer;https://www.thedrive.com/category/motorcycles
https://www.thedrive.com/maintenance-repair/29838/fog-lights;https://www.thedrive.com/category/maintenance-repair
https://www.thedrive.com/new-cars/10339/what-is-the-worlds-best-radar-detector;https://www.thedrive.com/category/accessories
https://www.thedrive.com/reviews/27104/best-car-air-beds;https://www.thedrive.com/category/accessories
https://www.thedrive.com/reviews/32611/best-motorcycle-racing-boots;https://www.thedrive.com/category/motorcycles
https://www.thedrive.com/maintenance-repair/38078/hybrid-battery-replacement;https://www.thedrive.com/category/maintenance-repair
https://www.thedrive.com/maintenance-repair/39323/how-much-does-window-tinting-cost;https://www.thedrive.com/category/maintenance-repair
https://www.thedrive.com/reviews/27542/best-tire-pressure-gauges;https://www.thedrive.com/category/tools
https://www.thedrive.com/reviews/35780/portable-inverter-generator;https://www.thedrive.com/category/tools
https://www.thedrive.com/news/44095/the-michelin-pilot-sport-5-the-best-tire-around-may-have-just-gotten-better;https://www.thedrive.com/category/tires
https://www.thedrive.com/reviews/28989/best-winter-tires;https://www.thedrive.com/category/tires
https://www.thedrive.com/gear-up/7083/farah-tested-farah-approved-michelin-pilot-sport-4s;https://www.thedrive.com/category/tires
https://www.thedrive.com/guides-and-gear/new-garmin-smartwatches;https://www.thedrive.com/category/tools
https://www.thedrive.com/reviews/39132/brake-shoes;https://www.thedrive.com/category/replacement-parts
https://www.thedrive.com/reviews/28241/best-cold-air-intakes;https://www.thedrive.com/category/replacement-parts
https://www.thedrive.com/reviews/27422/best-car-air-fresheners;https://www.thedrive.com/category/accessories