236606,https://futurism.com/best-smart-glasses
247245,https://futurism.com/switch-up-game-enhancer-review
263837,https://futurism.com/anycubic-photon-m3-3d-printer-review
251633,https://futurism.com/best-hdmi-splitters
233762,https://futurism.com/best-tablets-for-note-taking
240820,https://futurism.com/wacom-cintiq-pro-16-review
267066,https://futurism.com/best-binoculars-for-astronomy
268160,https://futurism.com/studio-vk2200-pro-review
262842,https://futurism.com/best-aa-batteries
269053,https://futurism.com/best-usb-c-cables
260422,https://futurism.com/best-aaa-batteries
233852,https://futurism.com/best-computer-monitors
234984,https://futurism.com/best-ipads
245017,https://futurism.com/best-microphones-for-streaming
247349,https://futurism.com/best-over-ear-headphones
257315,https://futurism.com/best-samsung-tablets
258863,https://futurism.com/best-mobile-hotspots
264080,https://futurism.com/review-dyson-v12-detect-slim-vacuum
254640,https://futurism.com/best-surround-sound-systems
255522,https://futurism.com/best-hdmi-switchers
249122,https://futurism.com/branch-ergonomic-chair-review
268349,https://futurism.com/best-ergonomic-office-chairs
283026,https://futurism.com/best-desks
252903,https://futurism.com/best-wireless-earbuds
240329,https://futurism.com/best-led-strip-lights
255829,https://futurism.com/sonos-ray-review
237030,https://futurism.com/best-rechargeable-batteries
234588,https://futurism.com/best-smart-tvs
264809,https://futurism.com/boox-mira-e-ink-monitor-review
237580,https://futurism.com/best-space-gifts
267186,https://futurism.com/best-marine-solar-panels
243998,https://futurism.com/best-home-bluetooth-speakers
265412,https://futurism.com/best-beat-making-software
254983,https://futurism.com/best-audio-interfaces
281751,https://futurism.com/best-audio-mixers
257919,https://futurism.com/best-studio-headphones
268332,https://futurism.com/best-ups-battery-backups
267244,https://futurism.com/best-karaoke-microphone
244007,https://futurism.com/best-wireless-headphones
268103,https://futurism.com/best-xlr-microphones
270759,https://futurism.com/best-midi-keyboards
253738,https://futurism.com/best-beats-headphones
262292,https://futurism.com/best-asmr-microphones
235174,https://futurism.com/best-white-elephant-gifts
258174,https://futurism.com/best-eco-friendly-phone-cases
242567,https://futurism.com/breville-control-freak-review
266647,https://futurism.com/best-voice-recorders
236448,https://futurism.com/best-3d-printer-for-beginners
234055,https://futurism.com/best-telescopes
262951,https://futurism.com/best-3d-printers-under-500
235757,https://futurism.com/best-ebikes
238712,https://futurism.com/best-gaming-keyboards
250243,https://futurism.com/best-outdoor-tv-antennas
262074,https://futurism.com/best-3d-printer-filaments
239398,https://futurism.com/best-desktop-computers
234840,https://futurism.com/best-outdoor-bluetooth-speakers
238111,https://futurism.com/best-kitchen-gifts
233823,https://futurism.com/best-3d-printers
234356,https://futurism.com/best-gifts-for-kids
247099,https://futurism.com/best-sci-fi-books
241177,https://futurism.com/best-external-hard-drives
253090,https://futurism.com/best-shower-speakers
255014,https://futurism.com/best-wired-earbuds
249030,https://futurism.com/best-telescopes-for-beginners
249400,https://futurism.com/best-game-consoles-for-kids
258296,https://futurism.com/best-jbl-speakers
258226,https://futurism.com/best-smart-switches
258962,https://futurism.com/best-computer-speakers
262495,https://futurism.com/best-ethernet-cables-for-gaming
263027,https://futurism.com/best-3d-printer-for-miniatures
264866,https://futurism.com/best-modems-for-gaming
247945,https://futurism.com/best-telescopes-for-kids
251175,https://futurism.com/best-bookshelf-speakers
253194,https://futurism.com/best-car-speakers
258251,https://futurism.com/best-floor-standing-speakers
263186,https://futurism.com/best-air-purifiers-for-pets
280204,https://futurism.com/best-cheap-soundbars
243108,https://futurism.com/best-vpns
254778,https://futurism.com/best-8-inch-subwoofers
257574,https://futurism.com/best-cameras-for-wedding-photography
262681,https://futurism.com/best-android-tablets
268730,https://futurism.com/best-mini-projectors
270269,https://futurism.com/airpods-pro-2-review
243254,https://futurism.com/best-ps5-games
246821,https://futurism.com/best-lego-star-wars-sets
257219,https://futurism.com/best-marine-speakers
257951,https://futurism.com/best-4k-tvs
265429,https://futurism.com/best-speaker-wires
267165,https://futurism.com/best-curved-monitors
269036,https://futurism.com/best-usb-c-hubs
277948,https://futurism.com/best-soundbars
284612,https://futurism.com/best-moon-lamps
251395,https://futurism.com/best-12-inch-subwoofers
256285,https://futurism.com/best-gaming-headsets-under-100
257268,https://futurism.com/best-cameras-for-astrophotography
267285,https://futurism.com/best-graphics-cards
270177,https://futurism.com/best-usb-microphones
270414,https://futurism.com/best-ssds-for-gaming
270639,https://futurism.com/best-smartwatches-for-android
281481,https://futurism.com/best-xlr-cables
248539,https://futurism.com/best-resin-3d-printers
249956,https://futurism.com/best-netgear-routers
250427,https://futurism.com/best-headphones-for-sleeping
255518,https://futurism.com/best-bose-headphones
256342,https://futurism.com/best-hot-swappable-keyboards
258747,https://futurism.com/best-dj-controllers-for-beginners
264117,https://futurism.com/best-rc-cars
253464,https://futurism.com/best-6-5-speakers
267484,https://futurism.com/best-lg-tvs
268751,https://futurism.com/best-privacy-screen-protectors
245626,https://futurism.com/morning-machine-review
257833,https://futurism.com/best-budget-camera-phones
270018,https://futurism.com/best-touch-screen-laptops
257672,https://futurism.com/best-hdmi-modulators
254696,https://futurism.com/best-in-wall-speakers
256404,https://futurism.com/best-wireless-surround-sound-systems
261755,https://futurism.com/best-dash-cams
239906,https://futurism.com/best-magsafe-chargers
282531,https://futurism.com/best-mini-fridges
236602,https://futurism.com/best-night-vision-goggles
244490,https://futurism.com/best-magsafe-cases
265296,https://futurism.com/house-of-marley-redemption-2-anc-earbuds-review
246273,https://futurism.com/best-lego-sets-for-adults
255715,https://futurism.com/best-turntables-under-500
265977,https://futurism.com/best-waterproof-earbuds
252914,https://futurism.com/best-tablets-for-kids
266221,https://futurism.com/best-earbuds-under-50
246464,https://futurism.com/best-video-cameras
246693,https://futurism.com/best-telescopes-for-astrophotography
262280,https://futurism.com/best-car-stereo-microphones
236789,https://futurism.com/best-digital-cameras
250020,https://futurism.com/invisibility-shield-preview
263181,https://futurism.com/best-home-generators
237960,https://futurism.com/best-gopro-cameras
238994,https://futurism.com/best-ps5-headsets
248036,https://futurism.com/best-binoculars-for-stargazing
254252,https://futurism.com/litter-robot-4-review
249215,https://futurism.com/best-robot-vacuums
234632,https://futurism.com/best-last-minute-gift-ideas
235527,https://futurism.com/best-foot-massagers
235851,https://futurism.com/anker-black-friday-deals
242794,https://futurism.com/best-printers
243765,https://futurism.com/best-xbox-one-controllers
244357,https://futurism.com/presidents-day-gaming-sale
244370,https://futurism.com/the-marantz-model-40n-an-audiophile-amp-for-the-streaming-age
244523,https://futurism.com/could-the-ember-box-save-millions-and-safely-deliver-my-groceries
245155,https://futurism.com/homedics-shiatsu-footbath-with-heat-boost-review
245459,https://futurism.com/rode-vlogger-kit-review
245760,https://futurism.com/lume-cube-edge-desk-light-review
245977,https://futurism.com/amazon-aware-officially-launches
246564,https://futurism.com/apple-peek-performance-launches
246854,https://futurism.com/razer-huntsman-mini-review
246969,https://futurism.com/satechi-usb4-cable-gan-charger-announcement
247336,https://futurism.com/bowers-wilkins-zeppelin-review
247491,https://futurism.com/how-we-test-audio-gear
247588,https://futurism.com/best-binoculars-for-kids
247621,https://futurism.com/save-up-to-1200-on-speakers-and-headphones-on-crutchfield
247692,https://futurism.com/how-we-test-gaming-equipment
248024,https://futurism.com/best-solar-chargers
248348,https://futurism.com/best-binoculars
248416,https://futurism.com/discover-samsung-spring-deals
248450,https://futurism.com/razer-environmental-initiative-saves-million-trees
248687,https://futurism.com/how-we-gauge-sustainability
248695,https://futurism.com/best-amazon-fire-tablet-deals
249098,https://futurism.com/acer-aspire-vero-review
249352,https://futurism.com/anycubic-vyper-3d-printer-review
249610,https://futurism.com/genki-shadowcast-review
249895,https://futurism.com/best-65-inch-tvs
250352,https://futurism.com/best-routers-for-comcast
250843,https://futurism.com/sustainable-home-goods
251439,https://futurism.com/best-wireless-headphones-for-tv
251787,https://futurism.com/best-cameras-for-kids
252027,https://futurism.com/redmagic-7-pro-review
252084,https://futurism.com/best-60-percent-keyboards
252388,https://futurism.com/review-duovox-mate-pro-true-color-night-vision-camera-absolutely-shines
252520,https://futurism.com/best-golf-gps-watches
252667,https://futurism.com/best-dj-headphones
252807,https://futurism.com/?p=252807
252842,https://futurism.com/best-gaming-mouse-pads
252956,https://futurism.com/sustainable-personal-care-items
253023,https://futurism.com/lifelabs-sleep-sets
253110,https://futurism.com/best-smoke-detectors
253182,https://futurism.com/best-wireless-earbuds-under-100
253219,https://futurism.com/best-samsung-tvs
253441,https://futurism.com/cricut-easypress-3-review
253493,https://futurism.com/jackery-new-generator-and-solar-panels
253680,https://futurism.com/best-anime-streaming-services
253890,https://futurism.com/best-samsung-watches
253923,https://futurism.com/best-smart-garage-door-openers
254221,https://futurism.com/best-50-inch-tvs
254273,https://futurism.com/best-mouse-pads
254524,https://futurism.com/apple-subscription-deals
254772,https://futurism.com/memorial-day-sale
254922,https://futurism.com/best-buy-memorial-day-sale-home-appliances
254948,https://futurism.com/best-shallow-mount-subwoofers
254994,https://futurism.com/memorial-day-mattress-sales
255115,https://futurism.com/memorial-day-sale-fire-pits
255214,https://futurism.com/get-great-deals-on-tech-mattresses-and-home-goods-during-amazons-memorial-day-sale
255524,https://futurism.com/best-keyboard-wrist-rests
255684,https://futurism.com/skip-the-reservations-with-this-rad-kitchenware
255717,https://futurism.com/best-wifi-extenders
255775,https://futurism.com/best-razer-keyboards
255861,https://futurism.com/healthy-drinks
256173,https://futurism.com/brew-a-better-cup-with-these-coffee-accessories
256183,https://futurism.com/bamboo-products
256284,https://futurism.com/healthy-snacks
256312,https://futurism.com/apple-wwdc-announcements
256383,https://futurism.com/best-noise-canceling-headphones-under-100
256492,https://futurism.com/jurassic-park-gifts
256744,https://futurism.com/best-monitors-for-ps5
256763,https://futurism.com/go-the-distance-with-this-eco-friendly-running-gear
256910,https://futurism.com/high-tech-skincare-gadgets
256912,https://futurism.com/best-live-tv-streaming-services
257078,https://futurism.com/dish-racks
257127,https://futurism.com/mens-grooming-products
257279,https://futurism.com/natural-sunscreens
257324,https://futurism.com/best-samsung-smartwatches
257384,https://futurism.com/?p=257384
257470,https://futurism.com/rachio-smart-sprinkler-home-depot-deal
257652,https://futurism.com/essentials-for-stargazing
257843,https://futurism.com/best-bone-conduction-headphones
257865,https://futurism.com/best-logitech-keyboards
257874,https://futurism.com/best-routers-for-spectrum
257926,https://futurism.com/best-carbon-monoxide-detectors
258087,https://futurism.com/best-open-back-headphones
258182,https://futurism.com/summer-outdoor-movie-night
258294,https://futurism.com/best-bass-headphones
258345,https://futurism.com/early-prime-day-2022-deals
258392,https://futurism.com/keep-your-devices-together-with-these-tech-organizers
258514,https://futurism.com/best-universal-remotes
258807,https://futurism.com/best-phone-sanitizers
258996,https://futurism.com/early-4th-of-july-2022-deals
259165,https://futurism.com/best-vintage-turntables
259181,https://futurism.com/tech-accessories
259256,https://futurism.com/national-parks-gifts
259423,https://futurism.com/july-4th-deals
259636,https://futurism.com/5-secret-ingredients-that-will-seriously-improve-your-cooking-game
260113,https://futurism.com/headphones-amazon-prime-day-deals-2022
260122,https://futurism.com/portable-projectors-amazon-prime-day-deals-2022
260126,https://futurism.com/arris-surfboard-amazon-prime-day-deals-2022
260138,https://futurism.com/ticwatch-pro-3-ultra-deals-amazon-prime-day-deal-2022
260141,https://futurism.com/furbo-360-dog-camera-amazon-prime-day-deals-2022
260163,https://futurism.com/panasonic-amazon-prime-day-deals-2022
260176,https://futurism.com/prime-subscriptions-amazon-prime-day-deals-2022
260210,https://futurism.com/airpods-pro-amazon-prime-day-deals-2022
260235,https://futurism.com/3d-printers-amazon-prime-day-deals-2022
260252,https://futurism.com/steelseries-amazon-prime-day-2022
260280,https://futurism.com/computers-amazon-prime-day-deals-2022
260326,https://futurism.com/speakers-amazon-prime-day-deals-2022
260366,https://futurism.com/summer-entertaining-essentials
260430,https://futurism.com/hyperx-amazon-prime-day-deals-2022
260491,https://futurism.com/kindles-amazon-prime-day-deals-2022
260511,https://futurism.com/dna-kits-amazon-prime-day-deals-2022
260596,https://futurism.com/office-equipment-amazon-prime-day-2022
260710,https://futurism.com/amazon-echo-deals-prime-day
260808,https://futurism.com/air-purifiers-amazon-prime-day-deals-2022
260839,https://futurism.com/nespresso-vertuo-plus-espresso-machines-amazon-prime-day-deals
260867,https://futurism.com/stasher-reusable-food-storage-amazon-prime-day-deals-2022
260874,https://futurism.com/pressure-cooker-amazon-prime-day-deals
260972,https://futurism.com/fitness-equipment-amazon-prime-day-deals
260987,https://futurism.com/smart-home-amazon-prime-day-deals
260990,https://futurism.com/prime-day-2022-generator-deals
261054,https://futurism.com/anycubic-resin-3d-printer-prime-day-deals
261060,https://futurism.com/?p=261060
261067,https://futurism.com/amazon-prime-day-espresso-machine-deals
261108,https://futurism.com/oransi-air-purifier-prime-day-deals
261153,https://futurism.com/robot-vacuums-amazon-prime-day-deals
261198,https://futurism.com/viewsonic-ultrawide-monitor-prime-day-deals
261211,https://futurism.com/amazon-prime-day-deals-massage-chairs
261229,https://futurism.com/brydge-ipad-pro-keyboard-deal
261243,https://futurism.com/telescope-deals-on-amazon-prime-day
261262,https://futurism.com/ninja-creami-ice-cream-maker-prime-day
261317,https://futurism.com/post-prime-day-deals
261411,https://futurism.com/5-work-totes
261658,https://futurism.com/sleep-tech
261899,https://futurism.com/5-nintendo-space-games
262128,https://futurism.com/back-to-school-essentials-middle-school-kids
262201,https://futurism.com/gaming-desktop-pc-deals
262582,https://futurism.com/back-to-school-gear-for-high-school-students
262821,https://futurism.com/back-to-school-gear-for-elementary-school-kids
262876,https://futurism.com/razer-anzu-smart-glasses-deal
263280,https://futurism.com/college-gear
263512,https://futurism.com/condiments-that-arent-pink-sauce
263618,https://futurism.com/best-ergonomic-mouse
263863,https://futurism.com/boba-fett-gear
264164,https://futurism.com/best-hearing-aids-under-100
264208,https://futurism.com/steelseries-gaming-bundle-deal
264249,https://futurism.com/techy-sex-toys
264321,https://futurism.com/review-garmin-instinct-2s-solar-watch
265013,https://futurism.com/black-and-deckers-reviva-greener-power-tools
265491,https://futurism.com/review-lyric-massager
265636,https://futurism.com/how-to-stream-thursday-night-football-on-amazon
265686,https://futurism.com/how-to-watch-lord-of-the-rings-the-rings-of-power-on-amazon
265880,https://futurism.com/diy-cooking-kits
266157,https://futurism.com/early-labor-day-sales
266233,https://futurism.com/back-to-school-deals
266367,https://futurism.com/back-to-school-deals-routers
266385,https://futurism.com/back-to-school-deals-laptops
266442,https://futurism.com/pet-gifts
266574,https://futurism.com/back-to-school-deals-earbuds
266604,https://futurism.com/back-to-school-deals-tablets
266756,https://futurism.com/early-labor-day-home-deals
266804,https://futurism.com/early-labor-day-deals-tvs-projectors
266816,https://futurism.com/early-labor-day-deals-outdoor
266877,https://futurism.com/labor-day-deals-toys
266906,https://futurism.com/blink-early-labor-day-deal-home-security
266925,https://futurism.com/early-labor-day-deals-under-100
267036,https://futurism.com/early-labor-day-deals-amazon
267041,https://futurism.com/early-labor-day-deals-apple
267088,https://futurism.com/trump-truth-social-owes-million
267176,https://futurism.com/audible-deal
267464,https://futurism.com/labor-day-deals-razer
267599,https://futurism.com/pumpkin-spice-products
267672,https://futurism.com/samsung-labor-day-deals
267716,https://futurism.com/ipad-labor-day-deals
267778,https://futurism.com/hp-labor-day-deals
268104,https://futurism.com/best-monitor-arms
268473,https://futurism.com/best-workbenches
268673,https://futurism.com/tentree-inmotion-leggings-review
269243,https://futurism.com/garmin-smartwatch-deals
269515,https://futurism.com/september-gaming-desktop-pc-deals
269828,https://futurism.com/shark-flexstyle-air-styling-and-drying-system-review
270050,https://futurism.com/video-doorbell-deals
270299,https://futurism.com/xbox-series-x-gears-5-bundle-deal
270619,https://futurism.com/amazon-prime-early-access-sale
279059,https://futurism.com/best-coffee-makers
295319,https://futurism.com/prime-day-deals-2023
301993,https://futurism.com/amazon-prime-day-deals-october-2023
250437,https://futurism.com/best-dog-gps-trackers
261737,https://futurism.com/best-3d-modeling-software
256254,https://futurism.com/best-retro-game-consoles
240946,https://futurism.com/best-solar-panels
244850,https://futurism.com/best-surge-protectors
250713,https://futurism.com/best-metal-detectors
251825,https://futurism.com/best-apple-watch-chargers
250421,https://futurism.com/best-samsung-soundbars
283904,https://futurism.com/best-treadmills
246068,https://futurism.com/lomi-composter-review
243948,https://futurism.com/best-video-editing-software-for-mac
242644,https://futurism.com/best-satellite-phones
237275,https://futurism.com/best-gaming-laptops
259386,https://futurism.com/best-music-production-software
246059,https://futurism.com/best-laser-printers
261667,https://futurism.com/best-kindles
260814,https://futurism.com/best-deals-amazon-prime-day-2022
232925,https://futurism.com/best-all-in-one-printers
239332,https://futurism.com/best-projectors
262288,https://futurism.com/best-android-emulators
234853,https://futurism.com/best-iphone-cases
242150,https://futurism.com/best-cloud-storage
255467,https://futurism.com/best-remote-control-helicopters
254009,https://futurism.com/best-walkie-talkies
255492,https://futurism.com/best-gaming-laptops-under-500
238775,https://futurism.com/best-photo-printers
240339,https://futurism.com/best-cheap-laptops
254563,https://futurism.com/best-cordless-phones
255579,https://futurism.com/best-usb-flash-drives
235416,https://futurism.com/best-gaming-chairs
251290,https://futurism.com/best-ceiling-speakers
252868,https://futurism.com/best-gps-trackers-for-cars
253881,https://futurism.com/best-av-receivers
254442,https://futurism.com/best-energy-efficient-light-bulbs
235621,https://futurism.com/best-home-security-cameras
242386,https://futurism.com/best-cheap-printers
248791,https://futurism.com/best-flashlights
256270,https://futurism.com/best-headphones-under-100
258699,https://futurism.com/best-cheap-gaming-pcs
233208,https://futurism.com/best-laptop-backpacks
251808,https://futurism.com/best-drawing-tablets
251918,https://futurism.com/best-photo-editing-software
253735,https://futurism.com/best-home-weather-stations
254240,https://futurism.com/best-subwoofers-for-cars
258631,https://futurism.com/best-karaoke-machines
240480,https://futurism.com/best-iphone-screen-protectors
245405,https://futurism.com/best-wireless-printers
249710,https://futurism.com/best-60-inch-tvs
250755,https://futurism.com/best-digital-art-software
257306,https://futurism.com/best-places-to-buy-a-printer
266001,https://futurism.com/best-short-throw-projectors
235371,https://futurism.com/best-xbox-one-games
245035,https://futurism.com/best-wireless-keyboards
250446,https://futurism.com/best-laptop-cooling-pads
244436,https://futurism.com/best-home-printers
250826,https://futurism.com/best-streaming-services-for-sports
250898,https://futurism.com/best-smartwatches-for-kids
250972,https://futurism.com/best-portable-jump-starters
251374,https://futurism.com/best-police-scanners
253252,https://futurism.com/best-smart-scales
281062,https://futurism.com/best-recording-microphones
260413,https://futurism.com/best-air-purifiers-for-allergies
241805,https://futurism.com/best-valentines-day-gifts
267847,https://futurism.com/review-my-green-mattress
253073,https://futurism.com/best-airprint-printers
268931,https://futurism.com/best-keyboards-for-beginners
244860,https://futurism.com/best-modem-router-combos
251657,https://futurism.com/best-metal-detectors-for-gold
264318,https://futurism.com/best-docsis-3-1-modems
234080,https://futurism.com/best-gifts-for-gamers
234362,https://futurism.com/best-tech-gifts
232889,https://futurism.com/best-drones-for-kids
241520,https://futurism.com/best-vr-headsets
261531,https://futurism.com/best-electric-bikes-under-500
250931,https://futurism.com/best-radar-detectors
259269,https://futurism.com/best-charging-stations
234882,https://futurism.com/best-gaming-routers
239719,https://futurism.com/best-magsafe-accessories
260538,https://futurism.com/best-cable-modems
261468,https://futurism.com/best-gaming-vpns
241776,https://futurism.com/best-tablets
249755,https://futurism.com/cariuma-sneakers-review
259996,https://futurism.com/best-android-vpns
261515,https://futurism.com/best-firestick-vpns
255752,https://futurism.com/best-remote-control-cars
259464,https://futurism.com/outer-brown-wicker-outdoor-armchair-conversation-set-review
260046,https://futurism.com/best-razer-deals-for-amazon-prime-day
260302,https://futurism.com/best-gaming-deals-for-amazon-prime-day
261135,https://futurism.com/excitrus-portable-charger-review
261256,https://futurism.com/best-last-minute-prime-day-deals
261674,https://futurism.com/best-vpns-for-iphone
261699,https://futurism.com/review-fiture-fitness-mirror
261774,https://futurism.com/best-hearing-aids-of-2022
256908,https://futurism.com/best-remote-car-starters
268633,https://futurism.com/best-iphone14-accessories
284593,https://futurism.com/best-headphone-adapters
254664,https://futurism.com/best-waterproof-phone-cases
263005,https://futurism.com/best-android-games
245258,https://futurism.com/best-antivirus-software
258152,https://futurism.com/best-mini-pcs-for-gaming
245503,https://futurism.com/best-rfid-wallets
249960,https://futurism.com/best-40-inch-tvs
255609,https://futurism.com/best-mechanical-keyboards
242494,https://futurism.com/sionyx-aurora-pro-night-vision-review
255868,https://futurism.com/best-apple-watch-faces
246314,https://futurism.com/best-crypto-exchanges
267409,https://futurism.com/belkin-3-in-1-magsafe-charger-review
251927,https://futurism.com/best-apple-watch-bands
237995,https://futurism.com/best-nintendo-switch-controllers
252547,https://futurism.com/best-apple-watch-accessories
269379,https://futurism.com/backbone-one-controller-review
237027,https://futurism.com/best-fitness-trackers
242631,https://futurism.com/best-crypto-wallets
284240,https://futurism.com/best-indoor-cycling-bikes
236945,https://futurism.com/best-inkjet-printers
237016,https://futurism.com/best-screen-protectors
238163,https://futurism.com/best-smartwatches
250116,https://futurism.com/best-bitcoin-mining-software
252937,https://futurism.com/best-70-inch-tvs
280082,https://futurism.com/best-gaming-glasses
235498,https://futurism.com/best-crypto-gifts
258096,https://futurism.com/best-apple-watches
249562,https://futurism.com/best-roblox-games
252521,https://futurism.com/best-cameras-for-music-videos
254121,https://futurism.com/best-55-inch-tvs
255651,https://futurism.com/best-routers-for-xfinity
241531,https://futurism.com/best-360-cameras
246861,https://futurism.com/best-cameras-for-vlogging
240294,https://futurism.com/best-vr-games
263594,https://futurism.com/best-fitbit-for-seniors
246499,https://futurism.com/best-space-games
268514,https://futurism.com/best-led-lights-for-tvs
257532,https://futurism.com/best-roku-tvs
264293,https://futurism.com/best-dual-monitor-stands
239386,https://futurism.com/best-portable-projectors
258471,https://futurism.com/best-dj-software
243652,https://futurism.com/best-language-learning-apps
252050,https://futurism.com/best-places-to-buy-a-tv
257624,https://futurism.com/best-dj-controllers
269657,https://futurism.com/best-buy-macbook-pro-deals
251194,https://futurism.com/best-routers-verizon-fios
250377,https://futurism.com/best-tablets-for-seniors
264813,https://futurism.com/best-ipad-screen-protectors
264886,https://futurism.com/best-gaming-headsets-under-50
267373,https://futurism.com/review-out-of-this-world-cook-book
252765,https://futurism.com/best-animation-software
234952,https://futurism.com/best-ereaders
282009,https://futurism.com/best-smart-lights
242281,https://futurism.com/best-standing-desks
242974,https://futurism.com/best-webcams
239135,https://futurism.com/best-wireless-chargers
263524,https://futurism.com/review-niu-kqi3-pro-scooter
282435,https://futurism.com/best-desk-lamps
251561,https://futurism.com/best-earth-day-deals
253904,https://futurism.com/best-fathers-day-gifts
252509,https://futurism.com/best-parental-control-routers
265990,https://futurism.com/best-night-vision-security-cameras
280226,https://futurism.com/best-record-players
264847,https://futurism.com/best-monoculars
244130,https://futurism.com/best-mesh-wifi-systems
245241,https://futurism.com/tokit-omni-cook-review
245917,https://futurism.com/meater-plus-thermometer-review
249870,https://futurism.com/breville-joule-oven-air-fryer-pro-review
228704,https://futurism.com/best-compost-bins-beginners
233585,https://futurism.com/ember-mug-review
233545,https://futurism.com/best-standing-desk-converters
262469,https://futurism.com/masterbuilt-gravity-series-800-grill-review
265028,https://futurism.com/oxo-good-grips-food-scale-review
265200,https://futurism.com/breville-smart-scoop-ice-cream-maker-review
267439,https://futurism.com/labor-day-deals-best-buy
252621,https://futurism.com/best-mothers-day-gifts
246874,https://futurism.com/cero-one-review
247528,https://futurism.com/best-electric-scooters
252347,https://futurism.com/byte-sized-review-donner-ddp-80-digital-piano
245606,https://futurism.com/best-video-editing-software
277853,https://futurism.com/best-emergency-power-stations
253172,https://futurism.com/best-bose-speakers
239415,https://futurism.com/best-laptops
282452,https://futurism.com/best-humidifiers
266250,https://futurism.com/best-dji-drones
283928,https://futurism.com/best-sonic-toothbrushes
253974,https://futurism.com/best-smart-speakers
255622,https://futurism.com/best-laptops-under-500
256365,https://futurism.com/best-smart-smoke-detectors
258391,https://futurism.com/best-drones-under-100
263351,https://futurism.com/best-cheap-drones
265177,https://futurism.com/best-indoor-garden-systems
234102,https://futurism.com/best-science-gifts
234510,https://futurism.com/best-4k-gaming-monitors
248306,https://futurism.com/best-solar-generators
256575,https://futurism.com/best-places-to-buy-a-laptop
235917,https://futurism.com/best-amazon-black-friday-deals
253892,https://futurism.com/best-motorcycle-speakers
254687,https://futurism.com/best-tvs-under-1000
254737,https://futurism.com/best-apple-watch-cases
256038,https://futurism.com/best-apple-watch-screen-protectors
264505,https://futurism.com/best-headphone-stands
267531,https://futurism.com/best-microphones-for-podcasting
267938,https://futurism.com/best-laptop-stands
269402,https://futurism.com/ge-led-light-bulb-speaker-review
270032,https://futurism.com/best-laptops-for-music-production
234048,https://futurism.com/best-pet-cameras
238286,https://futurism.com/best-drones
247790,https://futurism.com/best-solar-batteries
264403,https://futurism.com/best-smart-doorbells
270208,https://futurism.com/best-waterproof-bluetooth-speakers
285207,https://futurism.com/best-noise-canceling-headphones
235125,https://futurism.com/best-budget-gaming-monitors
235166,https://futurism.com/best-black-friday-deals
251624,https://futurism.com/best-watches-under-500
259134,https://futurism.com/best-gaming-chairs-under-100
262490,https://futurism.com/best-netflix-vpns
264429,https://futurism.com/review-ef-ecoflow-delta-max-solar-panel-bundle
269453,https://futurism.com/best-usb-c-chargers
283271,https://futurism.com/best-wireless-mouse
258733,https://futurism.com/best-cameras-for-wildlife-photography
270399,https://futurism.com/liteboxer-go-review
267861,https://futurism.com/best-night-vision-monoculars
264470,https://futurism.com/best-gaming-microphones
248821,https://futurism.com/best-budget-3d-printers
237898,https://futurism.com/best-3d-printing-softwares
252186,https://futurism.com/best-garmin-watches
263132,https://futurism.com/best-gaming-laptops-under-1000
262937,https://futurism.com/best-9v-batteries
281893,https://futurism.com/best-mini-instant-pots
263272,https://futurism.com/best-laptops-for-photo-editing
264486,https://futurism.com/review-thermacell-e55-mosquito-repellent
270597,https://futurism.com/best-wireless-earbuds-under-50
270745,https://futurism.com/best-printers-under-100
279504,https://futurism.com/best-air-fryers
248994,https://futurism.com/best-streaming-services
269647,https://futurism.com/best-wireless-microphones
257832,https://futurism.com/best-ergonomic-keyboards
262072,https://futurism.com/flexispot-pro-plus-e7-review
268415,https://futurism.com/best-samsung-galaxy-watches
269427,https://futurism.com/best-lg-sound-bars
255011,https://futurism.com/best-projectors-under-500
279324,https://futurism.com/best-gaming-mouse
279388,https://futurism.com/best-automatic-pet-feeders
279833,https://futurism.com/best-electric-toothbrushes
250134,https://futurism.com/best-places-to-buy-macbooks
253934,https://futurism.com/best-tvs-under-500
254946,https://futurism.com/best-75-inch-tvs
255682,https://futurism.com/best-tvs-under-300
255743,https://futurism.com/best-smart-plugs
262604,https://futurism.com/review-grandpad-tablet-for-seniors
282232,https://futurism.com/best-exercise-bikes
256639,https://futurism.com/best-compost-toilets
265524,https://futurism.com/best-metal-detectors-for-beginners
257823,https://futurism.com/best-turntables
258000,https://futurism.com/best-turntables-under-200
239115,https://futurism.com/best-modems
245739,https://futurism.com/alienware-tri-mode-gaming-mouse-review
255726,https://futurism.com/best-subwoofers
248378,https://futurism.com/gamesir-x2-review
238816,https://futurism.com/best-smart-home-devices
241267,https://futurism.com/best-android-phones
245594,https://futurism.com/best-routers
252315,https://futurism.com/best-hoverboards
252327,https://futurism.com/best-43-inch-tvs
253207,https://futurism.com/best-85-inch-tvs
253999,https://futurism.com/best-asus-routers
255490,https://futurism.com/best-handheld-game-consoles
258245,https://futurism.com/lg-cinebeam-review
262333,https://futurism.com/best-vpn-routers