https://stging.bobvila.com/articles/best-paella-pan/;https://stging.bobvila.com/articles/best-cookware-brands/
https://stging.bobvila.com/articles/best-tents-for-kids/;https://stging.bobvila.com/articles/backyard-camping/
https://stging.bobvila.com/articles/best-charging-cable/;https://stging.bobvila.com/articles/tech-gifts/
https://stging.bobvila.com/articles/best-foot-massager/;https://stging.bobvila.com/articles/best-massage-chairs/
https://stging.bobvila.com/articles/best-electric-grill/;https://stging.bobvila.com/articles/best-outdoor-electric-grill/
https://stging.bobvila.com/articles/best-smart-light-switch/;https://stging.bobvila.com/articles/best-smart-switch/
https://stging.bobvila.com/articles/best-whiskey-stone/;https://stging.bobvila.com/articles/bar-gifts/
https://stging.bobvila.com/articles/best-rain-jacket/;https://stging.bobvila.com/articles/best-heated-jacket/
https://stging.bobvila.com/articles/best-wine-stopper/;https://stging.bobvila.com/articles/gifts-for-wine-lovers/
https://stging.bobvila.com/articles/best-rowing-machine/;https://stging.bobvila.com/articles/best-home-gym-equipment/
https://stging.bobvila.com/articles/best-drinking-glasses/;https://stging./articles/best-plastic-drinking-glasses/
https://stging.bobvila.com/articles/best-handheld-massager/;https://stging.bobvila.com/articles/best-massage-chairs/
https://stging.bobvila.com/articles/best-book-stand/;https://stging.bobvila.com/articles/home-office-gifts/
https://stging.bobvila.com/articles/best-gaming-chair/;https://stging.bobvila.com/articles/best-office-chair/
https://stging.bobvila.com/articles/best-toothbrush-holder/;https://stging.bobvila.com/articles/best-bathroom-storage-organizers/
https://stging.bobvila.com/articles/best-wallets-for-men/;https://stging.bobvila.com/articles/fathers-day-gifts/
https://stging.bobvila.com/articles/best-scanner/;https://stging.bobvila.com/articles/tech-gifts/
https://stging.bobvila.com/articles/best-dog-crate/;https://stging.bobvila.com/articles/products-every-dog-owner-needs/
https://stging.bobvila.com/articles/best-nonstick-cookware/;https://stging.bobvila.com/articles/best-cookware-brands/
https://stging.bobvila.com/articles/best-cheese-board/;https://stging.bobvila.com/articles/best-wood-cutting-board/
https://stging.bobvila.com/articles/best-cookie-cutters/;https://stging.bobvila.com/articles/gifts-for-bakers/
https://stging.bobvila.com/articles/best-cheap-mattress/;https://stging.bobvila.com/articles/best-mattresses-under-1000
https://stging.bobvila.com/articles/best-himalayan-salt-lamp/;https://stging.bobvila.com/articles/best-table-lamps/
https://stging.bobvila.com/articles/best-cargo-pants/;https://stging.bobvila.com/articles/best-construction-work-pants/
https://stging.bobvila.com/articles/best-pencil-sharpener/;https://stging.bobvila.com/articles/best-electric-pencil-sharpener/
https://stging.bobvila.com/articles/best-monitor-arm/;https://stging.bobvila.com/articles/tech-gifts/
https://stging.bobvila.com/articles/best-outdoor-bluetooth-speakers/;https://stging.bobvila.com/articles/best-outdoor-speakers/
https://stging.bobvila.com/articles/best-carbon-steel-pan/;https://stging.bobvila.com/articles/best-cookware-brands/
https://stging.bobvila.com/articles/best-knee-pillow/;https://stging.bobvila.com/articles/best-places-to-buy-bedding/
https://stging.bobvila.com/articles/best-measuring-cup/;https://stging.bobvila.com/articles/best-kitchen-utensil-set/
https://stging.bobvila.com/articles/best-springform-pan/;https://stging.bobvila.com/articles/gifts-for-bakers/
https://stging.bobvila.com/articles/best-stainless-steel-cookware/;https://stging.bobvila.com/articles/best-cookware-brands/
https://stging.bobvila.com/articles/best-bamboo-steamer/;https://stging.bobvila.com/articles/best-cookware-brands/
https://stging.bobvila.com/articles/best-reed-diffuser/;https://stging.bobvila.com/articles/best-home-fragrance/
https://stging.bobvila.com/articles/best-cooling-mattress-topper/;https://stging.bobvila.com/articles/best-mattress-topper/
https://stging.bobvila.com/articles/best-napkin-holder/;https://stging.bobvila.com/articles/best-gifts-for-foodies/
https://stging.bobvila.com/articles/best-fountain-pen/;https://stging.bobvila.com/articles/home-office-gifts/
https://stging.bobvila.com/articles/best-travel-backpack/;https://stging.bobvila.com/articles/best-travel-gifts/
https://stging.bobvila.com/articles/best-pellet-tube-smoker/;https://stging.bobvila.com/articles/best-smoker/
https://stging.bobvila.com/articles/best-wifi-extender/;https://stging.bobvila.com/articles/tech-gifts/
https://stging.bobvila.com/articles/best-gas-grill/;https://stging.bobvila.com/articles/best-gas-grills-under-500/
https://stging.bobvila.com/articles/best-microfiber-sheets/;https://stging.bobvila.com/articles/best-bed-sheets/
https://stging.bobvila.com/articles/best-weather-radio/;https://stging.bobvila.com/articles/best-emergency-radio/
https://stging.bobvila.com/articles/best-body-pillow/;https://stging.bobvila.com/articles/best-bed-pillow/
https://stging.bobvila.com/articles/best-indoor-grills/;https://stging.bobvila.com/articles/best-smokeless-indoor-grills/
https://stging.bobvila.com/articles/best-alarm-clock-for-heavy-sleepers/;https://stging.bobvila.com/articles/best-alarm-clock/
https://stging.bobvila.com/articles/best-cooling-sheets/;https://stging.bobvila.com/articles/best-bed-sheets/
https://stging.bobvila.com/articles/best-cocktail-glasses/;https://stging.bobvila.com/articles/bar-gifts/
https://stging.bobvila.com/articles/best-laptop-stand/;https://stging.bobvila.com/articles/home-office-gifts/
https://stging.bobvila.com/articles/best-automatic-litter-box/;https://stging.bobvila.com/articles/best-litter-box/
https://stging.bobvila.com/articles/best-baking-sheets/;https://stging.bobvila.com/articles/best-cookware-brands/
https://stging.bobvila.com/articles/best-acrylic-paint-brushes/;https://stging.bobvila.com/articles/best-paint-brushes/
https://stging.bobvila.com/articles/best-compact-treadmill/;https://stging.bobvila.com/articles/best-home-gym-equipment/
https://stging.bobvila.com/articles/best-money-clip/;https://stging.bobvila.com/articles/fathers-day-gifts/
https://stging.bobvila.com/articles/best-propane-smoker/;https://stging.bobvila.com/articles/best-smoker/
https://stging.bobvila.com/articles/best-dog-beds/;https://stging.bobvila.com/articles/products-every-dog-owner-needs/
https://stging.bobvila.com/articles/best-cooling-towel/;https://stging.bobvila.com/articles/best-towels-on-amazon/
https://stging.bobvila.com/articles/best-soy-candle/;https://stging.bobvila.com/articles/best-candle/
https://stging.bobvila.com/articles/best-planner/;https://stging.bobvila.com/articles/home-office-gifts/
https://stging.bobvila.com/articles/best-olive-oil-dispenser/;https://stging.bobvila.com/articles/best-gifts-for-foodies/
https://stging.bobvila.com/articles/best-kitchen-scale/;https://stging.bobvila.com/articles/kitchen-gadgets-with-rave-reviews-on-amazon/
https://stging.bobvila.com/articles/best-tabletop-grill/;https://stging.bobvila.com/articles/best-smokeless-indoor-grills/
https://stging.bobvila.com/articles/best-tea-infuser/;https://stging.bobvila.com/articles/best-gifts-for-foodies/
https://stging.bobvila.com/articles/best-mattress-on-amazon/;https://stging.bobvila.com/articles/best-mattresses-under-1000/
https://stging.bobvila.com/articles/best-gooseneck-kettle/;https://stging.bobvila.com/articles/best-whistling-tea-kettle/
https://stging.bobvila.com/articles/best-blanket-storage/;https://stging.bobvila.com/articles/best-storage-bins/
https://stging.bobvila.com/articles/best-cookware-set/;https://stging.bobvila.com/articles/best-cookware-brands/
https://stging.bobvila.com/articles/best-pillow-for-neck-pain/;https://stging.bobvila.com/articles/best-places-to-buy-bedding/
https://stging.bobvila.com/articles/best-edc-knife/;https://stging.bobvila.com/articles/best-pocket-knife/
https://stging.bobvila.com/articles/best-baking-pans/;https://stging.bobvila.com/articles/best-cookware-brands/
https://stging.bobvila.com/articles/best-wifi-speakers/;https://stging.bobvila.com/articles/best-wireless-surround-sound-system/
https://stging.bobvila.com/articles/best-travel-blanket/;https://stging.bobvila.com/articles/best-travel-gifts/
https://stging.bobvila.com/articles/best-waterproof-mattress-protector/;https://stging.bobvila.com/articles/best-mattress-protector/
https://stging.bobvila.com/articles/best-mini-food-processor/;https://stging.bobvila.com/articles/best-blender-food-processor-combo/
https://stging.bobvila.com/articles/best-backpack-cooler/;https://stging.bobvila.com/articles/best-coolers/
https://stging.bobvila.com/articles/best-work-pants/;https://stging.bobvila.com/articles/best-construction-work-pants/
https://stging.bobvila.com/articles/best-rice-maker/;https://stging.bobvila.com/articles/best-kitchen-appliance-brands/
https://stging.bobvila.com/articles/best-usb-extension-cable/;https://stging.bobvila.com/articles/tech-gifts/
https://stging.bobvila.com/articles/best-travel-pillow/;https://stging.bobvila.com/articles/best-travel-gifts/
https://stging.bobvila.com/articles/best-beer-glasses/;https://stging.bobvila.com/articles/bar-gifts/
https://stging.bobvila.com/articles/best-floor-mats-for-kids/;https://stging.bobvila.com/articles/best-area-rugs/
https://stging.bobvila.com/articles/best-organic-sheets/;https://stging.bobvila.com/articles/best-bed-sheets/
https://stging.bobvila.com/articles/best-duvet-insert/;https://stging.bobvila.com/articles/best-duvet-covers/
https://stging.bobvila.com/articles/best-wine-racks/;https://stging.bobvila.com/articles/wine-rack-ideas/
https://stging.bobvila.com/articles/best-bath-towels/;https://stging.bobvila.com/articles/best-towels-on-amazon/
https://stging.bobvila.com/articles/best-architecture-books/;https://stging.bobvila.com/articles/best-coffee-table-books/
https://stging.bobvila.com/articles/best-desk-pad/;https://stging.bobvila.com/articles/home-office-gifts/
https://stging.bobvila.com/articles/best-photo-printer/;https://stging.bobvila.com/articles/tech-gifts/
https://stging.bobvila.com/articles/best-personal-blender/;https://stging.bobvila.com/articles/best-blender-food-processor-combo/
https://stging.bobvila.com/articles/best-retractable-dog-leash/;https://stging.bobvila.com/articles/products-every-dog-owner-needs/
https://stging.bobvila.com/articles/best-mortar-and-pestle/;https://stging.bobvila.com/articles/best-gifts-for-foodies/
https://stging.bobvila.com/articles/best-sleeping-bag/;https://stging.bobvila.com/articles/best-camping-gear/
https://stging.bobvila.com/articles/best-spotlight/;https://stging.bobvila.com/articles/best-handheld-spotlight/
https://stging.bobvila.com/articles/best-dutch-ovens/;https://stging.bobvila.com/articles/best-cookware-brands/
https://stging.bobvila.com/articles/best-floor-standing-speakers/;https://stging.bobvila.com/articles/best-wireless-surround-sound-system/
https://stging.bobvila.com/articles/best-down-pillows/;https://stging.bobvila.com/articles/best-bed-pillow/
https://stging.bobvila.com/articles/best-travel-steamer/;https://stging.bobvila.com/articles/best-travel-gifts/
https://stging.bobvila.com/articles/best-chef-knife/;https://stging.bobvila.com/articles/best-kitchen-knife-brands/
https://stging.bobvila.com/articles/best-watercolor-paints/;https://stging.bobvila.com/articles/best-interior-paint/
https://stging.bobvila.com/articles/best-beach-tent/;https://stging.bobvila.com/articles/best-screen-tent/
https://stging.bobvila.com/articles/best-wireless-home-security-system/;https://stging.bobvila.com/articles/best-diy-security-system/
https://stging.bobvila.com/articles/best-camping-lantern/;https://stging.bobvila.com/articles/best-camping-gear
https://stging.bobvila.com/articles/best-bike-pump/;https://stging.bobvila.com/articles/best-tire-inflator/
https://stging.bobvila.com/articles/best-home-theater-systems/;https://stging.bobvila.com/articles/best-wireless-surround-sound-system/
https://stging.bobvila.com/articles/best-nonstick-pan/;https://stging.bobvila.com/articles/best-cookware-brands/
https://stging.bobvila.com/articles/best-latex-mattress/;https://stging.bobvila.com/articles/best-mattresses-under-1000/
https://stging.bobvila.com/articles/best-panini-press/;https://stging.bobvila.com/articles/kitchen-gadgets-with-rave-reviews-on-amazon/
https://stging.bobvila.com/articles/best-colanders/;https://stging.bobvila.com/articles/best-gifts-for-foodies/
https://stging.bobvila.com/articles/best-essential-oil-diffuser/;https://stging.bobvila.com/articles/best-home-fragrance/
https://stging.bobvila.com/articles/best-bread-maker/;https://stging.bobvila.com/articles/best-kitchen-appliance-brands/
https://stging.bobvila.com/articles/best-rfid-wallet/;https://stging.bobvila.com/articles/fathers-day-gifts/
https://stging.bobvila.com/articles/best-egyptian-cotton-sheets/;https://stging.bobvila.com/articles/best-bed-sheets/
https://stging.bobvila.com/articles/best-pizza-ovens/;https://stging.bobvila.com/articles/best-outdoor-pizza-oven/
https://stging.bobvila.com/articles/best-juicers/;https://stging.bobvila.com/articles/best-kitchen-appliance-brands/
https://stging.bobvila.com/articles/best-waffle-makers/;https://stging.bobvila.com/articles/kitchen-gadgets-with-rave-reviews-on-amazon/
https://stging.bobvila.com/articles/best-backpacking-stove/;https://stging.bobvila.com/articles/best-camping-gear/
https://stging.bobvila.com/articles/best-ceramic-frying-pan/;https://stging.bobvila.com/articles/best-cookware-brands/
https://stging.bobvila.com/articles/best-electric-wine-opener/;https://stging.bobvila.com/articles/gifts-for-wine-lovers/
https://stging.bobvila.com/articles/best-snow-boots/;https://stging.bobvila.com/articles/best-work-boots-for-men/
https://stging.bobvila.com/articles/best-backpacks/;https://stging.bobvila.com/articles/best-tool-backpack/
https://stging.bobvila.com/articles/best-waterproof-bluetooth-speaker/;https://stging.bobvila.com/articles/best-outdoor-speakers/
https://stging.bobvila.com/articles/best-mattress-for-kids/;https://stging.bobvila.com/articles/best-twin-mattress-for-kids/
https://stging.bobvila.com/articles/best-apron/;https://stging.bobvila.com/articles/best-gifts-for-foodies/
https://stging.bobvila.com/articles/best-self-monitored-home-security-system/;https://stging.bobvila.com/articles/diy-security-system/
https://stging.bobvila.com/articles/best-wine-coolers/;https://stging.bobvila.com/articles/best-coolers/
https://stging.bobvila.com/articles/best-industrial-sewing-machine/;https://stging.bobvila.com/articles/best-sewing-machine/
https://stging.bobvila.com/articles/best-smart-pen/;https://stging.bobvila.com/articles/best-smart-home-devices/
https://stging.bobvila.com/articles/best-linen-sheets/;https://stging.bobvila.com/articles/best-bed-sheets/
https://stging.bobvila.com/articles/best-rechargeable-flashlight/;https://stging.bobvila.com/articles/best-flashlight/
https://stging.bobvila.com/articles/best-cooling-weighted-blanket/;https://stging.bobvila.com/articles/best-cooling-blanket/
https://stging.bobvila.com/articles/best-casserole-dishes/;https://stging.bobvila.com/articles/best-gifts-for-foodies/
https://stging.bobvila.com/articles/best-cooling-mattress-pad/;https://stging.bobvila.com/articles/things-to-help-you-sleep-cooler/
https://stging.bobvila.com/articles/best-cooling-comforter/;https://stging.bobvila.com/articles/best-comforter/
https://stging.bobvila.com/articles/best-feather-pillows/;https://stging.bobvila.com/articles/best-bed-pillow/
https://stging.bobvila.com/articles/best-comforter-sets/;https://stging.bobvila.com/articles/best-comforter/
https://stging.bobvila.com/articles/best-baby-gate/;https://stging.bobvila.com/articles/diy-baby-gate/
https://stging.bobvila.com/articles/best-lap-desks/;https://stging.bobvila.com/articles/best-desks/
https://stging.bobvila.com/articles/best-hand-mixers/;https://stging.bobvila.com/articles/best-kitchen-appliance-brands/
https://stging.bobvila.com/articles/best-camping-chair/;https://stging.bobvila.com/articles/best-camping-gear/
https://stging.bobvila.com/articles/best-infrared-grill/;https://stging.bobvila.com/articles/best-grills/
https://stging.bobvila.com/articles/best-bike-lock/;https://stging.bobvila.com/articles/garage-door-security/
https://stging.bobvila.com/articles/best-instant-pot-cookbook/;https://stging.bobvila.com/articles/best-gifts-for-foodies/
https://stging.bobvila.com/articles/best-outdoor-blanket/;https://stging.bobvila.com/articles/best-camping-gear/
https://stging.bobvila.com/articles/best-whiskey-glasses/;https://stging.bobvila.com/articles/bar-gifts/
https://stging.bobvila.com/articles/best-multi-cooker/;https://stging.bobvila.com/articles/best-kitchen-appliance-brands/
https://stging.bobvila.com/articles/best-flea-treatment/;https://stging.bobvila.com/articles/best-flea-spray/
https://stging.bobvila.com/articles/best-touchscreen-gloves/;https://stging.bobvila.com/articles/best-work-gloves/
https://stging.bobvila.com/articles/best-hand-warmers/;https://stging.bobvila.com/articles/best-rechargeable-hand-warmer/
https://stging.bobvila.com/articles/best-silk-sheets/;https://stging.bobvila.com/articles/best-bed-sheets/
https://stging.bobvila.com/articles/best-travel-umbrella/;https://stging.bobvila.com/articles/best-travel-gifts/
https://stging.bobvila.com/articles/best-kitchen-tongs-reviews/;https://stging.bobvila.com/articles/best-kitchen-utensil-set/
https://stging.bobvila.com/articles/best-solar-power-bank/;https://stging.bobvila.com/articles/best-solar-charger/
https://stging.bobvila.com/articles/best-usb-wall-charger/;https://stging.bobvila.com/articles/tech-gifts/
https://stging.bobvila.com/articles/best-interior-design-books/;https://stging.bobvila.com/articles/best-coffee-table-books/
https://stging.bobvila.com/articles/best-tea-kettles/;https://stging.bobvila.com/articles/best-whistling-tea-kettle/
https://stging.bobvila.com/articles/best-firm-mattress/;https://stging.bobvila.com/articles/best-extra-firm-mattress/
https://stging.bobvila.com/articles/best-pellet-smoker/;https://stging.bobvila.com/articles/best-smoker/
https://stging.bobvila.com/articles/best-pencil-case/;https://stging.bobvila.com/articles/home-office-gifts/
https://stging.bobvila.com/articles/best-dry-bag/;https://stging.bobvila.com/articles/best-camping-gear/
https://stging.bobvila.com/articles/best-stainless-steel-frying-pan/;https://stging.bobvila.com/articles/best-cookware-brands/
https://stging.bobvila.com/articles/best-picnic-baskets/;https://stging.bobvila.com/articles/best-gifts-for-foodies/
https://stging.bobvila.com/articles/best-soft-coolers/;https://stging.bobvila.com/articles/best-coolers/
https://stging.bobvila.com/articles/best-bento-box/;https://stging.bobvila.com/articles/best-lunch-box/
https://stging.bobvila.com/articles/best-standing-desk-chair/;https://stging.bobvila.com/articles/best-office-chair/
https://stging.bobvila.com/articles/best-smart-home-device/;https://stging.bobvila.com/articles/best-smart-home-devices/
https://stging.bobvila.com/articles/best-nutribullet/;https://stging.bobvila.com/articles/best-blender-food-processor-combo/
https://stging.bobvila.com/articles/best-reusable-produce-bags/;https://stging.bobvila.com/articles/reusable-products-reduce-waste/
https://stging.bobvila.com/articles/best-insulated-tumbler/;https://stging.bobvila.com/articles/best-glass-water-bottle/
https://stging.bobvila.com/articles/best-phone-cleaner/;https://stging.bobvila.com/articles/best-all-purpose-cleaner/
https://stging.bobvila.com/articles/best-pull-up-bar/;https://stging.bobvila.com/articles/best-home-gym-equipment/
https://stging.bobvila.com/articles/best-cold-press-juicer/;https://stging.bobvila.com/articles/best-kitchen-appliance-brands/
https://stging.bobvila.com/articles/best-bug-spray-for-kids/;https://stging.bobvila.com/articles/best-natural-bug-spray/
https://stging.bobvila.com/articles/best-kettlebells/;https://stging.bobvila.com/articles/best-home-gym-equipment/
https://stging.bobvila.com/articles/best-soundbar/;https://stging.bobvila.com/articles/tech-gifts/
https://stging.bobvila.com/articles/best-sleep-headphones/;https://stging.bobvila.com/articles/tech-gifts/
https://stging.bobvila.com/articles/best-tumbler/;https://stging.bobvila.com/articles/best-glass-water-bottle/
https://stging.bobvila.com/articles/best-colored-markers/;https://stging.bobvila.com/articles/best-permanent-marker/
https://stging.bobvila.com/articles/best-wine-aerator/;https://stging.bobvila.com/articles/gifts-for-wine-lovers/
https://stging.bobvila.com/articles/best-fishing-rod/;https://stging.bobvila.com/articles/fishing-gifts/
https://stging.bobvila.com/articles/best-citrus-juicer/;https://stging.bobvila.com/articles/best-kitchen-appliance-brands/
https://stging.bobvila.com/articles/best-soda-makers/;https://stging.bobvila.com/articles/best-kitchen-appliance-brands/
https://stging.bobvila.com/articles/best-yoga-mat/;https://stging.bobvila.com/articles/best-area-rugs/
https://stging.bobvila.com/articles/best-usb-hub/;https://stging.bobvila.com/articles/tech-gifts/
https://stging.bobvila.com/articles/best-coffee-maker-with-grinder/;https://stging.bobvila.com/articles/gifts-for-coffee-lovers/
https://stging.bobvila.com/articles/best-bamboo-pillow/;https://stging.bobvila.com/articles/best-bed-pillow/
https://stging.bobvila.com/articles/best-smoker-grill-combo/;https://stging.bobvila.com/articles/best-smoker/
https://stging.bobvila.com/articles/best-copper-cookware-reviews/;https://stging.bobvila.com/articles/best-cookware-brands/
https://stging.bobvila.com/articles/best-printer/;https://stging.bobvila.com/articles/home-office-gifts/
https://stging.bobvila.com/articles/best-cookie-press/;https://stging.bobvila.com/articles/gifts-for-bakers/
https://stging.bobvila.com/articles/best-memory-foam-pillow/;https://stging.bobvila.com/articles/best-bed-pillow/
https://stging.bobvila.com/articles/best-blue-light-glasses/;https://stging.bobvila.com/articles/best-safety-glasses/
https://stging.bobvila.com/articles/best-outdoor-watches/;https://stging.bobvila.com/articles/best-outdoor-clock/
https://stging.bobvila.com/articles/best-paring-knife/;https://stging.bobvila.com/articles/best-kitchen-knife-brands/
https://stging.bobvila.com/articles/best-sleeping-pad/;https://stging.bobvila.com/articles/best-camping-gear
https://stging.bobvila.com/articles/best-roasting-pans/;https://stging.bobvila.com/articles/best-cookware-brands/
https://stging.bobvila.com/articles/best-pet-camera/;https://stging.bobvila.com/articles/best-indoor-security-camera/
https://stging.bobvila.com/articles/best-umbrella/;https://stging.bobvila.com/articles/best-patio-umbrellas/
https://stging.bobvila.com/articles/best-duffel-bag/;https://stging.bobvila.com/articles/best-travel-gifts/
https://stging.bobvila.com/articles/best-slim-wallet/;https://stging.bobvila.com/articles/fathers-day-gifts/
https://stging.bobvila.com/articles/best-exercise-ball/;https://stging.bobvila.com/articles/best-home-gym-equipment/
https://stging.bobvila.com/articles/best-pencils/;https://stging.bobvila.com/articles/best-carpenter-pencil/
https://stging.bobvila.com/articles/best-cold-brew-coffee-makers/;https://stging.bobvila.com/articles/gifts-for-coffee-lovers/
https://stging.bobvila.com/articles/best-sleeping-bags-for-kids/;https://stging.bobvila.com/articles/best-camping-gear/
https://stging.bobvila.com/articles/best-construction-boots/;https://stging.bobvila.com/articles/best-work-boots-for-men/
https://stging.bobvila.com/articles/best-flask/;https://stging.bobvila.com/articles/bar-gifts/
https://stging.bobvila.com/articles/best-luxury-sheets/;https://stging.bobvila.com/articles/best-bed-sheets/
https://stging.bobvila.com/articles/best-pressure-cookers/;https://stging.bobvila.com/articles/best-kitchen-appliance-brands/
https://stging.bobvila.com/articles/best-puzzles/;https://stging.bobvila.com/articles/best-puzzle-tables/
https://stging.bobvila.com/articles/best-pasta-maker/;https://stging.bobvila.com/articles/kitchen-gadgets-with-rave-reviews-on-amazon/
https://stging.bobvila.com/articles/best-insulated-water-bottle/;https://stging.bobvila.com/articles/best-glass-water-bottle/
https://stging.bobvila.com/articles/best-reusable-straw/;https://stging.bobvila.com/articles/reusable-products-reduce-waste/
https://stging.bobvila.com/articles/best-nespresso-machine/;https://stging.bobvila.com/articles/gifts-for-coffee-lovers/
https://stging.bobvila.com/articles/best-electric-kettle/;https://stging.bobvila.com/articles/best-kitchen-appliance-brands/
https://stging.bobvila.com/articles/best-reusable-grocery-bags/;https://stging.bobvila.com/articles/reusable-products-reduce-waste/
https://stging.bobvila.com/articles/best-tackle-box/;https://stging.bobvila.com/articles/fishing-gifts/
https://stging.bobvila.com/articles/best-camping-tents/;https://stging.bobvila.com/articles/best-camping-gear/
https://stging.bobvila.com/articles/best-growlers/;https://stging.bobvila.com/articles/bar-gifts/
https://stging.bobvila.com/articles/best-wool-socks/;https://stging.bobvila.com/articles/best-heated-socks/
https://stging.bobvila.com/articles/best-milk-frothers/;https://stging.bobvila.com/articles/kitchen-gadgets-with-rave-reviews-on-amazon/
https://stging.bobvila.com/articles/best-wine-opener/;https://stging.bobvila.com/articles/gifts-for-wine-lovers/
https://stging.bobvila.com/articles/best-pencil/;https://stging.bobvila.com/articles/best-carpenter-pencil/
https://stging.bobvila.com/articles/best-ice-cream-scoops/;https://stging.bobvila.com/articles/best-kitchen-utensil-set/
https://stging.bobvila.com/articles/best-sunrise-alarm-clock/;https://stging.bobvila.com/articles/best-alarm-clock/
https://stging.bobvila.com/articles/best-exercise-bike/;https://stging.bobvila.com/articles/best-home-gym-equipment/
https://stging.bobvila.com/articles/best-instant-pot/;https://stging.bobvila.com/articles/best-kitchen-appliance-brands/
https://stging.bobvila.com/articles/best-fish-tank/;https://stging.bobvila.com/articles/best-terrarium
https://stging.bobvila.com/articles/best-hybrid-mattress/;https://stging.bobvila.com/articles/best-mattresses-under-1000/
https://stging.bobvila.com/articles/best-hydration-pack/;https://stging.bobvila.com/articles/best-camping-gear/
https://stging.bobvila.com/articles/best-shower-speaker/;https://stging.bobvila.com/articles/tech-gifts/
https://stging.bobvila.com/articles/best-silicone-baking-mat/;https://stging.bobvila.com/articles/gifts-for-bakers/
https://stging.bobvila.com/articles/best-smart-coffee-maker/;https://stging.bobvila.com/articles/gifts-for-coffee-lovers/
https://stging.bobvila.com/articles/best-pizza-cutters/;https://stging.bobvila.com/articles/best-kitchen-utensil-set/
https://stging.bobvila.com/articles/best-universal-remotes/;https://stging.bobvila.com/articles/tech-gifts/
https://stging.bobvila.com/articles/best-wine-decanters/;https://stging.bobvila.com/articles/gifts-for-wine-lovers/
https://stging.bobvila.com/articles/best-charging-station/;https://stging.bobvila.com/articles/tech-gifts/
https://stging.bobvila.com/articles/best-bedding/;https://stging.bobvila.com/articles/best-places-to-buy-bedding/
https://stging.bobvila.com/articles/best-packing-cubes/;https://stging.bobvila.com/articles/best-travel-gifts/
https://stging.bobvila.com/articles/best-automatic-espresso-machine/;https://stging.bobvila.com/articles/gifts-for-coffee-lovers/
https://stging.bobvila.com/articles/best-cocktail-shakers/;https://stging.bobvila.com/articles/bar-gifts/
https://stging.bobvila.com/articles/best-loft-bed/;https://stging.bobvila.com/articles/best-kids-loft-bed-with-desk/
https://stging.bobvila.com/articles/best-latte-machine/;https://stging.bobvila.com/articles/gifts-for-coffee-lovers/
https://stging.bobvila.com/articles/best-treadmills/;https://stging.bobvila.com/articles/best-home-gym-equipment/
https://stging.bobvila.com/articles/best-instant-pot-accessories/;https://stging.bobvila.com/articles/best-kitchen-appliance-brands/
https://stging.bobvila.com/articles/best-meal-prep-containers/;https://stging.bobvila.com/articles/best-food-storage-containers/
https://stging.bobvila.com/articles/best-ergonomic-keyboard/;https://stging.bobvila.com/articles/tech-gifts/
https://stging.bobvila.com/articles/best-headphone-stand/;https://stging.bobvila.com/articles/tech-gifts/
https://stging.bobvila.com/articles/best-desk-accessories/;https://stging.bobvila.com/articles/home-office-gifts/
https://stging.bobvila.com/articles/best-vegetable-peeler/;https://stging.bobvila.com/articles/best-kitchen-utensil-set/
https://stging.bobvila.com/articles/best-kitchenaid-mixer/;https://stging.bobvila.com/articles/best-kitchen-appliance-brands/
https://stging.bobvila.com/articles/best-vertical-pellet-smoker/;https://stging.bobvila.com/articles/best-smoker/
https://stging.bobvila.com/articles/best-media-streaming-device/;https://stging.bobvila.com/articles/tech-gifts/
https://stging.bobvila.com/articles/best-slow-cooker/;https://stging.bobvila.com/articles/best-kitchen-appliance-brands/
https://stging.bobvila.com/articles/best-fishing-line/;https://stging.bobvila.com/articles/fishing-gifts/
https://stging.bobvila.com/articles/best-grilling-tools/;https://stging.bobvila.com/articles/best-grilling-accessories/
https://stging.bobvila.com/articles/best-standing-desk-mat/;https://stging.bobvila.com/articles/home-office-gifts/
https://stging.bobvila.com/articles/best-manual-coffee-grinder/;https://stging.bobvila.com/articles/gifts-for-coffee-lovers/
https://stging.bobvila.com/articles/best-knife-sets/;https://stging.bobvila.com/articles/best-kitchen-knife-brands/
https://stging.bobvila.com/articles/best-shoe-cleaner/;https://stging.bobvila.com/articles/best-shoe-deodorizer/
https://stging.bobvila.com/articles/best-bug-sprays/;https://stging.bobvila.com/articles/best-natural-bug-spray/
https://stging.bobvila.com/articles/best-box-grater/;https://stging.bobvila.com/articles/best-kitchen-utensil-set/
https://stging.bobvila.com/articles/best-skillets/;https://stging.bobvila.com/articles/best-cookware-brands/
https://stging.bobvila.com/articles/best-cooling-pillow/;https://stging.bobvila.com/articles/best-place-to-buy-pillows/
https://stging.bobvila.com/articles/best-corkscrew/;https://stging.bobvila.com/articles/bar-gifts/
https://stging.bobvila.com/articles/best-in-wall-speakers/;https://stging.bobvila.com/articles/best-in-ceiling-speakers/
https://stging.bobvila.com/articles/best-cappuccino-maker/;https://stging.bobvila.com/articles/gifts-for-coffee-lovers/
https://stging.bobvila.com/articles/best-wireless-chargers/;https://stging.bobvila.com/articles/tech-gifts/
https://stging.bobvila.com/articles/best-travel-bags/;https://stging.bobvila.com/articles/best-travel-gifts/
https://stging.bobvila.com/articles/best-french-press/;https://stging.bobvila.com/articles/gifts-for-coffee-lovers/
https://stging.bobvila.com/articles/best-travel-gadgets/;https://stging.bobvila.com/articles/best-travel-gifts/
https://stging.bobvila.com/articles/best-christmas-light-projector-review/;https://stging.bobvila.com/articles/best-christmas-light-projector/
https://stging.bobvila.com/articles/best-family-board-game/;https://stging.bobvila.com/articles/best-board-games/
https://stging.bobvila.com/articles/best-cook-books/;https://stging.bobvila.com/articles/best-coffee-table-books/
https://stging.bobvila.com/articles/best-e-reader/;https://stging.bobvila.com/articles/tech-gifts/
https://stging.bobvila.com/articles/best-drawing-book/;https://stging.bobvila.com/articles/home-office-gifts/
https://stging.bobvila.com/articles/best-smart-scale/;https://stging.bobvila.com/articles/best-smart-home-devices/
https://stging.bobvila.com/articles/best-google-home-devices/;https://stging.bobvila.com/articles/best-smart-home-devices/
https://stging.bobvila.com/articles/best-home-brewing-kit/;https://stging.bobvila.com/articles/bar-gifts/
https://stging.bobvila.com/articles/drill-bit-sharpener/;https://stging.bobvila.com/articles/best-drill-bit-sharpener/
https://stging.bobvila.com/articles/best-blender/;https://stging.bobvila.com/articles/best-blender-food-processor-combo/
https://stging.bobvila.com/articles/best-coffee-grinder/;https://stging.bobvila.com/articles/gifts-for-coffee-lovers/
https://stging.bobvila.com/articles/best-coffee-mug/;https://stging.bobvila.com/articles/best-kitchen-utensil-set/
https://stging.bobvila.com/articles/best-kitchen-shears/;https://stging.bobvila.com/articles/best-kitchen-utensil-set/
https://stging.bobvila.com/articles/best-microwave-oven/;https://stging.bobvila.com/articles/best-countertop-microwave/
https://stging.bobvila.com/articles/best-sous-vide-machine/;https://stging.bobvila.com/articles/best-kitchen-appliance-brands/
https://stging.bobvila.com/articles/best-toaster/;https://stging.bobvila.com/articles/best-kitchen-appliance-brands/
https://stging.bobvila.com/articles/best-toaster-oven/;https://stging.bobvila.com/articles/best-kitchen-appliance-brands/
https://stging.bobvila.com/articles/best-cake-pan/;https://stging.bobvila.com/articles/gifts-for-bakers/
https://stging.bobvila.com/articles/best-laptop-backpack/;https://stging.bobvila.com/articles/best-tool-backpack/
https://stging.bobvila.com/articles/best-loaf-pan/;https://stging.bobvila.com/articles/gifts-for-bakers/
https://stging.bobvila.com/articles/best-notebooks/;https://stging.bobvila.com/articles/home-office-gifts/
https://stging.bobvila.com/articles/best-resistance-bands/;https://stging.bobvila.com/articles/best-home-gym-equipment/
https://stging.bobvila.com/articles/best-stainless-steel-water-bottle/;https://stging.bobvila.com/articles/best-glass-water-bottle/
https://stging.bobvila.com/articles/best-turntable/;https://stging.bobvila.com/articles/best-home-stereo-system/
https://stging.bobvila.com/articles/best-drain-snakes-for-clogs/;https://stging.bobvila.com/articles/best-drain-snakes/
https://stging.bobvila.com/articles/best-smart-doorbell/;https://stging.bobvila.com/articles/best-doorbell-cameras/
https://stging.bobvila.com/articles/best-apple-peeler/;https://stging.bobvila.com/articles/kitchen-gadgets-with-rave-reviews-on-amazon/
https://stging.bobvila.com/articles/best-bookshelf-speakers/;https://stging.bobvila.com/articles/best-wireless-surround-sound-system/
https://stging.bobvila.com/articles/best-camping-air-mattress/;https://stging.bobvila.com/articles/best-air-mattress/
https://stging.bobvila.com/articles/best-camping-hammock/;https://stging.bobvila.com/articles/best-hammock/
https://stging.bobvila.com/articles/best-coffee-mug/;https://stging.bobvila.com/articles/gifts-for-coffee-lovers/
https://stging.bobvila.com/articles/best-coffee-substitute/;https://stging.bobvila.com/articles/gifts-for-coffee-lovers/
https://stging.bobvila.com/articles/best-coffee-thermos/;https://stging.bobvila.com/articles/gifts-for-coffee-lovers/
https://stging.bobvila.com/articles/best-dog-food-storage/;https://stging.bobvila.com/articles/products-every-dog-owner-needs/
https://stging.bobvila.com/articles/best-dog-gates/;https://stging.bobvila.com/articles/products-every-dog-owner-needs/
https://stging.bobvila.com/articles/best-french-presses/;https://stging.bobvila.com/articles/gifts-for-coffee-lovers/
https://stging.bobvila.com/articles/best-frying-pan-2/;https://stging.bobvila.com/articles/best-cookware-brands/
https://stging.bobvila.com/articles/best-keurig-coffee-maker/;https://stging.bobvila.com/articles/gifts-for-coffee-lovers/
https://stging.bobvila.com/articles/best-manual-can-opener/;https://stging.bobvila.com/articles/kitchen-gadgets-with-rave-reviews-on-amazon/
https://stging.bobvila.com/articles/best-mini-keyboard/;https://stging.bobvila.com/articles/home-office-gifts/
https://stging.bobvila.com/articles/best-pepper-mill/;https://stging.bobvila.com/articles/kitchen-gadgets-with-rave-reviews-on-amazon/
https://stging.bobvila.com/articles/best-photo-storage/;https://stging.bobvila.com/articles/best-photo-storage-boxes/
https://stging.bobvila.com/articles/best-pillows-for-stomach-sleepers/;https://stging.bobvila.com/articles/best-places-to-buy-bedding/
https://stging.bobvila.com/articles/best-pizza-oven/;https://stging.bobvila.com/articles/best-outdoor-pizza-oven/
https://stging.bobvila.com/articles/best-reusable-food-storage-bag/;https://stging.bobvila.com/articles/reusable-products-reduce-waste/
https://stging.bobvila.com/articles/best-saucepan/;https://stging.bobvila.com/articles/best-cookware-brands/
https://stging.bobvila.com/articles/best-travel-mug/;https://stging.bobvila.com/articles/best-travel-gifts/
https://stging.bobvila.com/articles/best-wifi-router-for-long-range/;https://stging.bobvila.com/articles/tech-gifts/
https://stging.bobvila.com/articles/best-mattress-for-back-and-neck-pain/;https://stging.bobvila.com/articles/best-mattresses-for-back-pain/
https://stging.bobvila.com/articles/best-organic-mattress/;https://stging.bobvila.com/articles/best-mattresses-under-1000/
https://stging.bobvila.com/articles/best-innerspring-mattress/;https://stging.bobvila.com/articles/best-mattresses-under-1000/
https://stging.bobvila.com/articles/best-cooling-mattresses/;https://stging.bobvila.com/articles/best-mattresses-under-1000/
https://stging.bobvila.com/articles/best-mattress-for-side-sleepers/;https://stging.bobvila.com/articles/best-mattresses-under-1000/
https://stging.bobvila.com/articles/best-hypoallergenic-pillows/;https://stging.bobvila.com/articles/best-bed-pillow/
https://stging.bobvila.com/articles/best-grills-for-backyard-cookouts/;https://stging.bobvila.com/articles/best-grills/
https://stging.bobvila.com/articles/how-to-fix-a-garbage-disposal/;https://stging.bobvila.com/articles/garbage-disposal-not-working/
https://stging.bobvila.com/articles/garage-conversion/embed/;https://stging.bobvila.com/articles/garage-conversion/
https://stging.bobvila.com/articles/dutch-doors/embed/;https://stging.bobvila.com/articles/dutch-doors/
https://stging.bobvila.com/slideshow/homedepot.sjv.io/MXb3EM/;https://stging.bobvila.com/
https://stging.bobvila.com/21817035599/WebStories/bobvila/brand/;https://stging.bobvila.com/
