https://www.bobvila.com/articles/best-paella-pan/,https://www.bobvila.com/articles/best-cookware-brands/
https://www.bobvila.com/articles/best-tents-for-kids/,https://www.bobvila.com/articles/backyard-camping/
https://www.bobvila.com/articles/best-charging-cable/,https://www.bobvila.com/articles/tech-gifts/
https://www.bobvila.com/articles/best-foot-massager/,https://www.bobvila.com/articles/best-massage-chairs/
https://www.bobvila.com/articles/best-electric-grill/,https://www.bobvila.com/articles/best-outdoor-electric-grill/
https://www.bobvila.com/articles/best-smart-light-switch/,https://www.bobvila.com/articles/best-smart-switch/
https://www.bobvila.com/articles/best-whiskey-stone/,https://www.bobvila.com/articles/bar-gifts/
https://www.bobvila.com/articles/best-rain-jacket/,https://www.bobvila.com/articles/best-heated-jacket/
https://www.bobvila.com/articles/best-wine-stopper/,https://www.bobvila.com/articles/gifts-for-wine-lovers/
https://www.bobvila.com/articles/best-rowing-machine/,https://www.bobvila.com/articles/best-home-gym-equipment/
https://www.bobvila.com/articles/best-drinking-glasses/,https://www./articles/best-plastic-drinking-glasses/
https://www.bobvila.com/articles/best-handheld-massager/,https://www.bobvila.com/articles/best-massage-chairs/
https://www.bobvila.com/articles/best-book-stand/,https://www.bobvila.com/articles/home-office-gifts/
https://www.bobvila.com/articles/best-gaming-chair/,https://www.bobvila.com/articles/best-office-chair/
https://www.bobvila.com/articles/best-toothbrush-holder/,https://www.bobvila.com/articles/best-bathroom-storage-organizers/
https://www.bobvila.com/articles/best-wallets-for-men/,https://www.bobvila.com/articles/fathers-day-gifts/
https://www.bobvila.com/articles/best-scanner/,https://www.bobvila.com/articles/tech-gifts/
https://www.bobvila.com/articles/best-dog-crate/,https://www.bobvila.com/articles/products-every-dog-owner-needs/
https://www.bobvila.com/articles/best-nonstick-cookware/,https://www.bobvila.com/articles/best-cookware-brands/
https://www.bobvila.com/articles/best-cheese-board/,https://www.bobvila.com/articles/best-wood-cutting-board/
https://www.bobvila.com/articles/best-cookie-cutters/,https://www.bobvila.com/articles/gifts-for-bakers/
https://www.bobvila.com/articles/best-cheap-mattress/,https://www.bobvila.com/articles/best-mattresses-under-1000
https://www.bobvila.com/articles/best-himalayan-salt-lamp/,https://www.bobvila.com/articles/best-table-lamps/
https://www.bobvila.com/articles/best-cargo-pants/,https://www.bobvila.com/articles/best-construction-work-pants/
https://www.bobvila.com/articles/best-pencil-sharpener/,https://www.bobvila.com/articles/best-electric-pencil-sharpener/
https://www.bobvila.com/articles/best-monitor-arm/,https://www.bobvila.com/articles/tech-gifts/
https://www.bobvila.com/articles/best-outdoor-bluetooth-speakers/,https://www.bobvila.com/articles/best-outdoor-speakers/
https://www.bobvila.com/articles/best-carbon-steel-pan/,https://www.bobvila.com/articles/best-cookware-brands/
https://www.bobvila.com/articles/best-knee-pillow/,https://www.bobvila.com/articles/best-places-to-buy-bedding/
https://www.bobvila.com/articles/best-measuring-cup/,https://www.bobvila.com/articles/best-kitchen-utensil-set/
https://www.bobvila.com/articles/best-springform-pan/,https://www.bobvila.com/articles/gifts-for-bakers/
https://www.bobvila.com/articles/best-stainless-steel-cookware/,https://www.bobvila.com/articles/best-cookware-brands/
https://www.bobvila.com/articles/best-bamboo-steamer/,https://www.bobvila.com/articles/best-cookware-brands/
https://www.bobvila.com/articles/best-reed-diffuser/,https://www.bobvila.com/articles/best-home-fragrance/
https://www.bobvila.com/articles/best-cooling-mattress-topper/,https://www.bobvila.com/articles/best-mattress-topper/
https://www.bobvila.com/articles/best-napkin-holder/,https://www.bobvila.com/articles/best-gifts-for-foodies/
https://www.bobvila.com/articles/best-fountain-pen/,https://www.bobvila.com/articles/home-office-gifts/
https://www.bobvila.com/articles/best-travel-backpack/,https://www.bobvila.com/articles/best-travel-gifts/
https://www.bobvila.com/articles/best-pellet-tube-smoker/,https://www.bobvila.com/articles/best-smoker/
https://www.bobvila.com/articles/best-wifi-extender/,https://www.bobvila.com/articles/tech-gifts/
https://www.bobvila.com/articles/best-gas-grill/,https://www.bobvila.com/articles/best-gas-grills-under-500/
https://www.bobvila.com/articles/best-microfiber-sheets/,https://www.bobvila.com/articles/best-bed-sheets/
https://www.bobvila.com/articles/best-weather-radio/,https://www.bobvila.com/articles/best-emergency-radio/
https://www.bobvila.com/articles/best-body-pillow/,https://www.bobvila.com/articles/best-bed-pillow/
https://www.bobvila.com/articles/best-indoor-grills/,https://www.bobvila.com/articles/best-smokeless-indoor-grills/
https://www.bobvila.com/articles/best-alarm-clock-for-heavy-sleepers/,https://www.bobvila.com/articles/best-alarm-clock/
https://www.bobvila.com/articles/best-cooling-sheets/,https://www.bobvila.com/articles/best-bed-sheets/
https://www.bobvila.com/articles/best-cocktail-glasses/,https://www.bobvila.com/articles/bar-gifts/
https://www.bobvila.com/articles/best-laptop-stand/,https://www.bobvila.com/articles/home-office-gifts/
https://www.bobvila.com/articles/best-automatic-litter-box/,https://www.bobvila.com/articles/best-litter-box/
https://www.bobvila.com/articles/best-baking-sheets/,https://www.bobvila.com/articles/best-cookware-brands/
https://www.bobvila.com/articles/best-acrylic-paint-brushes/,https://www.bobvila.com/articles/best-paint-brushes/
https://www.bobvila.com/articles/best-compact-treadmill/,https://www.bobvila.com/articles/best-home-gym-equipment/
https://www.bobvila.com/articles/best-money-clip/,https://www.bobvila.com/articles/fathers-day-gifts/
https://www.bobvila.com/articles/best-propane-smoker/,https://www.bobvila.com/articles/best-smoker/
https://www.bobvila.com/articles/best-dog-beds/,https://www.bobvila.com/articles/products-every-dog-owner-needs/
https://www.bobvila.com/articles/best-cooling-towel/,https://www.bobvila.com/articles/best-towels-on-amazon/
https://www.bobvila.com/articles/best-soy-candle/,https://www.bobvila.com/articles/best-candle/
https://www.bobvila.com/articles/best-planner/,https://www.bobvila.com/articles/home-office-gifts/
https://www.bobvila.com/articles/best-olive-oil-dispenser/,https://www.bobvila.com/articles/best-gifts-for-foodies/
https://www.bobvila.com/articles/best-kitchen-scale/,https://www.bobvila.com/articles/kitchen-gadgets-with-rave-reviews-on-amazon/
https://www.bobvila.com/articles/best-tabletop-grill/,https://www.bobvila.com/articles/best-smokeless-indoor-grills/
https://www.bobvila.com/articles/best-tea-infuser/,https://www.bobvila.com/articles/best-gifts-for-foodies/
https://www.bobvila.com/articles/best-mattress-on-amazon/,https://www.bobvila.com/articles/best-mattresses-under-1000/
https://www.bobvila.com/articles/best-gooseneck-kettle/,https://www.bobvila.com/articles/best-whistling-tea-kettle/
https://www.bobvila.com/articles/best-blanket-storage/,https://www.bobvila.com/articles/best-storage-bins/
https://www.bobvila.com/articles/best-cookware-set/,https://www.bobvila.com/articles/best-cookware-brands/
https://www.bobvila.com/articles/best-pillow-for-neck-pain/,https://www.bobvila.com/articles/best-places-to-buy-bedding/
https://www.bobvila.com/articles/best-edc-knife/,https://www.bobvila.com/articles/best-pocket-knife/
https://www.bobvila.com/articles/best-baking-pans/,https://www.bobvila.com/articles/best-cookware-brands/
https://www.bobvila.com/articles/best-wifi-speakers/,https://www.bobvila.com/articles/best-wireless-surround-sound-system/
https://www.bobvila.com/articles/best-travel-blanket/,https://www.bobvila.com/articles/best-travel-gifts/
https://www.bobvila.com/articles/best-waterproof-mattress-protector/,https://www.bobvila.com/articles/best-mattress-protector/
https://www.bobvila.com/articles/best-mini-food-processor/,https://www.bobvila.com/articles/best-blender-food-processor-combo/
https://www.bobvila.com/articles/best-backpack-cooler/,https://www.bobvila.com/articles/best-coolers/
https://www.bobvila.com/articles/best-work-pants/,https://www.bobvila.com/articles/best-construction-work-pants/
https://www.bobvila.com/articles/best-rice-maker/,https://www.bobvila.com/articles/best-kitchen-appliance-brands/
https://www.bobvila.com/articles/best-usb-extension-cable/,https://www.bobvila.com/articles/tech-gifts/
https://www.bobvila.com/articles/best-travel-pillow/,https://www.bobvila.com/articles/best-travel-gifts/
https://www.bobvila.com/articles/best-beer-glasses/,https://www.bobvila.com/articles/bar-gifts/
https://www.bobvila.com/articles/best-floor-mats-for-kids/,https://www.bobvila.com/articles/best-area-rugs/
https://www.bobvila.com/articles/best-organic-sheets/,https://www.bobvila.com/articles/best-bed-sheets/
https://www.bobvila.com/articles/best-duvet-insert/,https://www.bobvila.com/articles/best-duvet-covers/
https://www.bobvila.com/articles/best-wine-racks/,https://www.bobvila.com/articles/wine-rack-ideas/
https://www.bobvila.com/articles/best-bath-towels/,https://www.bobvila.com/articles/best-towels-on-amazon/
https://www.bobvila.com/articles/best-architecture-books/,https://www.bobvila.com/articles/best-coffee-table-books/
https://www.bobvila.com/articles/best-desk-pad/,https://www.bobvila.com/articles/home-office-gifts/
https://www.bobvila.com/articles/best-photo-printer/,https://www.bobvila.com/articles/tech-gifts/
https://www.bobvila.com/articles/best-personal-blender/,https://www.bobvila.com/articles/best-blender-food-processor-combo/
https://www.bobvila.com/articles/best-retractable-dog-leash/,https://www.bobvila.com/articles/products-every-dog-owner-needs/
https://www.bobvila.com/articles/best-mortar-and-pestle/,https://www.bobvila.com/articles/best-gifts-for-foodies/
https://www.bobvila.com/articles/best-sleeping-bag/,https://www.bobvila.com/articles/best-camping-gear/
https://www.bobvila.com/articles/best-spotlight/,https://www.bobvila.com/articles/best-handheld-spotlight/
https://www.bobvila.com/articles/best-dutch-ovens/,https://www.bobvila.com/articles/best-cookware-brands/
https://www.bobvila.com/articles/best-floor-standing-speakers/,https://www.bobvila.com/articles/best-wireless-surround-sound-system/
https://www.bobvila.com/articles/best-down-pillows/,https://www.bobvila.com/articles/best-bed-pillow/
https://www.bobvila.com/articles/best-travel-steamer/,https://www.bobvila.com/articles/best-travel-gifts/
https://www.bobvila.com/articles/best-chef-knife/,https://www.bobvila.com/articles/best-kitchen-knife-brands/
https://www.bobvila.com/articles/best-watercolor-paints/,https://www.bobvila.com/articles/best-interior-paint/
https://www.bobvila.com/articles/best-beach-tent/,https://www.bobvila.com/articles/best-screen-tent/
https://www.bobvila.com/articles/best-wireless-home-security-system/,https://www.bobvila.com/articles/best-diy-security-system/
https://www.bobvila.com/articles/best-camping-lantern/,https://www.bobvila.com/articles/best-camping-gear
https://www.bobvila.com/articles/best-bike-pump/,https://www.bobvila.com/articles/best-tire-inflator/
https://www.bobvila.com/articles/best-home-theater-systems/,https://www.bobvila.com/articles/best-wireless-surround-sound-system/
https://www.bobvila.com/articles/best-nonstick-pan/,https://www.bobvila.com/articles/best-cookware-brands/
https://www.bobvila.com/articles/best-latex-mattress/,https://www.bobvila.com/articles/best-mattresses-under-1000/
https://www.bobvila.com/articles/best-panini-press/,https://www.bobvila.com/articles/kitchen-gadgets-with-rave-reviews-on-amazon/
https://www.bobvila.com/articles/best-colanders/,https://www.bobvila.com/articles/best-gifts-for-foodies/
https://www.bobvila.com/articles/best-essential-oil-diffuser/,https://www.bobvila.com/articles/best-home-fragrance/
https://www.bobvila.com/articles/best-bread-maker/,https://www.bobvila.com/articles/best-kitchen-appliance-brands/
https://www.bobvila.com/articles/best-rfid-wallet/,https://www.bobvila.com/articles/fathers-day-gifts/
https://www.bobvila.com/articles/best-egyptian-cotton-sheets/,https://www.bobvila.com/articles/best-bed-sheets/
https://www.bobvila.com/articles/best-pizza-ovens/,https://www.bobvila.com/articles/best-outdoor-pizza-oven/
https://www.bobvila.com/articles/best-juicers/,https://www.bobvila.com/articles/best-kitchen-appliance-brands/
https://www.bobvila.com/articles/best-waffle-makers/,https://www.bobvila.com/articles/kitchen-gadgets-with-rave-reviews-on-amazon/
https://www.bobvila.com/articles/best-backpacking-stove/,https://www.bobvila.com/articles/best-camping-gear/
https://www.bobvila.com/articles/best-ceramic-frying-pan/,https://www.bobvila.com/articles/best-cookware-brands/
https://www.bobvila.com/articles/best-electric-wine-opener/,https://www.bobvila.com/articles/gifts-for-wine-lovers/
https://www.bobvila.com/articles/best-snow-boots/,https://www.bobvila.com/articles/best-work-boots-for-men/
https://www.bobvila.com/articles/best-backpacks/,https://www.bobvila.com/articles/best-tool-backpack/
https://www.bobvila.com/articles/best-waterproof-bluetooth-speaker/,https://www.bobvila.com/articles/best-outdoor-speakers/
https://www.bobvila.com/articles/best-mattress-for-kids/,https://www.bobvila.com/articles/best-twin-mattress-for-kids/
https://www.bobvila.com/articles/best-apron/,https://www.bobvila.com/articles/best-gifts-for-foodies/
https://www.bobvila.com/articles/best-self-monitored-home-security-system/,https://www.bobvila.com/articles/diy-security-system/
https://www.bobvila.com/articles/best-wine-coolers/,https://www.bobvila.com/articles/best-coolers/
https://www.bobvila.com/articles/best-industrial-sewing-machine/,https://www.bobvila.com/articles/best-sewing-machine/
https://www.bobvila.com/articles/best-smart-pen/,https://www.bobvila.com/articles/best-smart-home-devices/
https://www.bobvila.com/articles/best-linen-sheets/,https://www.bobvila.com/articles/best-bed-sheets/
https://www.bobvila.com/articles/best-rechargeable-flashlight/,https://www.bobvila.com/articles/best-flashlight/
https://www.bobvila.com/articles/best-cooling-weighted-blanket/,https://www.bobvila.com/articles/best-cooling-blanket/
https://www.bobvila.com/articles/best-casserole-dishes/,https://www.bobvila.com/articles/best-gifts-for-foodies/
https://www.bobvila.com/articles/best-cooling-mattress-pad/,https://www.bobvila.com/articles/things-to-help-you-sleep-cooler/
https://www.bobvila.com/articles/best-cooling-comforter/,https://www.bobvila.com/articles/best-comforter/
https://www.bobvila.com/articles/best-feather-pillows/,https://www.bobvila.com/articles/best-bed-pillow/
https://www.bobvila.com/articles/best-comforter-sets/,https://www.bobvila.com/articles/best-comforter/
https://www.bobvila.com/articles/best-baby-gate/,https://www.bobvila.com/articles/diy-baby-gate/
https://www.bobvila.com/articles/best-lap-desks/,https://www.bobvila.com/articles/best-desks/
https://www.bobvila.com/articles/best-hand-mixers/,https://www.bobvila.com/articles/best-kitchen-appliance-brands/
https://www.bobvila.com/articles/best-camping-chair/,https://www.bobvila.com/articles/best-camping-gear/
https://www.bobvila.com/articles/best-infrared-grill/,https://www.bobvila.com/articles/best-grills/
https://www.bobvila.com/articles/best-bike-lock/,https://www.bobvila.com/articles/garage-door-security/
https://www.bobvila.com/articles/best-instant-pot-cookbook/,https://www.bobvila.com/articles/best-gifts-for-foodies/
https://www.bobvila.com/articles/best-outdoor-blanket/,https://www.bobvila.com/articles/best-camping-gear/
https://www.bobvila.com/articles/best-whiskey-glasses/,https://www.bobvila.com/articles/bar-gifts/
https://www.bobvila.com/articles/best-multi-cooker/,https://www.bobvila.com/articles/best-kitchen-appliance-brands/
https://www.bobvila.com/articles/best-flea-treatment/,https://www.bobvila.com/articles/best-flea-spray/
https://www.bobvila.com/articles/best-touchscreen-gloves/,https://www.bobvila.com/articles/best-work-gloves/
https://www.bobvila.com/articles/best-hand-warmers/,https://www.bobvila.com/articles/best-rechargeable-hand-warmer/
https://www.bobvila.com/articles/best-silk-sheets/,https://www.bobvila.com/articles/best-bed-sheets/
https://www.bobvila.com/articles/best-travel-umbrella/,https://www.bobvila.com/articles/best-travel-gifts/
https://www.bobvila.com/articles/best-kitchen-tongs-reviews/,https://www.bobvila.com/articles/best-kitchen-utensil-set/
https://www.bobvila.com/articles/best-solar-power-bank/,https://www.bobvila.com/articles/best-solar-charger/
https://www.bobvila.com/articles/best-usb-wall-charger/,https://www.bobvila.com/articles/tech-gifts/
https://www.bobvila.com/articles/best-interior-design-books/,https://www.bobvila.com/articles/best-coffee-table-books/
https://www.bobvila.com/articles/best-tea-kettles/,https://www.bobvila.com/articles/best-whistling-tea-kettle/
https://www.bobvila.com/articles/best-firm-mattress/,https://www.bobvila.com/articles/best-extra-firm-mattress/
https://www.bobvila.com/articles/best-pellet-smoker/,https://www.bobvila.com/articles/best-smoker/
https://www.bobvila.com/articles/best-pencil-case/,https://www.bobvila.com/articles/home-office-gifts/
https://www.bobvila.com/articles/best-dry-bag/,https://www.bobvila.com/articles/best-camping-gear/
https://www.bobvila.com/articles/best-stainless-steel-frying-pan/,https://www.bobvila.com/articles/best-cookware-brands/
https://www.bobvila.com/articles/best-picnic-baskets/,https://www.bobvila.com/articles/best-gifts-for-foodies/
https://www.bobvila.com/articles/best-soft-coolers/,https://www.bobvila.com/articles/best-coolers/
https://www.bobvila.com/articles/best-bento-box/,https://www.bobvila.com/articles/best-lunch-box/
https://www.bobvila.com/articles/best-standing-desk-chair/,https://www.bobvila.com/articles/best-office-chair/
https://www.bobvila.com/articles/best-smart-home-device/,https://www.bobvila.com/articles/best-smart-home-devices/
https://www.bobvila.com/articles/best-nutribullet/,https://www.bobvila.com/articles/best-blender-food-processor-combo/
https://www.bobvila.com/articles/best-reusable-produce-bags/,https://www.bobvila.com/articles/reusable-products-reduce-waste/
https://www.bobvila.com/articles/best-insulated-tumbler/,https://www.bobvila.com/articles/best-glass-water-bottle/
https://www.bobvila.com/articles/best-phone-cleaner/,https://www.bobvila.com/articles/best-all-purpose-cleaner/
https://www.bobvila.com/articles/best-pull-up-bar/,https://www.bobvila.com/articles/best-home-gym-equipment/
https://www.bobvila.com/articles/best-cold-press-juicer/,https://www.bobvila.com/articles/best-kitchen-appliance-brands/
https://www.bobvila.com/articles/best-bug-spray-for-kids/,https://www.bobvila.com/articles/best-natural-bug-spray/
https://www.bobvila.com/articles/best-kettlebells/,https://www.bobvila.com/articles/best-home-gym-equipment/
https://www.bobvila.com/articles/best-soundbar/,https://www.bobvila.com/articles/tech-gifts/
https://www.bobvila.com/articles/best-sleep-headphones/,https://www.bobvila.com/articles/tech-gifts/
https://www.bobvila.com/articles/best-tumbler/,https://www.bobvila.com/articles/best-glass-water-bottle/
https://www.bobvila.com/articles/best-colored-markers/,https://www.bobvila.com/articles/best-permanent-marker/
https://www.bobvila.com/articles/best-wine-aerator/,https://www.bobvila.com/articles/gifts-for-wine-lovers/
https://www.bobvila.com/articles/best-fishing-rod/,https://www.bobvila.com/articles/fishing-gifts/
https://www.bobvila.com/articles/best-citrus-juicer/,https://www.bobvila.com/articles/best-kitchen-appliance-brands/
https://www.bobvila.com/articles/best-soda-makers/,https://www.bobvila.com/articles/best-kitchen-appliance-brands/
https://www.bobvila.com/articles/best-yoga-mat/,https://www.bobvila.com/articles/best-area-rugs/
https://www.bobvila.com/articles/best-usb-hub/,https://www.bobvila.com/articles/tech-gifts/
https://www.bobvila.com/articles/best-coffee-maker-with-grinder/,https://www.bobvila.com/articles/gifts-for-coffee-lovers/
https://www.bobvila.com/articles/best-bamboo-pillow/,https://www.bobvila.com/articles/best-bed-pillow/
https://www.bobvila.com/articles/best-smoker-grill-combo/,https://www.bobvila.com/articles/best-smoker/
https://www.bobvila.com/articles/best-copper-cookware-reviews/,https://www.bobvila.com/articles/best-cookware-brands/
https://www.bobvila.com/articles/best-printer/,https://www.bobvila.com/articles/home-office-gifts/
https://www.bobvila.com/articles/best-cookie-press/,https://www.bobvila.com/articles/gifts-for-bakers/
https://www.bobvila.com/articles/best-memory-foam-pillow/,https://www.bobvila.com/articles/best-bed-pillow/
https://www.bobvila.com/articles/best-blue-light-glasses/,https://www.bobvila.com/articles/best-safety-glasses/
https://www.bobvila.com/articles/best-outdoor-watches/,https://www.bobvila.com/articles/best-outdoor-clock/
https://www.bobvila.com/articles/best-paring-knife/,https://www.bobvila.com/articles/best-kitchen-knife-brands/
https://www.bobvila.com/articles/best-sleeping-pad/,https://www.bobvila.com/articles/best-camping-gear
https://www.bobvila.com/articles/best-roasting-pans/,https://www.bobvila.com/articles/best-cookware-brands/
https://www.bobvila.com/articles/best-pet-camera/,https://www.bobvila.com/articles/best-indoor-security-camera/
https://www.bobvila.com/articles/best-umbrella/,https://www.bobvila.com/articles/best-patio-umbrellas/
https://www.bobvila.com/articles/best-duffel-bag/,https://www.bobvila.com/articles/best-travel-gifts/
https://www.bobvila.com/articles/best-slim-wallet/,https://www.bobvila.com/articles/fathers-day-gifts/
https://www.bobvila.com/articles/best-exercise-ball/,https://www.bobvila.com/articles/best-home-gym-equipment/
https://www.bobvila.com/articles/best-pencils/,https://www.bobvila.com/articles/best-carpenter-pencil/
https://www.bobvila.com/articles/best-cold-brew-coffee-makers/,https://www.bobvila.com/articles/gifts-for-coffee-lovers/
https://www.bobvila.com/articles/best-sleeping-bags-for-kids/,https://www.bobvila.com/articles/best-camping-gear/
https://www.bobvila.com/articles/best-construction-boots/,https://www.bobvila.com/articles/best-work-boots-for-men/
https://www.bobvila.com/articles/best-flask/,https://www.bobvila.com/articles/bar-gifts/
https://www.bobvila.com/articles/best-luxury-sheets/,https://www.bobvila.com/articles/best-bed-sheets/
https://www.bobvila.com/articles/best-pressure-cookers/,https://www.bobvila.com/articles/best-kitchen-appliance-brands/
https://www.bobvila.com/articles/best-puzzles/,https://www.bobvila.com/articles/best-puzzle-tables/
https://www.bobvila.com/articles/best-pasta-maker/,https://www.bobvila.com/articles/kitchen-gadgets-with-rave-reviews-on-amazon/
https://www.bobvila.com/articles/best-insulated-water-bottle/,https://www.bobvila.com/articles/best-glass-water-bottle/
https://www.bobvila.com/articles/best-reusable-straw/,https://www.bobvila.com/articles/reusable-products-reduce-waste/
https://www.bobvila.com/articles/best-nespresso-machine/,https://www.bobvila.com/articles/gifts-for-coffee-lovers/
https://www.bobvila.com/articles/best-electric-kettle/,https://www.bobvila.com/articles/best-kitchen-appliance-brands/
https://www.bobvila.com/articles/best-reusable-grocery-bags/,https://www.bobvila.com/articles/reusable-products-reduce-waste/
https://www.bobvila.com/articles/best-tackle-box/,https://www.bobvila.com/articles/fishing-gifts/
https://www.bobvila.com/articles/best-camping-tents/,https://www.bobvila.com/articles/best-camping-gear/
https://www.bobvila.com/articles/best-growlers/,https://www.bobvila.com/articles/bar-gifts/
https://www.bobvila.com/articles/best-wool-socks/,https://www.bobvila.com/articles/best-heated-socks/
https://www.bobvila.com/articles/best-milk-frothers/,https://www.bobvila.com/articles/kitchen-gadgets-with-rave-reviews-on-amazon/
https://www.bobvila.com/articles/best-wine-opener/,https://www.bobvila.com/articles/gifts-for-wine-lovers/
https://www.bobvila.com/articles/best-pencil/,https://www.bobvila.com/articles/best-carpenter-pencil/
https://www.bobvila.com/articles/best-ice-cream-scoops/,https://www.bobvila.com/articles/best-kitchen-utensil-set/
https://www.bobvila.com/articles/best-sunrise-alarm-clock/,https://www.bobvila.com/articles/best-alarm-clock/
https://www.bobvila.com/articles/best-exercise-bike/,https://www.bobvila.com/articles/best-home-gym-equipment/
https://www.bobvila.com/articles/best-instant-pot/,https://www.bobvila.com/articles/best-kitchen-appliance-brands/
https://www.bobvila.com/articles/best-fish-tank/,https://www.bobvila.com/articles/best-terrarium
https://www.bobvila.com/articles/best-hybrid-mattress/,https://www.bobvila.com/articles/best-mattresses-under-1000/
https://www.bobvila.com/articles/best-hydration-pack/,https://www.bobvila.com/articles/best-camping-gear/
https://www.bobvila.com/articles/best-shower-speaker/,https://www.bobvila.com/articles/tech-gifts/
https://www.bobvila.com/articles/best-silicone-baking-mat/,https://www.bobvila.com/articles/gifts-for-bakers/
https://www.bobvila.com/articles/best-smart-coffee-maker/,https://www.bobvila.com/articles/gifts-for-coffee-lovers/
https://www.bobvila.com/articles/best-pizza-cutters/,https://www.bobvila.com/articles/best-kitchen-utensil-set/
https://www.bobvila.com/articles/best-universal-remotes/,https://www.bobvila.com/articles/tech-gifts/
https://www.bobvila.com/articles/best-wine-decanters/,https://www.bobvila.com/articles/gifts-for-wine-lovers/
https://www.bobvila.com/articles/best-charging-station/,https://www.bobvila.com/articles/tech-gifts/
https://www.bobvila.com/articles/best-bedding/,https://www.bobvila.com/articles/best-places-to-buy-bedding/
https://www.bobvila.com/articles/best-packing-cubes/,https://www.bobvila.com/articles/best-travel-gifts/
https://www.bobvila.com/articles/best-automatic-espresso-machine/,https://www.bobvila.com/articles/gifts-for-coffee-lovers/
https://www.bobvila.com/articles/best-cocktail-shakers/,https://www.bobvila.com/articles/bar-gifts/
https://www.bobvila.com/articles/best-loft-bed/,https://www.bobvila.com/articles/best-kids-loft-bed-with-desk/
https://www.bobvila.com/articles/best-latte-machine/,https://www.bobvila.com/articles/gifts-for-coffee-lovers/
https://www.bobvila.com/articles/best-treadmills/,https://www.bobvila.com/articles/best-home-gym-equipment/
https://www.bobvila.com/articles/best-instant-pot-accessories/,https://www.bobvila.com/articles/best-kitchen-appliance-brands/
https://www.bobvila.com/articles/best-meal-prep-containers/,https://www.bobvila.com/articles/best-food-storage-containers/
https://www.bobvila.com/articles/best-ergonomic-keyboard/,https://www.bobvila.com/articles/tech-gifts/
https://www.bobvila.com/articles/best-headphone-stand/,https://www.bobvila.com/articles/tech-gifts/
https://www.bobvila.com/articles/best-desk-accessories/,https://www.bobvila.com/articles/home-office-gifts/
https://www.bobvila.com/articles/best-vegetable-peeler/,https://www.bobvila.com/articles/best-kitchen-utensil-set/
https://www.bobvila.com/articles/best-kitchenaid-mixer/,https://www.bobvila.com/articles/best-kitchen-appliance-brands/
https://www.bobvila.com/articles/best-vertical-pellet-smoker/,https://www.bobvila.com/articles/best-smoker/
https://www.bobvila.com/articles/best-media-streaming-device/,https://www.bobvila.com/articles/tech-gifts/
https://www.bobvila.com/articles/best-slow-cooker/,https://www.bobvila.com/articles/best-kitchen-appliance-brands/
https://www.bobvila.com/articles/best-fishing-line/,https://www.bobvila.com/articles/fishing-gifts/
https://www.bobvila.com/articles/best-grilling-tools/,https://www.bobvila.com/articles/best-grilling-accessories/
https://www.bobvila.com/articles/best-standing-desk-mat/,https://www.bobvila.com/articles/home-office-gifts/
https://www.bobvila.com/articles/best-manual-coffee-grinder/,https://www.bobvila.com/articles/gifts-for-coffee-lovers/
https://www.bobvila.com/articles/best-knife-sets/,https://www.bobvila.com/articles/best-kitchen-knife-brands/
https://www.bobvila.com/articles/best-shoe-cleaner/,https://www.bobvila.com/articles/best-shoe-deodorizer/
https://www.bobvila.com/articles/best-bug-sprays/,https://www.bobvila.com/articles/best-natural-bug-spray/
https://www.bobvila.com/articles/best-box-grater/,https://www.bobvila.com/articles/best-kitchen-utensil-set/
https://www.bobvila.com/articles/best-skillets/,https://www.bobvila.com/articles/best-cookware-brands/
https://www.bobvila.com/articles/best-cooling-pillow/,https://www.bobvila.com/articles/best-place-to-buy-pillows/
https://www.bobvila.com/articles/best-corkscrew/,https://www.bobvila.com/articles/bar-gifts/
https://www.bobvila.com/articles/best-in-wall-speakers/,https://www.bobvila.com/articles/best-in-ceiling-speakers/
https://www.bobvila.com/articles/best-cappuccino-maker/,https://www.bobvila.com/articles/gifts-for-coffee-lovers/
https://www.bobvila.com/articles/best-wireless-chargers/,https://www.bobvila.com/articles/tech-gifts/
https://www.bobvila.com/articles/best-travel-bags/,https://www.bobvila.com/articles/best-travel-gifts/
https://www.bobvila.com/articles/best-french-press/,https://www.bobvila.com/articles/gifts-for-coffee-lovers/
https://www.bobvila.com/articles/best-travel-gadgets/,https://www.bobvila.com/articles/best-travel-gifts/
https://www.bobvila.com/articles/best-christmas-light-projector-review/,https://www.bobvila.com/articles/best-christmas-light-projector/
https://www.bobvila.com/articles/best-family-board-game/,https://www.bobvila.com/articles/best-board-games/
https://www.bobvila.com/articles/best-cook-books/,https://www.bobvila.com/articles/best-coffee-table-books/
https://www.bobvila.com/articles/best-e-reader/,https://www.bobvila.com/articles/tech-gifts/
https://www.bobvila.com/articles/best-drawing-book/,https://www.bobvila.com/articles/home-office-gifts/
https://www.bobvila.com/articles/best-smart-scale/,https://www.bobvila.com/articles/best-smart-home-devices/
https://www.bobvila.com/articles/best-google-home-devices/,https://www.bobvila.com/articles/best-smart-home-devices/
https://www.bobvila.com/articles/best-home-brewing-kit/,https://www.bobvila.com/articles/bar-gifts/
https://www.bobvila.com/articles/drill-bit-sharpener/,https://www.bobvila.com/articles/best-drill-bit-sharpener/
https://www.bobvila.com/articles/best-blender/,https://www.bobvila.com/articles/best-blender-food-processor-combo/
https://www.bobvila.com/articles/best-coffee-grinder/,https://www.bobvila.com/articles/gifts-for-coffee-lovers/
https://www.bobvila.com/articles/best-coffee-mug/,https://www.bobvila.com/articles/best-kitchen-utensil-set/
https://www.bobvila.com/articles/best-kitchen-shears/,https://www.bobvila.com/articles/best-kitchen-utensil-set/
https://www.bobvila.com/articles/best-microwave-oven/,https://www.bobvila.com/articles/best-countertop-microwave/
https://www.bobvila.com/articles/best-sous-vide-machine/,https://www.bobvila.com/articles/best-kitchen-appliance-brands/
https://www.bobvila.com/articles/best-toaster/,https://www.bobvila.com/articles/best-kitchen-appliance-brands/
https://www.bobvila.com/articles/best-toaster-oven/,https://www.bobvila.com/articles/best-kitchen-appliance-brands/
https://www.bobvila.com/articles/best-cake-pan/,https://www.bobvila.com/articles/gifts-for-bakers/
https://www.bobvila.com/articles/best-laptop-backpack/,https://www.bobvila.com/articles/best-tool-backpack/
https://www.bobvila.com/articles/best-loaf-pan/,https://www.bobvila.com/articles/gifts-for-bakers/
https://www.bobvila.com/articles/best-notebooks/,https://www.bobvila.com/articles/home-office-gifts/
https://www.bobvila.com/articles/best-resistance-bands/,https://www.bobvila.com/articles/best-home-gym-equipment/
https://www.bobvila.com/articles/best-stainless-steel-water-bottle/,https://www.bobvila.com/articles/best-glass-water-bottle/
https://www.bobvila.com/articles/best-turntable/,https://www.bobvila.com/articles/best-home-stereo-system/
https://www.bobvila.com/articles/best-drain-snakes-for-clogs/,https://www.bobvila.com/articles/best-drain-snakes/
https://www.bobvila.com/articles/best-smart-doorbell/,https://www.bobvila.com/articles/best-doorbell-cameras/
https://www.bobvila.com/articles/best-apple-peeler/,https://www.bobvila.com/articles/kitchen-gadgets-with-rave-reviews-on-amazon/
https://www.bobvila.com/articles/best-bookshelf-speakers/,https://www.bobvila.com/articles/best-wireless-surround-sound-system/
https://www.bobvila.com/articles/best-camping-air-mattress/,https://www.bobvila.com/articles/best-air-mattress/
https://www.bobvila.com/articles/best-camping-hammock/,https://www.bobvila.com/articles/best-hammock/
https://www.bobvila.com/articles/best-coffee-mug/,https://www.bobvila.com/articles/gifts-for-coffee-lovers/
https://www.bobvila.com/articles/best-coffee-substitute/,https://www.bobvila.com/articles/gifts-for-coffee-lovers/
https://www.bobvila.com/articles/best-coffee-thermos/,https://www.bobvila.com/articles/gifts-for-coffee-lovers/
https://www.bobvila.com/articles/best-dog-food-storage/,https://www.bobvila.com/articles/products-every-dog-owner-needs/
https://www.bobvila.com/articles/best-dog-gates/,https://www.bobvila.com/articles/products-every-dog-owner-needs/
https://www.bobvila.com/articles/best-french-presses/,https://www.bobvila.com/articles/gifts-for-coffee-lovers/
https://www.bobvila.com/articles/best-frying-pan-2/,https://www.bobvila.com/articles/best-cookware-brands/
https://www.bobvila.com/articles/best-keurig-coffee-maker/,https://www.bobvila.com/articles/gifts-for-coffee-lovers/
https://www.bobvila.com/articles/best-manual-can-opener/,https://www.bobvila.com/articles/kitchen-gadgets-with-rave-reviews-on-amazon/
https://www.bobvila.com/articles/best-mini-keyboard/,https://www.bobvila.com/articles/home-office-gifts/
https://www.bobvila.com/articles/best-pepper-mill/,https://www.bobvila.com/articles/kitchen-gadgets-with-rave-reviews-on-amazon/
https://www.bobvila.com/articles/best-photo-storage/,https://www.bobvila.com/articles/best-photo-storage-boxes/
https://www.bobvila.com/articles/best-pillows-for-stomach-sleepers/,https://www.bobvila.com/articles/best-places-to-buy-bedding/
https://www.bobvila.com/articles/best-pizza-oven/,https://www.bobvila.com/articles/best-outdoor-pizza-oven/
https://www.bobvila.com/articles/best-reusable-food-storage-bag/,https://www.bobvila.com/articles/reusable-products-reduce-waste/
https://www.bobvila.com/articles/best-saucepan/,https://www.bobvila.com/articles/best-cookware-brands/
https://www.bobvila.com/articles/best-travel-mug/,https://www.bobvila.com/articles/best-travel-gifts/
https://www.bobvila.com/articles/best-wifi-router-for-long-range/,https://www.bobvila.com/articles/tech-gifts/
https://www.bobvila.com/articles/best-mattress-for-back-and-neck-pain/,https://www.bobvila.com/articles/best-mattresses-for-back-pain/
https://www.bobvila.com/articles/best-organic-mattress/,https://www.bobvila.com/articles/best-mattresses-under-1000/
https://www.bobvila.com/articles/best-innerspring-mattress/,https://www.bobvila.com/articles/best-mattresses-under-1000/
https://www.bobvila.com/articles/best-cooling-mattresses/,https://www.bobvila.com/articles/best-mattresses-under-1000/
https://www.bobvila.com/articles/best-mattress-for-side-sleepers/,https://www.bobvila.com/articles/best-mattresses-under-1000/
https://www.bobvila.com/articles/best-hypoallergenic-pillows/,https://www.bobvila.com/articles/best-bed-pillow/
https://www.bobvila.com/articles/best-grills-for-backyard-cookouts/,https://www.bobvila.com/articles/best-grills/
https://www.bobvila.com/articles/how-to-fix-a-garbage-disposal/,https://www.bobvila.com/articles/garbage-disposal-not-working/
https://www.bobvila.com/articles/garage-conversion/embed/,https://www.bobvila.com/articles/garage-conversion/
https://www.bobvila.com/articles/dutch-doors/embed/,https://www.bobvila.com/articles/dutch-doors/
https://www.bobvila.com/slideshow/homedepot.sjv.io/MXb3EM/,https://www.bobvila.com/
https://www.bobvila.com/21817035599/WebStories/bobvila/brand/,https://www.bobvila.com/
