https://www.bobvila.com/articles/best-dutch-ovens/;https://www.bobvila.com/articles/best-cookware-brands/;The Best Cookware Brands in 2023
https://www.bobvila.com/articles/best-casserole-dishes/;https://www.bobvila.com/articles/best-gifts-for-foodies/;The 38 Best Gifts for Foodies and Food Lovers
https://www.bobvila.com/articles/best-wool-socks/;https://www.bobvila.com/articles/best-heated-socks/;The Best Heated Socks of 2023
https://www.bobvila.com/articles/best-grills-for-backyard-cookouts/;https://www.bobvila.com/articles/best-grills/;The Best Grills of 2023
https://www.bobvila.com/articles/best-tea-kettles/;https://www.bobvila.com/articles/best-whistling-tea-kettle/;The Best Whistling Tea Kettles for Your Kitchen
https://www.bobvila.com/articles/best-exercise-bike/;https://www.bobvila.com/articles/best-home-gym-equipment/;The Best Home Gym Equipment of 2023
https://www.bobvila.com/articles/best-bath-towels/;https://www.bobvila.com/articles/best-towels-on-amazon/;The Best Towels on Amazon, According to Reviews
https://www.bobvila.com/articles/best-grills-for-backyard-cookouts/;https://www.bobvila.com/articles/best-grills/;The Best Grills of 2023
https://www.bobvila.com/articles/best-slow-cooker/;https://www.bobvila.com/articles/best-kitchen-appliance-brands/;The Best Kitchen Appliance Brands of 2023
https://www.bobvila.com/articles/best-cooling-pillow/;https://www.bobvila.com/articles/best-place-to-buy-pillows/;The 13 Best Places to Buy Pillows in 2023
https://www.bobvila.com/articles/best-knife-sets/;https://www.bobvila.com/articles/best-kitchen-knife-brands/;The Best Kitchen Knife Brands of 2023
https://www.bobvila.com/articles/best-gas-grill/;https://www.bobvila.com/articles/best-gas-grills-under-500/;The Best Gas Grills Under $500 in 2023
https://www.bobvila.com/articles/best-grills-for-backyard-cookouts/;https://www.bobvila.com/articles/best-grills/;The Best Grills of 2023
https://www.bobvila.com/articles/best-retractable-dog-leash/;https://www.bobvila.com/articles/products-every-dog-owner-needs/;13 Products Every Dog Owner Needs, According to Our Editors
https://www.bobvila.com/articles/best-duffel-bag/;https://www.bobvila.com/articles/best-travel-gifts/;The 29 Best Travel Gifts for Globe-Trotters, Frequent Flyers, and Road-Trippers
https://www.bobvila.com/articles/best-sleeping-bag/;https://www.bobvila.com/articles/best-camping-gear/;The Best Camping Gear of 2023
https://www.bobvila.com/articles/best-olive-oil-dispenser/;https://www.bobvila.com/articles/best-gifts-for-foodies/;The 38 Best Gifts for Foodies and Food Lovers
https://www.bobvila.com/articles/best-travel-bags/;https://www.bobvila.com/articles/best-travel-gifts/;The 29 Best Travel Gifts for Globe-Trotters, Frequent Flyers, and Road-Trippers
https://www.bobvila.com/articles/best-dog-beds/;https://www.bobvila.com/articles/products-every-dog-owner-needs/;13 Products Every Dog Owner Needs, According to Our Editors
https://www.bobvila.com/articles/best-dog-beds/;https://www.bobvila.com/articles/products-every-dog-owner-needs/;13 Products Every Dog Owner Needs, According to Our Editors
https://www.bobvila.com/articles/best-pull-up-bar/;https://www.bobvila.com/articles/best-home-gym-equipment/;The Best Home Gym Equipment of 2023
https://www.bobvila.com/articles/best-instant-pot/;https://www.bobvila.com/articles/best-kitchen-appliance-brands/;The Best Kitchen Appliance Brands of 2023
https://www.bobvila.com/articles/best-toothbrush-holder/;https://www.bobvila.com/articles/best-bathroom-storage-organizers/;The 12 Best Storage Products and Organizers to Declutter Your Bathroom
https://www.bobvila.com/articles/best-outdoor-bluetooth-speakers/;https://www.bobvila.com/articles/best-outdoor-speakers/;The Best Outdoor Speakers of 2023
https://www.bobvila.com/articles/best-roasting-pans/;https://www.bobvila.com/articles/best-cookware-brands/;The Best Cookware Brands in 2023
https://www.bobvila.com/articles/best-outdoor-bluetooth-speakers/;https://www.bobvila.com/articles/best-outdoor-speakers/;The Best Outdoor Speakers of 2023
https://www.bobvila.com/articles/best-media-streaming-device/;https://www.bobvila.com/articles/tech-gifts/;The 50 Best Tech Gifts for Any Budget
https://www.bobvila.com/articles/best-infrared-grill/;https://www.bobvila.com/articles/best-grills/;The Best Grills of 2023
https://www.bobvila.com/articles/best-apron/;https://www.bobvila.com/articles/best-gifts-for-foodies/;The 38 Best Gifts for Foodies and Food Lovers
https://www.bobvila.com/articles/best-media-streaming-device/;https://www.bobvila.com/articles/tech-gifts/;The 50 Best Tech Gifts for Any Budget
https://www.bobvila.com/articles/best-smart-home-device/;https://www.bobvila.com/articles/best-smart-home-devices/;29 Great Gadgets for a Smarter Home
https://www.bobvila.com/articles/best-himalayan-salt-lamp/;https://www.bobvila.com/articles/best-table-lamps/;The Best Table Lamps of 2023
https://www.bobvila.com/articles/best-universal-remotes/;https://www.bobvila.com/articles/tech-gifts/;The 50 Best Tech Gifts for Any Budget
https://www.bobvila.com/articles/best-cappuccino-maker/;https://www.bobvila.com/articles/gifts-for-coffee-lovers/;The 31 Best Gifts for Coffee Lovers
https://www.bobvila.com/articles/best-rain-jacket/;https://www.bobvila.com/articles/best-heated-jacket/;The Best Heated Jackets of 2023
https://www.bobvila.com/articles/best-wifi-speakers/;https://www.bobvila.com/articles/best-wireless-surround-sound-system/;The Best Wireless Surround-Sound Systems Tested in 2023
https://www.bobvila.com/articles/best-exercise-ball/;https://www.bobvila.com/articles/best-home-gym-equipment/;The Best Home Gym Equipment of 2023
https://www.bobvila.com/articles/best-coffee-mug/;https://www.bobvila.com/articles/best-kitchen-utensil-set/;The Best Kitchen Utensil Sets for Cooking
https://www.bobvila.com/articles/best-coffee-mug/;https://www.bobvila.com/articles/gifts-for-coffee-lovers/;The 31 Best Gifts for Coffee Lovers
https://www.bobvila.com/articles/best-cocktail-glasses/;https://www.bobvila.com/articles/bar-gifts/;The 16 Best Gifts for Anyone with a Home Bar
https://www.bobvila.com/articles/best-cocktail-shakers/;https://www.bobvila.com/articles/bar-gifts/;The 16 Best Gifts for Anyone with a Home Bar
https://www.bobvila.com/articles/best-kettlebells/;https://www.bobvila.com/articles/best-home-gym-equipment/;The Best Home Gym Equipment of 2023
https://www.bobvila.com/articles/best-memory-foam-pillow/;https://www.bobvila.com/articles/best-bed-pillow/;The Best Bed Pillows for a Comfortable Sleep
https://www.bobvila.com/articles/best-fishing-rod/;https://www.bobvila.com/articles/fishing-gifts/;The 15 Best Fishing Gifts for Enthusiasts of Every Level
https://www.bobvila.com/articles/best-slow-cooker/;https://www.bobvila.com/articles/best-kitchen-appliance-brands/;The Best Kitchen Appliance Brands of 2023
https://www.bobvila.com/articles/best-microwave-oven/;https://www.bobvila.com/articles/best-countertop-microwave/;The Best Countertop Microwaves for the Kitchen
https://www.bobvila.com/articles/best-pet-camera/;https://www.bobvila.com/articles/best-indoor-security-camera/;The Best Indoor Security Cameras for the Home
https://www.bobvila.com/articles/best-cooling-weighted-blanket/;https://www.bobvila.com/articles/best-cooling-blanket/;The Best Cooling Blankets Tested in 2023
https://www.bobvila.com/articles/best-blender/;https://www.bobvila.com/articles/best-blender-food-processor-combo/;The Best Blender Food Processor Combos of 2023
https://www.bobvila.com/articles/best-rice-maker/;https://www.bobvila.com/articles/best-kitchen-appliance-brands/;The Best Kitchen Appliance Brands of 2023
https://www.bobvila.com/articles/best-wine-opener/;https://www.bobvila.com/articles/gifts-for-wine-lovers/;The 37 Best Gifts for Wine Lovers
https://www.bobvila.com/articles/best-edc-knife/;https://www.bobvila.com/articles/best-pocket-knife/;The Best Pocket Knives Tested in 2023
https://www.bobvila.com/articles/best-backpacks/;https://www.bobvila.com/articles/best-tool-backpack/;The Best Tool Backpacks for On-the-Go Jobs
https://www.bobvila.com/articles/best-stainless-steel-frying-pan/;https://www.bobvila.com/articles/best-cookware-brands/;The Best Cookware Brands in 2023
https://www.bobvila.com/articles/best-indoor-grills/;https://www.bobvila.com/articles/best-smokeless-indoor-grills/;The Best Smokeless Indoor Grills Tested in 2023
https://www.bobvila.com/articles/best-coffee-thermos/;https://www.bobvila.com/articles/gifts-for-coffee-lovers/;The 31 Best Gifts for Coffee Lovers
https://www.bobvila.com/articles/best-frying-pan-2/;https://www.bobvila.com/articles/best-cookware-brands/;The Best Cookware Brands in 2023
https://www.bobvila.com/articles/best-coffee-mug/;https://www.bobvila.com/articles/best-kitchen-utensil-set/;The Best Kitchen Utensil Sets for Cooking
https://www.bobvila.com/articles/best-coffee-mug/;https://www.bobvila.com/articles/gifts-for-coffee-lovers/;The 31 Best Gifts for Coffee Lovers
https://www.bobvila.com/articles/best-weather-radio/;https://www.bobvila.com/articles/best-emergency-radio/;The Best Emergency Radios Tested in 2023
https://www.bobvila.com/articles/best-exercise-ball/;https://www.bobvila.com/articles/best-home-gym-equipment/;The Best Home Gym Equipment of 2023
https://www.bobvila.com/articles/best-smart-home-device/;https://www.bobvila.com/articles/best-smart-home-devices/;29 Great Gadgets for a Smarter Home
https://www.bobvila.com/articles/best-grills-for-backyard-cookouts/;https://www.bobvila.com/articles/best-grills/;The Best Grills of 2023
https://www.bobvila.com/articles/best-wine-decanters/;https://www.bobvila.com/articles/gifts-for-wine-lovers/;The 37 Best Gifts for Wine Lovers
https://www.bobvila.com/articles/best-coffee-thermos/;https://www.bobvila.com/articles/gifts-for-coffee-lovers/;The 31 Best Gifts for Coffee Lovers
https://www.bobvila.com/articles/best-cocktail-shakers/;https://www.bobvila.com/articles/bar-gifts/;The 16 Best Gifts for Anyone with a Home Bar
https://www.bobvila.com/articles/best-weather-radio/;https://www.bobvila.com/articles/best-emergency-radio/;The Best Emergency Radios Tested in 2023
https://www.bobvila.com/articles/best-nonstick-pan/;https://www.bobvila.com/articles/best-cookware-brands/;The Best Cookware Brands in 2023
https://www.bobvila.com/articles/best-wifi-extender/;https://www.bobvila.com/articles/tech-gifts/;The 50 Best Tech Gifts for Any Budget
https://www.bobvila.com/articles/best-nonstick-cookware/;https://www.bobvila.com/articles/best-cookware-brands/;The Best Cookware Brands in 2023
https://www.bobvila.com/articles/best-pet-camera/;https://www.bobvila.com/articles/best-indoor-security-camera/;The Best Indoor Security Cameras for the Home
https://www.bobvila.com/articles/best-essential-oil-diffuser/;https://www.bobvila.com/articles/best-home-fragrance/;The Best Home Fragrances for Inviting Spaces
https://www.bobvila.com/articles/best-rowing-machine/;https://www.bobvila.com/articles/best-home-gym-equipment/;The Best Home Gym Equipment of 2023
https://www.bobvila.com/articles/best-kitchen-shears/;https://www.bobvila.com/articles/best-kitchen-utensil-set/;The Best Kitchen Utensil Sets for Cooking
https://www.bobvila.com/articles/best-ergonomic-keyboard/;https://www.bobvila.com/articles/tech-gifts/;The 50 Best Tech Gifts for Any Budget
https://www.bobvila.com/articles/best-microfiber-sheets/;https://www.bobvila.com/articles/best-bed-sheets/;The Best Bed Sheets for a Comfortable Sleep
https://www.bobvila.com/articles/best-dog-crate/;https://www.bobvila.com/articles/products-every-dog-owner-needs/;13 Products Every Dog Owner Needs, According to Our Editors
https://www.bobvila.com/articles/best-dog-beds/;https://www.bobvila.com/articles/products-every-dog-owner-needs/;13 Products Every Dog Owner Needs, According to Our Editors
https://www.bobvila.com/articles/best-turntable/;https://www.bobvila.com/articles/best-home-stereo-system/;The Best Home Stereo System for Your Entertainment
https://www.bobvila.com/articles/best-e-reader/;https://www.bobvila.com/articles/tech-gifts/;The 50 Best Tech Gifts for Any Budget
https://www.bobvila.com/articles/best-essential-oil-diffuser/;https://www.bobvila.com/articles/best-home-fragrance/;The Best Home Fragrances for Inviting Spaces
https://www.bobvila.com/articles/best-treadmills/;https://www.bobvila.com/articles/best-home-gym-equipment/;The Best Home Gym Equipment of 2023
https://www.bobvila.com/articles/best-wifi-speakers/;https://www.bobvila.com/articles/best-wireless-surround-sound-system/;The Best Wireless Surround-Sound Systems Tested in 2023
https://www.bobvila.com/articles/best-outdoor-bluetooth-speakers/;https://www.bobvila.com/articles/best-outdoor-speakers/;The Best Outdoor Speakers of 2023
https://www.bobvila.com/articles/best-gas-grill/;https://www.bobvila.com/articles/best-gas-grills-under-500/;The Best Gas Grills Under $500 in 2023
https://www.bobvila.com/articles/best-slow-cooker/;https://www.bobvila.com/articles/best-kitchen-appliance-brands/;The Best Kitchen Appliance Brands of 2023
https://www.bobvila.com/articles/best-wine-decanters/;https://www.bobvila.com/articles/gifts-for-wine-lovers/;The 37 Best Gifts for Wine Lovers
https://www.bobvila.com/articles/best-phone-cleaner/;https://www.bobvila.com/articles/best-all-purpose-cleaner/;The Best All-Purpose Cleaners of 2023
https://www.bobvila.com/articles/best-wireless-chargers/;https://www.bobvila.com/articles/tech-gifts/;The 50 Best Tech Gifts for Any Budget
https://www.bobvila.com/articles/best-microfiber-sheets/;https://www.bobvila.com/articles/best-bed-sheets/;The Best Bed Sheets for a Comfortable Sleep
https://www.bobvila.com/articles/best-soy-candle/;https://www.bobvila.com/articles/best-candle/;The Best Candles of 2023
https://www.bobvila.com/articles/best-grills-for-backyard-cookouts/;https://www.bobvila.com/articles/best-grills/;The Best Grills of 2023
https://www.bobvila.com/articles/best-resistance-bands/;https://www.bobvila.com/articles/best-home-gym-equipment/;The Best Home Gym Equipment of 2023
https://www.bobvila.com/articles/best-fishing-rod/;https://www.bobvila.com/articles/fishing-gifts/;The 15 Best Fishing Gifts for Enthusiasts of Every Level
https://www.bobvila.com/articles/best-tackle-box/;https://www.bobvila.com/articles/fishing-gifts/;The 15 Best Fishing Gifts for Enthusiasts of Every Level
https://www.bobvila.com/articles/best-outdoor-bluetooth-speakers/;https://www.bobvila.com/articles/best-outdoor-speakers/;The Best Outdoor Speakers of 2023
https://www.bobvila.com/articles/best-cocktail-glasses/;https://www.bobvila.com/articles/bar-gifts/;The 16 Best Gifts for Anyone with a Home Bar
https://www.bobvila.com/articles/best-weather-radio/;https://www.bobvila.com/articles/best-emergency-radio/;The Best Emergency Radios Tested in 2023
https://www.bobvila.com/articles/best-smart-home-device/;https://www.bobvila.com/articles/best-smart-home-devices/;29 Great Gadgets for a Smarter Home
https://www.bobvila.com/articles/best-nonstick-cookware/;https://www.bobvila.com/articles/best-cookware-brands/;The Best Cookware Brands in 2023
https://www.bobvila.com/articles/best-resistance-bands/;https://www.bobvila.com/articles/best-home-gym-equipment/;The Best Home Gym Equipment of 2023
https://www.bobvila.com/articles/best-pizza-cutters/;https://www.bobvila.com/articles/best-kitchen-utensil-set/;The Best Kitchen Utensil Sets for Cooking
https://www.bobvila.com/articles/best-charging-cable/;https://www.bobvila.com/articles/tech-gifts/;The 50 Best Tech Gifts for Any Budget
https://www.bobvila.com/articles/best-soy-candle/;https://www.bobvila.com/articles/best-candle/;The Best Candles of 2023
https://www.bobvila.com/articles/best-dog-crate/;https://www.bobvila.com/articles/products-every-dog-owner-needs/;13 Products Every Dog Owner Needs, According to Our Editors
https://www.bobvila.com/articles/best-chef-knife/;https://www.bobvila.com/articles/best-kitchen-knife-brands/;The Best Kitchen Knife Brands of 2023
https://www.bobvila.com/articles/best-solar-power-bank/;https://www.bobvila.com/articles/best-solar-charger/;The Best Solar Chargers of 2023
https://www.bobvila.com/articles/best-bookshelf-speakers/;https://www.bobvila.com/articles/best-wireless-surround-sound-system/;The Best Wireless Surround-Sound Systems Tested in 2023
https://www.bobvila.com/articles/best-treadmills/;https://www.bobvila.com/articles/best-home-gym-equipment/;The Best Home Gym Equipment of 2023
https://www.bobvila.com/articles/best-dutch-ovens/;https://www.bobvila.com/articles/best-cookware-brands/;The Best Cookware Brands in 2023
https://www.bobvila.com/articles/best-drinking-glasses/;https://www.bobvila.com/articles/best-plastic-drinking-glasses/;The Best Plastic Drinking Glasses of 2023
https://www.bobvila.com/articles/best-soy-candle/;https://www.bobvila.com/articles/best-candle/;The Best Candles of 2023
https://www.bobvila.com/articles/best-bath-towels/;https://www.bobvila.com/articles/best-towels-on-amazon/;The Best Towels on Amazon, According to Reviews
https://www.bobvila.com/articles/best-grills-for-backyard-cookouts/;https://www.bobvila.com/articles/best-grills/;The Best Grills of 2023
https://www.bobvila.com/articles/best-chef-knife/;https://www.bobvila.com/articles/best-kitchen-knife-brands/;The Best Kitchen Knife Brands of 2023
https://www.bobvila.com/articles/best-electric-kettle/;https://www.bobvila.com/articles/best-kitchen-appliance-brands/;The Best Kitchen Appliance Brands of 2023
https://www.bobvila.com/articles/best-coffee-mug/;https://www.bobvila.com/articles/best-kitchen-utensil-set/;The Best Kitchen Utensil Sets for Cooking
https://www.bobvila.com/articles/best-coffee-mug/;https://www.bobvila.com/articles/gifts-for-coffee-lovers/;The 31 Best Gifts for Coffee Lovers
https://www.bobvila.com/articles/best-smart-home-device/;https://www.bobvila.com/articles/best-smart-home-devices/;29 Great Gadgets for a Smarter Home
https://www.bobvila.com/articles/best-gaming-chair/;https://www.bobvila.com/articles/best-office-chair/;The Best Office Chairs of 2023
https://www.bobvila.com/articles/best-bread-maker/;https://www.bobvila.com/articles/best-kitchen-appliance-brands/;The Best Kitchen Appliance Brands of 2023
https://www.bobvila.com/articles/best-memory-foam-pillow/;https://www.bobvila.com/articles/best-bed-pillow/;The Best Bed Pillows for a Comfortable Sleep
https://www.bobvila.com/articles/best-instant-pot-cookbook/;https://www.bobvila.com/articles/best-gifts-for-foodies/;The 38 Best Gifts for Foodies and Food Lovers
https://www.bobvila.com/articles/best-personal-blender/;https://www.bobvila.com/articles/best-blender-food-processor-combo/;The Best Blender Food Processor Combos of 2023
https://www.bobvila.com/articles/best-blender/;https://www.bobvila.com/articles/best-blender-food-processor-combo/;The Best Blender Food Processor Combos of 2023
https://www.bobvila.com/articles/best-media-streaming-device/;https://www.bobvila.com/articles/tech-gifts/;The 50 Best Tech Gifts for Any Budget
https://www.bobvila.com/articles/best-wireless-home-security-system/;https://www.bobvila.com/articles/best-diy-security-system/;The Best DIY Security Systems for the Home
https://www.bobvila.com/articles/best-handheld-massager/;https://www.bobvila.com/articles/best-massage-chairs/;The Best Massage Chairs of 2023
https://www.bobvila.com/articles/best-wireless-home-security-system/;https://www.bobvila.com/articles/best-diy-security-system/;The Best DIY Security Systems for the Home
https://www.bobvila.com/articles/best-essential-oil-diffuser/;https://www.bobvila.com/articles/best-home-fragrance/;The Best Home Fragrances for Inviting Spaces
https://www.bobvila.com/articles/best-instant-pot/;https://www.bobvila.com/articles/best-kitchen-appliance-brands/;The Best Kitchen Appliance Brands of 2023
https://www.bobvila.com/articles/best-blue-light-glasses/;https://www.bobvila.com/articles/best-safety-glasses/;The Best Safety Glasses Tested in 2023
https://www.bobvila.com/articles/best-architecture-books/;https://www.bobvila.com/articles/best-coffee-table-books/;The 12 Best Coffee Table Books of 2023
https://www.bobvila.com/articles/best-e-reader/;https://www.bobvila.com/articles/tech-gifts/;The 50 Best Tech Gifts for Any Budget
https://www.bobvila.com/articles/best-essential-oil-diffuser/;https://www.bobvila.com/articles/best-home-fragrance/;The Best Home Fragrances for Inviting Spaces
https://www.bobvila.com/articles/best-coffee-mug/;https://www.bobvila.com/articles/best-kitchen-utensil-set/;The Best Kitchen Utensil Sets for Cooking
https://www.bobvila.com/articles/best-puzzles/;https://www.bobvila.com/articles/best-puzzle-tables/;The Best Puzzle Tables of 2023
https://www.bobvila.com/articles/best-baking-sheets/;https://www.bobvila.com/articles/best-cookware-brands/;The Best Cookware Brands in 2023
https://www.bobvila.com/articles/best-waterproof-bluetooth-speaker/;https://www.bobvila.com/articles/best-outdoor-speakers/;The Best Outdoor Speakers of 2023
https://www.bobvila.com/articles/best-waterproof-bluetooth-speaker/;https://www.bobvila.com/articles/best-outdoor-speakers/;The Best Outdoor Speakers of 2023
https://www.bobvila.com/articles/best-reusable-grocery-bags/;https://www.bobvila.com/articles/reusable-products-reduce-waste/;12 Best Reusable Products To Help You Reduce Waste at Home
https://www.bobvila.com/articles/best-nespresso-machine/;https://www.bobvila.com/articles/gifts-for-coffee-lovers/;The 31 Best Gifts for Coffee Lovers
https://www.bobvila.com/articles/best-sleeping-bag/;https://www.bobvila.com/articles/best-camping-gear/;The Best Camping Gear of 2023
https://www.bobvila.com/articles/best-camping-tents/;https://www.bobvila.com/articles/best-camping-gear/;The Best Camping Gear of 2023
https://www.bobvila.com/articles/best-photo-storage/;https://www.bobvila.com/articles/best-photo-storage-boxes/;The Best Photo Storage Boxes of 2023
https://www.bobvila.com/articles/best-dog-food-storage/;https://www.bobvila.com/articles/products-every-dog-owner-needs/;13 Products Every Dog Owner Needs, According to Our Editors
https://www.bobvila.com/articles/best-travel-backpack/;https://www.bobvila.com/articles/best-travel-gifts/;The 29 Best Travel Gifts for Globe-Trotters, Frequent Flyers, and Road-Trippers
https://www.bobvila.com/articles/best-soda-makers/;https://www.bobvila.com/articles/best-kitchen-appliance-brands/;The Best Kitchen Appliance Brands of 2023
https://www.bobvila.com/articles/best-stainless-steel-cookware/;https://www.bobvila.com/articles/best-cookware-brands/;The Best Cookware Brands in 2023
https://www.bobvila.com/articles/best-drinking-glasses/;https://www.bobvila.com/articles/best-plastic-drinking-glasses/;The Best Plastic Drinking Glasses of 2023
https://www.bobvila.com/articles/best-phone-cleaner/;https://www.bobvila.com/articles/best-all-purpose-cleaner/;The Best All-Purpose Cleaners of 2023
https://www.bobvila.com/articles/best-bath-towels/;https://www.bobvila.com/articles/best-towels-on-amazon/;The Best Towels on Amazon, According to Reviews
https://www.bobvila.com/articles/best-microwave-oven/;https://www.bobvila.com/articles/best-countertop-microwave/;The Best Countertop Microwaves for the Kitchen
https://www.bobvila.com/articles/best-tea-infuser/;https://www.bobvila.com/articles/best-gifts-for-foodies/;The 38 Best Gifts for Foodies and Food Lovers
https://www.bobvila.com/articles/best-wine-coolers/;https://www.bobvila.com/articles/best-coolers/;The Best Coolers Tested in 2023
https://www.bobvila.com/articles/best-baking-pans/;https://www.bobvila.com/articles/best-cookware-brands/;The Best Cookware Brands in 2023
https://www.bobvila.com/articles/best-kitchen-shears/;https://www.bobvila.com/articles/best-kitchen-utensil-set/;The Best Kitchen Utensil Sets for Cooking
https://www.bobvila.com/articles/best-smart-home-device/;https://www.bobvila.com/articles/best-smart-home-devices/;29 Great Gadgets for a Smarter Home
https://www.bobvila.com/articles/best-microwave-oven/;https://www.bobvila.com/articles/best-countertop-microwave/;The Best Countertop Microwaves for the Kitchen
https://www.bobvila.com/articles/best-hand-warmers/;https://www.bobvila.com/articles/best-rechargeable-hand-warmer/;The Best Rechargeable Hand Warmers Tested in 2023
https://www.bobvila.com/articles/best-home-theater-systems/;https://www.bobvila.com/articles/best-wireless-surround-sound-system/;The Best Wireless Surround-Sound Systems Tested in 2023
https://www.bobvila.com/articles/best-wine-stopper/;https://www.bobvila.com/articles/gifts-for-wine-lovers/;The 37 Best Gifts for Wine Lovers
https://www.bobvila.com/articles/best-universal-remotes/;https://www.bobvila.com/articles/tech-gifts/;The 50 Best Tech Gifts for Any Budget
https://www.bobvila.com/articles/best-blender/;https://www.bobvila.com/articles/best-blender-food-processor-combo/;The Best Blender Food Processor Combos of 2023
https://www.bobvila.com/articles/best-waffle-makers/;https://www.bobvila.com/articles/kitchen-gadgets-with-rave-reviews-on-amazon/;15 Kitchen Gadgets With Thousands of Rave Reviews on Amazon
https://www.bobvila.com/articles/best-cheese-board/;https://www.bobvila.com/articles/best-wood-cutting-board/;The Best Wood Cutting Boards for Prepping and Serving Food
https://www.bobvila.com/articles/best-rfid-wallet/;https://www.bobvila.com/articles/fathers-day-gifts/;62 Best Fatherâ€™s Day Gifts of 2023 for the Dad Who Has Everything
https://www.bobvila.com/articles/best-stainless-steel-water-bottle/;https://www.bobvila.com/articles/best-glass-water-bottle/;The Best Glass Water Bottle for Safe Drinking
https://www.bobvila.com/articles/best-lap-desks/;https://www.bobvila.com/articles/best-desks/;The Best Desks of 2023
https://www.bobvila.com/articles/best-ergonomic-keyboard/;https://www.bobvila.com/articles/tech-gifts/;The 50 Best Tech Gifts for Any Budget
https://www.bobvila.com/articles/best-measuring-cup/;https://www.bobvila.com/articles/best-kitchen-utensil-set/;The Best Kitchen Utensil Sets for Cooking
https://www.bobvila.com/articles/best-wifi-speakers/;https://www.bobvila.com/articles/best-wireless-surround-sound-system/;The Best Wireless Surround-Sound Systems Tested in 2023
https://www.bobvila.com/articles/best-bath-towels/;https://www.bobvila.com/articles/best-towels-on-amazon/;The Best Towels on Amazon, According to Reviews
https://www.bobvila.com/articles/best-snow-boots/;https://www.bobvila.com/articles/best-work-boots-for-men/;The Best Work Boots for Men in 2023
