URLs that 301,Ultimate Redirect Destination URL
http://outdoorlife.com/ol-plus/,https://www.outdoorlife.com/ol-plus/
https://outdoorlife.com/ol-plus/,https://www.outdoorlife.com/ol-plus/
https://www.outdoorlife.com/story/blogs/opencountry/department/,https://www.outdoorlife.com/story/blogs/opencountry/pendley-withdrawn-bureau-land-managment-nominee/
https://www.outdoorlife.com/how-we-test-18-best-atvs-and-utvs-for-hunters/,https://www.outdoorlife.com/6-best-atvs-for-hunters-gear-test/
https://www.outdoorlife.com/blogs/survivalist/survival-skills-how-identify-3-dangerous-edible-plant-look-likes/,https://www.outdoorlife.com/13-toxic-wild-plants-not-food/
https://www.outdoorlife.com/tags/membership,https://www.outdoorlife.com/tags/membership/
https://www.outdoorlife.com/conservation/mule-deer-conservation,https://www.outdoorlife.com/conservation/mule-deer-conservation/
https://www.outdoorlife.com/fishing/world-record-largemouth-bass,https://www.outdoorlife.com/fishing/world-record-largemouth-bass/
https://www.outdoorlife.com/hunting/why-do-turkeys-gobble-at-owls,https://www.outdoorlife.com/hunting/why-do-turkeys-gobble-at-owls/
https://www.outdoorlife.com/story/deep-dives/duck-hunters-killed-reelfoot-lake-tennessee/,https://www.outdoorlife.com/story/hunting/duck-hunters-killed-reelfoot-lake-tennessee/
https://www.outdoorlife.com/wilderness-war-ice-fishing-boundary-waters-canoe-area-wilderness,https://www.outdoorlife.com/wilderness-war-ice-fishing-boundary-waters-canoe-area-wilderness/
https://www.outdoorlife.com/deep-dives/field-to-table-hunting-numbers/,https://www.outdoorlife.com/hunting/field-to-table-hunting-numbers/
https://www.outdoorlife.com/blogs/hunting/2012/10/how-hunt-rabbits-without-dogs/,https://www.outdoorlife.com/10-great-rifles-shotguns-and-handguns-hunting-rabbits/
http://outdoorlife.com/tags/membership,https://www.outdoorlife.com/tags/membership/
https://www.outdoorlife.com/story/hunting/how-to-prepare-bear-meat/,https://www.outdoorlife.com/hunting/bear-meat/
https://www.outdoorlife.com/blogs/gun-dogs/2010/06/video-obedience-training/,https://www.outdoorlife.com/train-your-dog-with-a-choke-chain/
https://www.outdoorlife.com/articles/hunting/2007/09/how-prepare-game-birds/,https://www.outdoorlife.com/how-prepare-game-birds/
https://www.outdoorlife.com/opinion/hardcore-hunters-vs-casual-hunters/,https://www.outdoorlife.com/conservation/hardcore-hunters-vs-casual-hunters/
"https://www.outdoorlife.com/conservation/wisconsin-wolf-hunt-halted/state-licensed%20hunters%20and%20trappers%20will%20be%20authorized%20to%20harvest%2074%20wolves%20within%20the%20six%20zones%20established%20in%20the%20department%E2%80%99s%20regulations.%20The%20department%20will%20honor%20the%20Ojibwe%20Tribes%E2%80%99%20treaty%20right%20within%20the%20Ceded%20Territory%20of%2056.%20%20The%20department%20will%20use%20a%20license%20ratio%20of%205:1%20to%20offer%20the%20opportunity%20to%20370%20successful%20applicants%20to%20purchase%20a%20state%20wolf%20hunting%20license.%20The%20department%20plans%20to%20notify%20successful%20applicants%20Oct.%2025,%20at%20which%20point%20licenses%20will%20also%20go%20on%20sale.","https://www.outdoorlife.com/conservation/wisconsin-wolf-hunt-halted/state-licensed%20hunters%20and%20trappers%20will%20be%20authorized%20to%20harvest%2074%20wolves%20within%20the%20six%20zones%20established%20in%20the%20department%E2%80%99s%20regulations.%20The%20department%20will%20honor%20the%20Ojibwe%20Tribes%E2%80%99%20treaty%20right%20within%20the%20Ceded%20Territory%20of%2056.%20%20The%20department%20will%20use%20a%20license%20ratio%20of%205:1%20to%20offer%20the%20opportunity%20to%20370%20successful%20applicants%20to%20purchase%20a%20state%20wolf%20hunting%20license.%20The%20department%20plans%20to%20notify%20successful%20applicants%20Oct.%2025,%20at%20which%20point%20licenses%20will%20also%20go%20on%20sale"
http://www.outdoorlife.com/gear/best-hunting-rifles,https://www.outdoorlife.com/gear/best-hunting-rifles/
https://www.outdoorlife.com/blogs/cast-iron-chef/recipe-bourbon-maple-smoked-venison/,https://www.outdoorlife.com/how-to-cure-and-smoke-venison-ham-roast/
https://www.outdoorlife.com/articles/hunting/2014/12/wild-game-cooking-venison-heart/,https://www.outdoorlife.com/photos/gallery/2014/12/wild-game-how-trim-and-prepare-deer-heart/
https://www.outdoorlife.com/story/hunting/how-to-hunt-ducks-and-geese/,https://www.outdoorlife.com/hunting/how-to-hunt-ducks/
https://www.outdoorlife.com/articles/hunting/2015/09/4-and-coming-hunting-dog-breeds-you-should-know-about/,https://www.outdoorlife.com/best-sporting-dog-breeds/
https://www.outdoorlife.com/blogs/gun-dogs/2009/08/how-pick-puppy/,https://www.outdoorlife.com/hunting-dogs-best-dog-breeds-every-game-species/
https://www.outdoorlife.com/4-ways-to-keep-your-duck-dog-in-beast-mode-all-season-long/,https://www.outdoorlife.com/are-hunting-dogs-better-kept-indoors-or-outdoors/
http://outdoorlife.com/,https://www.outdoorlife.com/
https://www.outdoorlife.com/busted-10-myths-about-blood-trailing-deer/,https://www.outdoorlife.com/hunting/tips-for-blood-trailing-deer/
https://www.outdoorlife.com/articles/fishing/freshwater/largemouth-bass/2012/04/use-jumbo-lures-when-bass-get-tough/,https://www.outdoorlife.com/gear/best-bass-lures/
https://www.outdoorlife.com/hunting/mentoring-new-hunters/,https://www.outdoorlife.com/conservation/mentoring-new-hunters/
https://www.outdoorlife.com/our-favorite-rifles-for-elk-hunting/,https://www.outdoorlife.com/gear/best-elk-hunting-calibers/
https://www.outdoorlife.com/photos/gallery/guns/shotguns/double-guns/2012/11/best-over-under-shotguns-less-1000/,https://www.outdoorlife.com/gear/best-over-under-shotguns/
https://www.outdoorlife.com/blogs/gun-shots/2014/06/8000-shotgun-worth-money/,https://www.outdoorlife.com/blogs/gun-shots/2013/06/7-best-pump-shotguns-less-500/
https://www.outdoorlife.com/guns/best-tss-turkey-chokes/,https://www.outdoorlife.com/gear/best-turkey-chokes/
http://www.outdoorlife.com/guns/22-lr-for-self-defense-ammunition-test/,https://www.outdoorlife.com/guns/22-lr-for-self-defense-ammunition-test/
https://www.outdoorlife.com/blogs/live-hunt/2012/01/right-caliber-brown-bears/,https://www.outdoorlife.com/the-ultimate-rifle-cartridges-for-grizzly-and-brown-bears/
https://www.outdoorlife.com/guns/target-shooters-dont-need-expensive-shotguns/,https://www.outdoorlife.com/gear/best-shotguns-for-sporting-clays/
https://www.outdoorlife.com/blogs/gun-shots/2011/05/new-woolrich-tactical-jacket-allows-easier-concealed-carry/,https://www.outdoorlife.com/perfect-conceal-carry-combo/
https://www.outdoorlife.com/blogs/gun-shots/2012/07/look-beyond-gun-industry-concealed-carry-gear/,https://www.outdoorlife.com/perfect-conceal-carry-combo/
https://outdoorlife.com/authors/alex-robinson,https://www.outdoorlife.com/authors/alex-robinson/
https://outdoorlife.com/authors/scott-einsmann,https://www.outdoorlife.com/authors/scott-einsmann/
https://www.outdoorlife.com/survival-guns-nothing-adds-security-in-backcountry-like-firearm/,https://www.outdoorlife.com/how-survive-wild-animal-attacks/
http://www.outdoorlife.com/guns/benefits-of-first-focal-plane-riflescopes/,https://www.outdoorlife.com/guns/benefits-of-first-focal-plane-riflescopes/
https://www.outdoorlife.com/blogs/survivalist/how-build-survival-trapping-kit-3-easy-steps/,https://www.outdoorlife.com/how-build-trap-15-best-survival-traps/
https://www.outdoorlife.com/blogs/survivalist/survival-gear-water-bottle-survival-kit/,https://www.outdoorlife.com/survival-skills-ways-to-purify-water/
https://www.outdoorlife.com/blogs/survivalist/5-features-you-never-want-see-survival-knife/,https://www.outdoorlife.com/gear/best-survival-knife/
https://www.outdoorlife.com/blogs/gun-shots/2012/10/3-fixed-blade-personal-defense-knives-use-when-guns-arent-option/,https://www.outdoorlife.com/tactical-knives-19-great-fixed-blade-knives-self-defense/
https://www.outdoorlife.com/traits-of-a-great-folding-knife/,https://www.outdoorlife.com/gear/best-pocket-knives/
https://www.outdoorlife.com/photos/gallery/survival/2008/08/big-ass-knives-part-one/,https://www.outdoorlife.com/gear/
https://www.outdoorlife.com/photos/gallery/survival/2011/02/survival-knife-test/,https://www.outdoorlife.com/gear/best-survival-knife/
https://www.outdoorlife.com/articles/atvs/2009/11/quad-2009-atv-buyers-guide-0,https://www.outdoorlife.com/articles/gear/2009/12/atv-buyers-guide-utility/
https://www.outdoorlife.com/articles/atvs/2009/11/quad-2009-atv-buyers-guide-1,https://www.outdoorlife.com/articles/atvs/2009/11/quad-2009-atv-buyers-guide-1/
https://www.outdoorlife.com/articles/gear/2016/10/atv-or-utv-internal-debate/,https://www.outdoorlife.com/12-best-utvs-for-hunters-gear-test/
https://www.outdoorlife.com/articles/gear/2014/02/atv-maintenance-tip-dont-neglect-battery/,https://www.outdoorlife.com/articles/atvs/2009/11/tip-day-quad-wont-start/
https://www.outdoorlife.com/top-10-diy-western-hunts,https://www.outdoorlife.com/top-10-diy-western-hunts/
https://www.outdoorlife.com/blogs/newshound/2010/10/best-grizzly-defense-bear-spray-or-gun/,https://www.outdoorlife.com/pepper-spray-is-best-defense-against-bears/
https://www.outdoorlife.com/blogs/survivalist/2012/09/six-things-you-didnt-know-can-kill-you/,https://www.outdoorlife.com/13-toxic-wild-plants-not-food/
https://www.outdoorlife.com/blogs/survivalist/2012/09/4-toxic-plants-avoid-right-now/,https://www.outdoorlife.com/13-toxic-wild-plants-not-food/
https://www.outdoorlife.com/survival-skills-three-wild-plants-you-dont-want-to-touch/,https://www.outdoorlife.com/13-toxic-wild-plants-not-food/
https://www.outdoorlife.com/photos/gallery/survival/2012/12/doomsday-21-ways-world-could-end/,https://www.outdoorlife.com/emp-survival-9-ways-prepare-electro-magnetic-pulse/
https://www.outdoorlife.com/conservation/mule-deer-conservation?amp,https://www.outdoorlife.com/conservation/mule-deer-conservation/?amp
https://www.outdoorlife.com/fishing/world-record-largemouth-bass?amp,https://www.outdoorlife.com/fishing/world-record-largemouth-bass/
https://www.outdoorlife.com/hunting/why-do-turkeys-gobble-at-owls?amp,https://www.outdoorlife.com/hunting/why-do-turkeys-gobble-at-owls/?amp
https://www.outdoorlife.com/story/hunting/top-spring-gobbler-tips/,https://www.outdoorlife.com/hunting/turkey-hunting-tips/
https://www.outdoorlife.com/spearfishing-for-gray-ghosts-in-southern-california/,https://www.outdoorlife.com/fishing/spearfishing-white-seabass/
https://www.outdoorlife.com/hunting/roosting-spring-turkeys/,https://www.outdoorlife.com/hunting/roosting-a-turkey/
https://www.outdoorlife.com/blogs/master-class/2013/03/turkey-hunting-3-tactics-roosting-gobblers/,https://www.outdoorlife.com/hunting/roosting-a-turkey/
https://www.outdoorlife.com/story/deep-dives/duck-hunters-killed-reelfoot-lake-tennessee/?amp,https://www.outdoorlife.com/story/hunting/duck-hunters-killed-reelfoot-lake-tennessee/?amp
https://www.outdoorlife.com/wilderness-war-ice-fishing-boundary-waters-canoe-area-wilderness?amp,https://www.outdoorlife.com/wilderness-war-ice-fishing-boundary-waters-canoe-area-wilderness/?amp
https://www.outdoorlife.com/tested-top-turkey-chokes/,https://www.outdoorlife.com/gear/best-turkey-chokes/
https://www.outdoorlife.com/deep-dives/field-to-table-hunting-numbers/?amp,https://www.outdoorlife.com/hunting/field-to-table-hunting-numbers/?amp
https://www.outdoorlife.com/blogs/hunting/advantages-using-20-gauge-waterfowl/,https://www.outdoorlife.com/blogs/gun-shots/best-duck-loads-how-pick-right-shell-right-bird/
https://outdoorlife.com/tags/membership,https://www.outdoorlife.com/tags/membership/
https://www.outdoorlife.com/story/hunting/how-to-prepare-bear-meat/?amp,https://www.outdoorlife.com/hunting/bear-meat/?amp
https://www.outdoorlife.com/pheasant-hunting/page/2/,https://www.outdoorlife.com/blogs/newshound/2014/05/2-alabama-men-accused-cheating-fishing-tournament/
https://www.outdoorlife.com/articles/hunting/whitetail-deer/rut/2010/10/moonstruck_title/,https://www.outdoorlife.com/deer-hunting-3-ways-pros-use-moon-kill-big-bucks/
https://www.outdoorlife.com/train-your-dog-with-a-choke-chain,https://www.outdoorlife.com/train-your-dog-with-a-choke-chain/
https://www.outdoorlife.com/blogs/cast-iron-chef/easy-authentic-curry-recipe-wild-pheasant/,https://www.outdoorlife.com/how-prepare-game-birds/
https://www.outdoorlife.com/coyote-hunting-scale-your-way-to-success/,https://www.outdoorlife.com/coyote-nation-crash-course-in-coyote-hunting/
https://www.outdoorlife.com/opinion/hardcore-hunters-vs-casual-hunters/?amp,https://www.outdoorlife.com/conservation/hardcore-hunters-vs-casual-hunters/?amp
https://www.outdoorlife.com/gear/best-hunting-rifles,https://www.outdoorlife.com/gear/best-hunting-rifles/
http://www.outdoorlife.com/gear/best-hunting-rifles?amp,https://www.outdoorlife.com/gear/best-hunting-rifles/?amp
https://www.outdoorlife.com/articles/hunting/2016/09/hogs-101-how-hunt-your-bacon/,https://www.outdoorlife.com/blogs/game-changers/hog-hunting-where-kill-wild-public-land-pigs-south/
https://www.outdoorlife.com/photos/gallery/hunting/whitetail-deer/game-prep-and-cooking/2010/11/perfect-venison?photo=1,https://www.outdoorlife.com/photos/gallery/hunting/whitetail-deer/game-prep-and-cooking/2010/11/perfect-venison/?photo=1
https://www.outdoorlife.com/story/hunting/how-to-hunt-ducks-and-geese/?amp,https://www.outdoorlife.com/hunting/how-to-hunt-ducks/?amp
https://www.outdoorlife.com/photos/gallery/hunting/2011/03/sci-records-asia?photo=4,https://www.outdoorlife.com/photos/gallery/hunting/2011/03/sci-records-asia/?photo=4
https://www.outdoorlife.com/photos/gallery/fishing/2010/12/fish-faces-xii/,https://www.outdoorlife.com/category/fishing/
https://www.outdoorlife.com/photos/gallery/fishing/2010/10/fish-faces-x/,https://www.outdoorlife.com/category/fishing/
https://www.outdoorlife.com/photos/gallery/fishing/2009/09/reel-babes-reel-fishing/,https://www.outdoorlife.com/category/fishing/
https://www.outdoorlife.com/photos/gallery/fishing/2010/07/fish-faces-vii/,https://www.outdoorlife.com/category/fishing/
https://www.outdoorlife.com/photos/gallery/fishing/2010/02/fish_faces_ii/,https://www.outdoorlife.com/category/fishing/
https://www.outdoorlife.com/photos/gallery/fishing/2010/06/fish-faces-vi/,https://www.outdoorlife.com/category/fishing/
https://www.outdoorlife.com/photos/gallery/fishing/2010/09/fish-faces-ix/,https://www.outdoorlife.com/category/fishing/
https://www.outdoorlife.com/photos/gallery/fishing/2010/04/fish-faces-iv/,https://www.outdoorlife.com/category/fishing/
https://www.outdoorlife.com/photos/gallery/fishing/2010/05/fish-faces-v/,https://www.outdoorlife.com/category/fishing/
https://www.outdoorlife.com/photos/gallery/fishing/2010/08/fish-faces-viii/,https://www.outdoorlife.com/category/fishing/
https://www.outdoorlife.com/photos/gallery/fishing/2010/06/30-best-fish-face-photos/,https://www.outdoorlife.com/category/fishing/
https://www.outdoorlife.com/photos/gallery/fishing/2010/11/fish-faces-xi/,https://www.outdoorlife.com/category/fishing/
https://www.outdoorlife.com/photos/gallery/fishing/2010/03/fish-faces-iii/,https://www.outdoorlife.com/category/fishing/
https://www.outdoorlife.com/photos/gallery/fishing/2011/09/best-fish-faces-summer/,https://www.outdoorlife.com/category/fishing/
https://www.outdoorlife.com/articles/2015/10/4-online-mapping-tools-plan-and-scout-your-hunt/,https://www.outdoorlife.com/tested-best-hunting-apps-for-hunters/
https://www.outdoorlife.com/blogs/big-buck-zone/2012/07/how-find-wounded-deer/,https://www.outdoorlife.com/hunting/tips-for-blood-trailing-deer/
https://www.outdoorlife.com/articles/hunting/2007/09/shoot-moon/,https://www.outdoorlife.com/how-moon-will-impact-your-rut-hunting-this-season/
https://www.outdoorlife.com/pronghorn-hunting-tips-public-land/,https://www.outdoorlife.com/public-land-pronghorns-where-and-how-hunt-antelope-budget/
https://www.outdoorlife.com/blogs/gun-shots/2008/07/moose-guns-how-much-enough/,https://www.outdoorlife.com/top-moose-cartridges-and-bullets/
https://outdoorlife.com/,https://www.outdoorlife.com/
https://www.outdoorlife.com/why-revolver-is-still-smart-choice-for-personal-defense/,https://www.outdoorlife.com/top-ten-carry-guns/
https://www.outdoorlife.com/carbine-tactics-close-quarters/,https://www.outdoorlife.com/gun-test-browning-bar-mk-3-dbm-rifle/
https://www.outdoorlife.com/3-tips-for-tapping-into-your-subconcious-for-better-point-shooting/,https://www.outdoorlife.com/learn-to-shoot-better-with-mantisx/
https://www.outdoorlife.com/busted-10-myths-about-blood-trailing-deer/?amp,https://www.outdoorlife.com/hunting/tips-for-blood-trailing-deer/?amp
https://www.outdoorlife.com/articles/john-mccoy/2007/09/six-deadliest-fishing-waters/,https://www.outdoorlife.com/fish-that-can-kill-you/
https://www.outdoorlife.com/photos/gallery/hunting/bowhunting/gear-accessories/2012/09/budget-gear-6-crisp-bow-release-50-or-les/,https://www.outdoorlife.com/photos/gallery/hunting/2011/08/20-best-bows-under-500/
https://www.outdoorlife.com/4-last-minute-strategies-to-help-you-cram-for-bow-season/,https://www.outdoorlife.com/gear/best-broadheads/
https://www.outdoorlife.com/blogs/big-buck-zone/welcoming-locavores-why-you-might-be-sharing-your-venison-wrong-people/,https://www.outdoorlife.com/venison-sous-vide-recipe-for-perfectly-cooked-wild-meat/
"https://www.outdoorlife.com/outdoor/adventure/0/,19918,,00.html",https://www.outdoorlife.com/
https://www.outdoorlife.com/articles/fishing/2007/09/bass-hunts-darkness/,https://www.outdoorlife.com/catch-more-bass-at-night/
https://www.outdoorlife.com/best-lure-styles-for-bass-fishing/,https://www.outdoorlife.com/gear/best-bass-lures/
https://www.outdoorlife.com/photos/gallery/fishing/freshwater/largemouth-bass/2012/03/catch-biggest-fish-your-life?photo=1,https://www.outdoorlife.com/photos/gallery/fishing/freshwater/largemouth-bass/2012/03/catch-biggest-fish-your-life/?photo=1
https://www.outdoorlife.com/photos/gallery/fishing/freshwater/largemouth-bass/2012/03/catch-biggest-fish-your-life?photo=2,https://www.outdoorlife.com/photos/gallery/fishing/freshwater/largemouth-bass/2012/03/catch-biggest-fish-your-life/?photo=2
https://www.outdoorlife.com/photos/gallery/fishing/freshwater/largemouth-bass/2012/03/catch-biggest-fish-your-life?photo=3,https://www.outdoorlife.com/photos/gallery/fishing/freshwater/largemouth-bass/2012/03/catch-biggest-fish-your-life/?photo=3
https://www.outdoorlife.com/photos/gallery/fishing/freshwater/largemouth-bass/2012/03/catch-biggest-fish-your-life?photo=4,https://www.outdoorlife.com/photos/gallery/fishing/freshwater/largemouth-bass/2012/03/catch-biggest-fish-your-life/?photo=4
https://www.outdoorlife.com/photos/gallery/fishing/freshwater/largemouth-bass/2012/03/catch-biggest-fish-your-life?photo=5,https://www.outdoorlife.com/photos/gallery/fishing/freshwater/largemouth-bass/2012/03/catch-biggest-fish-your-life/?photo=5
https://www.outdoorlife.com/photos/gallery/fishing/freshwater/largemouth-bass/2012/03/catch-biggest-fish-your-life?photo=6,https://www.outdoorlife.com/photos/gallery/fishing/freshwater/largemouth-bass/2012/03/catch-biggest-fish-your-life/?photo=6
https://www.outdoorlife.com/photos/gallery/fishing/freshwater/largemouth-bass/2012/03/catch-biggest-fish-your-life?photo=7,https://www.outdoorlife.com/photos/gallery/fishing/freshwater/largemouth-bass/2012/03/catch-biggest-fish-your-life/?photo=7
https://www.outdoorlife.com/photos/gallery/fishing/freshwater/largemouth-bass/2012/03/catch-biggest-fish-your-life?photo=8,https://www.outdoorlife.com/photos/gallery/fishing/freshwater/largemouth-bass/2012/03/catch-biggest-fish-your-life/?photo=8
https://www.outdoorlife.com/photos/gallery/fishing/freshwater/largemouth-bass/2012/03/catch-biggest-fish-your-life?photo=9,https://www.outdoorlife.com/photos/gallery/fishing/freshwater/largemouth-bass/2012/03/catch-biggest-fish-your-life/?photo=9
https://www.outdoorlife.com/photos/gallery/fishing/freshwater/largemouth-bass/2012/03/catch-biggest-fish-your-life?photo=10,https://www.outdoorlife.com/photos/gallery/fishing/freshwater/largemouth-bass/2012/03/catch-biggest-fish-your-life/?photo=10
https://www.outdoorlife.com/articles/fishing/2007/09/deep-weed-bass/,https://www.outdoorlife.com/gear/best-bass-lures/
https://www.outdoorlife.com/blogs/gone-fishin%E2%80%99/icefishing-art-tip/,https://www.outdoorlife.com/blogs/gone-fishin/icefishing-art-tip/
"https://www.outdoorlife.com/outdoor/fishing/article/0/,19912,1218235,00.html",https://www.outdoorlife.com/
https://www.outdoorlife.com/muskie-fishing-pro-tips-tactics,https://www.outdoorlife.com/muskie-fishing-pro-tips-tactics/
http://outdoorlife.com/divestiture/,https://www.outdoorlife.com/divestiture/
https://www.outdoorlife.com/hunting/mentoring-new-hunters/?amp,https://www.outdoorlife.com/conservation/mentoring-new-hunters/?amp
https://www.outdoorlife.com/node/add/billingsgazette.com/news/state-and-regional/montana/obama-proposes-m-in-montana-land-conservation-projects/article_0ed06f3c-5a77-551c-be8b-05c8cc6af7cf.html,https://www.outdoorlife.com/
https://www.outdoorlife.com/blogs/gun-shots/2014/06/3-ars-hunting-feral-hogs/,https://www.outdoorlife.com/biggest-myths-about-hunting-killing-and-eating-big-boars/
https://www.outdoorlife.com/why-hunters-have-been-subscribing-to-knockdown-power-myth-and-why-its-all-wrong/,https://www.outdoorlife.com/hunting/rifle-knockdown-power-myth/
https://www.outdoorlife.com/top-10-cartridges-for-hunting-elk/,https://www.outdoorlife.com/gear/best-elk-hunting-calibers/
https://www.outdoorlife.com/great-hog-hunting-rifles-handguns-tactics/,https://www.outdoorlife.com/hunting/best-guns-for-hog-hunting/
https://www.outdoorlife.com/best-rigs-for-hunting-wild-pigs/,https://www.outdoorlife.com/hunting/best-guns-for-hog-hunting/
https://www.outdoorlife.com/photos/gallery/guns/shotguns/double-guns/2012/11/best-over-under-shotguns-less-1000/?amp,https://www.outdoorlife.com/gear/best-over-under-shotguns/?amp
https://www.outdoorlife.com/guns/best-sporting-clays-shotguns/,https://www.outdoorlife.com/gear/best-shotguns-for-sporting-clays/
https://www.outdoorlife.com/guns/best-tss-turkey-chokes/?amp,https://www.outdoorlife.com/gear/best-turkey-chokes/?amp
https://www.outdoorlife.com/blogs/gun-shots/2013/04/slug-gun-upgrade-5-ways-make-your-shotgun-more-accurate/,https://www.outdoorlife.com/photos/gallery/hunting/2011/10/best-slug-guns-ol-picks-15-best-shotguns-deer-hunting/
http://www.outdoorlife.com/guns/22-lr-for-self-defense-ammunition-test/?amp,https://www.outdoorlife.com/guns/22-lr-for-self-defense-ammunition-test/?amp
https://www.outdoorlife.com/the-ultimate-rifle-cartridges-for-grizzly-and-brown-bears,https://www.outdoorlife.com/the-ultimate-rifle-cartridges-for-grizzly-and-brown-bears/
https://www.outdoorlife.com/guns/target-shooters-dont-need-expensive-shotguns/?amp,https://www.outdoorlife.com/gear/best-shotguns-for-sporting-clays/?amp
https://www.outdoorlife.com/2018-best-new-rifle-scopes-hunting-long-range-shooting,https://www.outdoorlife.com/2018-best-new-rifle-scopes-hunting-long-range-shooting/
https://www.outdoorlife.com/best-shotguns-2017,https://www.outdoorlife.com/best-shotguns-2017/
https://www.outdoorlife.com/blogs/gone-fishin/2014/01/best-lures-only-6-baits-you-need-catch-any-fish/,https://www.outdoorlife.com/articles/fishing/2007/09/buried-tackle/
http://www.outdoorlife.com/guns/benefits-of-first-focal-plane-riflescopes/?amp,https://www.outdoorlife.com/guns/benefits-of-first-focal-plane-riflescopes/?amp
https://www.outdoorlife.com/20-great-knives-wilderness-survival/,https://www.outdoorlife.com/gear/best-survival-knife/
"https://www.outdoorlife.com/outdoor/gear/article/0/,19912,1217728,00.html",https://www.outdoorlife.com/
https://www.outdoorlife.com/10-best-pocket-knives-ive-ever-had/,https://www.outdoorlife.com/gear/best-pocket-knives/
https://www.outdoorlife.com/articles/gear/2009/12/atv-buyers-guide-utility,https://www.outdoorlife.com/articles/gear/2009/12/atv-buyers-guide-utility/
https://www.outdoorlife.com/articles/atvs/2009/11/quad-2009-atv-buyers-guide-0?amp,https://www.outdoorlife.com/?amp
https://www.outdoorlife.com/articles/atvs/2009/11/quad-2009-atv-buyers-guide,https://www.outdoorlife.com/articles/atvs/2009/11/quad-2009-atv-buyers-guide/
https://www.outdoorlife.com/articles/atvs/2009/11/quad-2009-atv-buyers-guide-1?amp,https://www.outdoorlife.com/articles/atvs/2009/11/quad-2009-atv-buyers-guide-1/?amp
https://www.outdoorlife.com/articles/gear/2015/08/critical-atv-and-utv-care-longer-vehicle-life/,https://www.outdoorlife.com/10-ways-ruin-your-atv/
https://www.outdoorlife.com/photos/gallery/gear/2011/11/outdoor-life-reviews-best-new-atvs-and-utvs?photo=6,https://www.outdoorlife.com/photos/gallery/gear/2011/11/outdoor-life-reviews-best-new-atvs-and-utvs/?photo=6
https://www.outdoorlife.com/photos/gallery/gear/2011/11/outdoor-life-reviews-best-new-atvs-and-utvs?photo=11,https://www.outdoorlife.com/photos/gallery/gear/2011/11/outdoor-life-reviews-best-new-atvs-and-utvs/?photo=11
https://www.outdoorlife.com/top-10-diy-western-hunts?amp,https://www.outdoorlife.com/top-10-diy-western-hunts/?amp
https://www.outdoorlife.com/how-to-heat-survival-shelter-without-an-indoor-fire/,https://www.outdoorlife.com/survival-shelters-15-best-designs-wilderness-shelters/
https://www.outdoorlife.com/blogs/survivalist/2012/10/best-survival-books-and-manuals-time-update-your-library/,https://www.outdoorlife.com/best-survival-books-ever-written/
https://www.outdoorlife.com/photos/gallery/survival/2012/09/survival-skills-how-use-beer-can-survive/,https://www.outdoorlife.com/how-alcohol-could-save-your-life/
https://www.outdoorlife.com/blogs/survivalist/2011/07/survive-black-widow-spider-bite/,https://www.outdoorlife.com/photos/gallery/survival/2011/10/10-most-dangerous-spiders-world/
https://www.outdoorlife.com/survival/yellowstone-tourist-charged-fine-grizzly-bear/.com/US/elk-charged-woman-taking-selfie-national-park-officials/story?id=39526718,https://www.outdoorlife.com/?id=39526718
https://www.outdoorlife.com/emp-survival-9-ways-prepare-electro-magnetic-pulse,https://www.outdoorlife.com/emp-survival-9-ways-prepare-electro-magnetic-pulse/
https://www.outdoorlife.com/fishing/world-record-largemouth-bass/?amp,https://www.outdoorlife.com/fishing/world-record-largemouth-bass/
https://www.outdoorlife.com/story/hunting/top-spring-gobbler-tips/?amp,https://www.outdoorlife.com/hunting/turkey-hunting-tips/?amp
https://www.outdoorlife.com/spearfishing-for-gray-ghosts-in-southern-california/?amp,https://www.outdoorlife.com/fishing/spearfishing-white-seabass/
https://www.outdoorlife.com/sponsored-content/deer-hunting-at-every-distance/?amp,https://www.outdoorlife.com/sponsored-content/deer-hunting-at-every-distance/
https://www.outdoorlife.com/photos/gallery/hunting/2011/08/alaska-sheep-hunting-trophy-sheep-hunting-alaska?photo=22,https://www.outdoorlife.com/photos/gallery/hunting/2011/08/alaska-sheep-hunting-trophy-sheep-hunting-alaska/?photo=22
https://www.outdoorlife.com/hunting/roosting-spring-turkeys/?amp,https://www.outdoorlife.com/hunting/roosting-a-turkey/?amp
https://www.outdoorlife.com/blogs/master-class/2013/03/turkey-hunting-3-tactics-roosting-gobblers/?amp,https://www.outdoorlife.com/hunting/roosting-a-turkey/?amp
https://www.outdoorlife.com/photos/gallery/hunting/2012/10/e-collar-review-ol-tests-best-electronic-dog-collars?photo=9,https://www.outdoorlife.com/photos/gallery/hunting/2012/10/e-collar-review-ol-tests-best-electronic-dog-collars/?photo=9
https://www.outdoorlife.com/tested-top-turkey-chokes/?amp,https://www.outdoorlife.com/gear/best-turkey-chokes/?amp
https://www.outdoorlife.com/blogs/big-buck-zone/2011/09/whitetail-tips-how-cloud-cover-affects-deer-movement/,https://www.outdoorlife.com/whitetails-weather-understanding-deer-behavior/
https://www.outdoorlife.com/pages-2/2/,https://www.outdoorlife.com/blogs/newshound/2014/05/2-alabama-men-accused-cheating-fishing-tournament/
https://www.outdoorlife.com/pheasant-hunting/page/2/?amp,https://www.outdoorlife.com/blogs/newshound/2014/05/2-alabama-men-accused-cheating-fishing-tournament/?amp
https://www.outdoorlife.com/is-trump-administration-really-looking-out-for-outdoorsmen-and-women-that-might-be-up-to-interior,https://www.outdoorlife.com/is-trump-administration-really-looking-out-for-outdoorsmen-and-women-that-might-be-up-to-interior/
"https://www.outdoorlife.com/outdoor/photogallery/article/0/,20036,1212943,00.html?amp",https://www.outdoorlife.com/?amp
https://www.outdoorlife.com/28-vintage-outdoor-life-bear-covers-from-1972-to-1988,https://www.outdoorlife.com/28-vintage-outdoor-life-bear-covers-from-1972-to-1988/
https://www.outdoorlife.com/gear/best-hunting-rifles?amp,https://www.outdoorlife.com/gear/best-hunting-rifles/?amp
https://www.outdoorlife.com/photos/gallery/hunting/whitetail-deer/game-prep-and-cooking/2010/11/perfect-venison?photo=1&amp,https://www.outdoorlife.com/photos/gallery/hunting/whitetail-deer/game-prep-and-cooking/2010/11/perfect-venison/?photo=1&amp
https://www.outdoorlife.com/blogs/gun-dogs/2013/03/hunting-dogs-best-dog-breeds-every-game-species,https://www.outdoorlife.com/
https://www.outdoorlife.com/blogs/gun-dogs/2010/04/best-damn-vacuum-ever,https://www.outdoorlife.com/hunting-dogs-best-dog-breeds-every-game-species/
https://www.outdoorlife.com/photos/gallery/hunting/2011/03/sci-records-asia?photo=4&amp,https://www.outdoorlife.com/photos/gallery/hunting/2011/03/sci-records-asia/?photo=4&amp
"https://www.outdoorlife.com/fieldstream/photogallery/0/,13355,1532302,00.html",https://www.outdoorlife.com/
"https://www.outdoorlife.com/fieldstream/photogallery/0/,13355,1532302_1,00.html",https://www.outdoorlife.com/
"https://www.outdoorlife.com/fieldstream/photogallery/0/,13355,1532302_2,00.html",https://www.outdoorlife.com/
"https://www.outdoorlife.com/fieldstream/photogallery/0/,13355,1532302_3,00.html",https://www.outdoorlife.com/
"https://www.outdoorlife.com/fieldstream/photogallery/0/,13355,1532302_4,00.html",https://www.outdoorlife.com/
"https://www.outdoorlife.com/fieldstream/photogallery/0/,13355,1532302_5,00.html",https://www.outdoorlife.com/
"https://www.outdoorlife.com/fieldstream/photogallery/0/,13355,1532302_6,00.html",https://www.outdoorlife.com/
"https://www.outdoorlife.com/fieldstream/photogallery/0/,13355,1532302_7,00.html",https://www.outdoorlife.com/
"https://www.outdoorlife.com/fieldstream/photogallery/0/,13355,1532302_8,00.html",https://www.outdoorlife.com/
"https://www.outdoorlife.com/fieldstream/photogallery/0/,13355,1532302_9,00.html",https://www.outdoorlife.com/
https://www.outdoorlife.com/fishing,https://www.outdoorlife.com/category/fishing/
https://www.outdoorlife.com/blogs/big-buck-zone/2012/07/how-find-wounded-deer/?amp,https://www.outdoorlife.com/hunting/tips-for-blood-trailing-deer/?amp
https://www.outdoorlife.com/photos/gallery/hunting/2011/10/veteran-bowhunter-takes-194-inch-buck-sunflower-state?photo=0,https://www.outdoorlife.com/photos/gallery/hunting/2011/10/veteran-bowhunter-takes-194-inch-buck-sunflower-state/?photo=0
https://www.outdoorlife.com/articles/hunting/2007/09/good-moon-rising/,https://www.outdoorlife.com/deer-hunting-3-ways-pros-use-moon-kill-big-bucks/
https://www.outdoorlife.com/articles/hunting/2007/09/advanced-tracking/,https://www.outdoorlife.com/identify-common-animal-tracks/
https://www.outdoorlife.com/photos/gallery/hunting/2012/04/live-hunt-essential-gear-hunting-fishing-and-trapping-alaska?photo=23,https://www.outdoorlife.com/photos/gallery/hunting/2012/04/live-hunt-essential-gear-hunting-fishing-and-trapping-alaska/?photo=23
https://www.outdoorlife.com/best-broadheads-29-fixed-blade-and-mechanical-broadheads-tested/,https://www.outdoorlife.com/gear/best-broadheads/
"https://www.outdoorlife.com/outdoor/adventure/0/,19918,,00.html?amp",https://www.outdoorlife.com/?amp
"https://www.outdoorlife.com/outdoor/photogallery/article/0/,20036,1104058_1205074,00.html",https://www.outdoorlife.com/
https://www.outdoorlife.com/articles/sheds/2007/09/shed-hunting-hotties/,https://www.outdoorlife.com/category/hunting/
https://www.outdoorlife.com/photos/gallery/fishing/freshwater/largemouth-bass/2012/06/ultimate-great-lakes-fishing-guide?photo=1,https://www.outdoorlife.com/photos/gallery/fishing/freshwater/largemouth-bass/2012/06/ultimate-great-lakes-fishing-guide/?photo=1
https://www.outdoorlife.com/photos/gallery/fishing/freshwater/largemouth-bass/2012/06/ultimate-great-lakes-fishing-guide?photo=7,https://www.outdoorlife.com/photos/gallery/fishing/freshwater/largemouth-bass/2012/06/ultimate-great-lakes-fishing-guide/?photo=7
https://www.outdoorlife.com/photos/gallery/fishing/freshwater/largemouth-bass/2012/06/ultimate-great-lakes-fishing-guide?photo=13,https://www.outdoorlife.com/photos/gallery/fishing/freshwater/largemouth-bass/2012/06/ultimate-great-lakes-fishing-guide/?photo=13
https://www.outdoorlife.com/photos/gallery/fishing/freshwater/largemouth-bass/2012/06/ultimate-great-lakes-fishing-guide?photo=20,https://www.outdoorlife.com/photos/gallery/fishing/freshwater/largemouth-bass/2012/06/ultimate-great-lakes-fishing-guide/?photo=20
https://www.outdoorlife.com/photos/gallery/fishing/freshwater/largemouth-bass/2012/06/ultimate-great-lakes-fishing-guide?photo=26,https://www.outdoorlife.com/photos/gallery/fishing/freshwater/largemouth-bass/2012/06/ultimate-great-lakes-fishing-guide/?photo=26
https://www.outdoorlife.com/photos/gallery/fishing/freshwater/largemouth-bass/2012/03/catch-biggest-fish-your-life?photo=1&amp,https://www.outdoorlife.com/photos/gallery/fishing/freshwater/largemouth-bass/2012/03/catch-biggest-fish-your-life/?photo=1&amp
https://www.outdoorlife.com/photos/gallery/fishing/freshwater/largemouth-bass/2012/03/catch-biggest-fish-your-life?photo=2&amp,https://www.outdoorlife.com/photos/gallery/fishing/freshwater/largemouth-bass/2012/03/catch-biggest-fish-your-life/?photo=2&amp
https://www.outdoorlife.com/photos/gallery/fishing/freshwater/largemouth-bass/2012/03/catch-biggest-fish-your-life?photo=3&amp,https://www.outdoorlife.com/photos/gallery/fishing/freshwater/largemouth-bass/2012/03/catch-biggest-fish-your-life/?photo=3&amp
https://www.outdoorlife.com/photos/gallery/fishing/freshwater/largemouth-bass/2012/03/catch-biggest-fish-your-life?photo=4&amp,https://www.outdoorlife.com/photos/gallery/fishing/freshwater/largemouth-bass/2012/03/catch-biggest-fish-your-life/?photo=4&amp
https://www.outdoorlife.com/photos/gallery/fishing/freshwater/largemouth-bass/2012/03/catch-biggest-fish-your-life?photo=5&amp,https://www.outdoorlife.com/photos/gallery/fishing/freshwater/largemouth-bass/2012/03/catch-biggest-fish-your-life/?photo=5&amp
https://www.outdoorlife.com/photos/gallery/fishing/freshwater/largemouth-bass/2012/03/catch-biggest-fish-your-life?photo=6&amp,https://www.outdoorlife.com/photos/gallery/fishing/freshwater/largemouth-bass/2012/03/catch-biggest-fish-your-life/?photo=6&amp
https://www.outdoorlife.com/photos/gallery/fishing/freshwater/largemouth-bass/2012/03/catch-biggest-fish-your-life?photo=7&amp,https://www.outdoorlife.com/photos/gallery/fishing/freshwater/largemouth-bass/2012/03/catch-biggest-fish-your-life/?photo=7&amp
https://www.outdoorlife.com/photos/gallery/fishing/freshwater/largemouth-bass/2012/03/catch-biggest-fish-your-life?photo=8&amp,https://www.outdoorlife.com/photos/gallery/fishing/freshwater/largemouth-bass/2012/03/catch-biggest-fish-your-life/?photo=8&amp
https://www.outdoorlife.com/photos/gallery/fishing/freshwater/largemouth-bass/2012/03/catch-biggest-fish-your-life?photo=9&amp,https://www.outdoorlife.com/photos/gallery/fishing/freshwater/largemouth-bass/2012/03/catch-biggest-fish-your-life/?photo=9&amp
https://www.outdoorlife.com/photos/gallery/fishing/freshwater/largemouth-bass/2012/03/catch-biggest-fish-your-life?photo=10&amp,https://www.outdoorlife.com/photos/gallery/fishing/freshwater/largemouth-bass/2012/03/catch-biggest-fish-your-life/?photo=10&amp
https://www.outdoorlife.com/articles/fishing/2007/09/deep-weed-bass/?amp,https://www.outdoorlife.com/gear/best-bass-lures/?amp
https://www.outdoorlife.com/blogs/gone-fishin%E2%80%99/icefishing-art-tip/?amp,https://www.outdoorlife.com/blogs/gone-fishin/icefishing-art-tip/?amp
"https://www.outdoorlife.com/outdoor/fishing/article/0/,19912,1218235,00.html?amp",https://www.outdoorlife.com/?amp
https://www.outdoorlife.com/gear/best-fathers-day-gifts/,https://www.outdoorlife.com/gear/best-gifts-for-dads/
https://www.outdoorlife.com/blogs/article/venison-heart-not-so-bizarre-food-andrew-zimmern/,https://www.outdoorlife.com/photos/gallery/2014/12/wild-game-how-trim-and-prepare-deer-heart/
https://www.outdoorlife.com/muskie-fishing-pro-tips-tactics?amp,https://www.outdoorlife.com/muskie-fishing-pro-tips-tactics/?amp
https://outdoorlife.com/divestiture/,https://www.outdoorlife.com/divestiture/
https://www.outdoorlife.com/articles/hunting/2007/09/mad-deer-disease-can-venison-kill-you/,https://www.outdoorlife.com/have-you-seen-these-deer-diseases-local-woods/
https://www.outdoorlife.com/node/add/billingsgazette.com/news/state-and-regional/montana/obama-proposes-m-in-montana-land-conservation-projects/article_0ed06f3c-5a77-551c-be8b-05c8cc6af7cf.html?amp,https://www.outdoorlife.com/?amp
https://www.outdoorlife.com/how-to-shoot-lever-action-like-cowboy/,https://www.outdoorlife.com/gear/best-lever-action-rifles/
https://www.outdoorlife.com/photos/gallery/hunting/2012/05/new-rifle-scopes-hunting-scope-best-gun-scopes-review?photo=0,https://www.outdoorlife.com/photos/gallery/hunting/2012/05/new-rifle-scopes-hunting-scope-best-gun-scopes-review/?photo=0
https://www.outdoorlife.com/why-hunters-have-been-subscribing-to-knockdown-power-myth-and-why-its-all-wrong/?amp,https://www.outdoorlife.com/hunting/rifle-knockdown-power-myth/?amp
https://www.outdoorlife.com/blogs/gun-shots/would-you-buy-rimfire-today/,https://www.outdoorlife.com/10-best-rimfire-rifles/
https://www.outdoorlife.com/great-hog-hunting-rifles-handguns-tactics/?amp,https://www.outdoorlife.com/hunting/best-guns-for-hog-hunting/?amp
https://www.outdoorlife.com/best-rigs-for-hunting-wild-pigs/?amp,https://www.outdoorlife.com/hunting/best-guns-for-hog-hunting/?amp
https://www.outdoorlife.com/guns/best-sporting-clays-shotguns/?amp,https://www.outdoorlife.com/gear/best-shotguns-for-sporting-clays/?amp
https://www.outdoorlife.com/blogs/gun-shots/2013/05/benchrest-world-record-jim-carmichel,https://www.outdoorlife.com/blogs/gun-shots/2013/05/benchrest-world-record-jim-carmichel/
"https://www.outdoorlife.com/outdoor/shooting/article/0/,19912,1639507,00.html",https://www.outdoorlife.com/
https://www.outdoorlife.com/2018-best-new-rifle-scopes-hunting-long-range-shooting?amp,https://www.outdoorlife.com/2018-best-new-rifle-scopes-hunting-long-range-shooting/?amp
https://www.outdoorlife.com/best-shotguns-2017?amp,https://www.outdoorlife.com/best-shotguns-2017/?amp
https://www.outdoorlife.com/story/gear/best-mens-hiking-shoes/%5D%5Bhiking%20boots%7Chttps://www.outdoorlife.com/story/gear/best-mens-hiking-shoes/,https://www.outdoorlife.com/story/gear/best-mens-hiking-shoes/%5D%5Bhiking%20boots%7Chttps:/www.outdoorlife.com/story/gear/best-mens-hiking-shoes/
https://www.outdoorlife.com/level-playing-field-when-hunting-feral-hogs-with-thermal-imagers/,https://www.outdoorlife.com/hunting/best-guns-for-hog-hunting/
"https://www.outdoorlife.com/outdoor/gear/article/0/,19912,1217728,00.html?amp",https://www.outdoorlife.com/?amp
https://www.outdoorlife.com/photos/gallery/hunting/2013/02/new-optics-2013-best-new-binoculars-and-spotting-scopes?photo=1,https://www.outdoorlife.com/photos/gallery/hunting/2013/02/new-optics-2013-best-new-binoculars-and-spotting-scopes/?photo=1
https://www.outdoorlife.com/photos/gallery/hunting/2013/02/new-optics-2013-best-new-binoculars-and-spotting-scopes?photo=6,https://www.outdoorlife.com/photos/gallery/hunting/2013/02/new-optics-2013-best-new-binoculars-and-spotting-scopes/?photo=6
https://www.outdoorlife.com/photos/gallery/hunting/2013/02/new-optics-2013-best-new-binoculars-and-spotting-scopes?photo=0,https://www.outdoorlife.com/photos/gallery/hunting/2013/02/new-optics-2013-best-new-binoculars-and-spotting-scopes/?photo=0
https://www.outdoorlife.com/gear/page/2/,https://www.outdoorlife.com/blogs/newshound/2014/05/2-alabama-men-accused-cheating-fishing-tournament/
https://www.outdoorlife.com/gear/page/3/,https://www.outdoorlife.com/3-alternative-home-remedies-for-fighting-norovirus/
https://www.outdoorlife.com/gear/page/44/,https://www.outdoorlife.com/blogs/newshound/2012/08/440-inch-bull-taken-governors-tag-arizona/
https://www.outdoorlife.com/articles/atvs/2009/11/quad-2009-atv-buyers-guide?amp,https://www.outdoorlife.com/articles/atvs/2009/11/quad-2009-atv-buyers-guide/?amp
https://www.outdoorlife.com/photos/gallery/gear/2011/11/outdoor-life-reviews-best-new-atvs-and-utvs?photo=6&amp,https://www.outdoorlife.com/photos/gallery/gear/2011/11/outdoor-life-reviews-best-new-atvs-and-utvs/?photo=6&amp
https://www.outdoorlife.com/photos/gallery/gear/2011/11/outdoor-life-reviews-best-new-atvs-and-utvs?photo=11&amp,https://www.outdoorlife.com/photos/gallery/gear/2011/11/outdoor-life-reviews-best-new-atvs-and-utvs/?photo=11&amp
https://www.outdoorlife.com/blogs/live-hunt/2011/photos/gallery/hunting/2011/05/hunting-pack-review-best-backpacks-hunting,https://www.outdoorlife.com/
https://www.outdoorlife.com/how-alcohol-could-save-your-life,https://www.outdoorlife.com/how-alcohol-could-save-your-life/
https://www.outdoorlife.com/blogs/game-changers/how-pick-right-sidearm-backup-bear-protection/,https://www.outdoorlife.com/bear-defense-gun-shootout-magnum-revolvers-vs-10mm-autos/
https://www.outdoorlife.com/survival/are-grizzly-attacks-really-on-the-rise/?amp,https://www.outdoorlife.com/survival/are-grizzly-attacks-really-on-the-rise/
https://www.outdoorlife.com/survival/yellowstone-tourist-charged-fine-grizzly-bear/.com/US/elk-charged-woman-taking-selfie-national-park-officials/story?id=39526718&amp,https://www.outdoorlife.com/?id=39526718&amp
https://www.outdoorlife.com/articles/christopher-batin/2007/09/alaska-cheapcontinued/,https://www.outdoorlife.com/top-10-best-alaska-fishing-trips/
https://www.outdoorlife.com/fishing/spearfishing-white-seabass/?amp,https://www.outdoorlife.com/fishing/spearfishing-white-seabass/
https://www.outdoorlife.com/photos/gallery/hunting/2011/08/alaska-sheep-hunting-trophy-sheep-hunting-alaska?photo=22&amp,https://www.outdoorlife.com/photos/gallery/hunting/2011/08/alaska-sheep-hunting-trophy-sheep-hunting-alaska/?photo=22&amp
https://www.outdoorlife.com/photos/gallery/hunting/2012/10/e-collar-review-ol-tests-best-electronic-dog-collars?photo=9&amp,https://www.outdoorlife.com/photos/gallery/hunting/2012/10/e-collar-review-ol-tests-best-electronic-dog-collars/?photo=9&amp
https://www.outdoorlife.com/17-holiday-gift-ideas-for-women-who-hunt,https://www.outdoorlife.com/gear/best-gifts-for-hunters/
https://www.outdoorlife.com/blogs/big-buck-zone/2009/10/3-butchering-tips/,https://www.outdoorlife.com/best-ways-cook-every-cut-venison/
https://www.outdoorlife.com/pages-2/2/?amp,https://www.outdoorlife.com/blogs/newshound/2014/05/2-alabama-men-accused-cheating-fishing-tournament/?amp
https://www.outdoorlife.com/blogs/cast-iron-chef/video-how-clean-full-body-rooster-legal-transportation?dom=odl&loc=contentwell&lnk=video-how-to-clean-a-fullbody-rooster-for-legal-transportation%2F&amp,https://www.outdoorlife.com/blogs/cast-iron-chef/video-how-clean-full-body-rooster-legal-transportation/?dom=odl&loc=contentwell&lnk=video-how-to-clean-a-fullbody-rooster-for-legal-transportation%2F&amp
https://www.outdoorlife.com/is-trump-administration-really-looking-out-for-outdoorsmen-and-women-that-might-be-up-to-interior?amp,https://www.outdoorlife.com/is-trump-administration-really-looking-out-for-outdoorsmen-and-women-that-might-be-up-to-interior/?amp
https://www.outdoorlife.com/28-vintage-outdoor-life-bear-covers-from-1972-to-1988?amp,https://www.outdoorlife.com/28-vintage-outdoor-life-bear-covers-from-1972-to-1988/?amp
https://www.outdoorlife.com/photos/gallery/guns/rifles/centerfire/2011/05/new-hunting-rifles-2011?photo=3,https://www.outdoorlife.com/?photo=3
https://www.outdoorlife.com/photos/gallery/hunting/2011/08/world-record-elk-nontypical-world-record-elk-typical-record-elk-spide?photo=1,https://www.outdoorlife.com/photos/gallery/hunting/2011/08/world-record-elk-nontypical-world-record-elk-typical-record-elk-spide/?photo=1
https://www.outdoorlife.com/wild-game-recipes/page/2/,https://www.outdoorlife.com/blogs/newshound/2014/05/2-alabama-men-accused-cheating-fishing-tournament/
https://www.outdoorlife.com/wild-game-recipes/page/3/,https://www.outdoorlife.com/3-alternative-home-remedies-for-fighting-norovirus/
https://www.outdoorlife.com/wild-game-recipes/page/5/,https://www.outdoorlife.com/gear/5-best-baits-of-the-2023-bassmaster-classic/
https://www.outdoorlife.com/blogs/gun-dogs/2013/03/hunting-dogs-best-dog-breeds-every-game-species?amp,https://www.outdoorlife.com/?amp
https://www.outdoorlife.com/blogs/gun-dogs/2010/04/best-damn-vacuum-ever?amp,https://www.outdoorlife.com/hunting-dogs-best-dog-breeds-every-game-species/?amp
"https://www.outdoorlife.com/fieldstream/photogallery/0/,13355,1532302,00.html?amp",https://www.outdoorlife.com/?amp
"https://www.outdoorlife.com/fieldstream/photogallery/0/,13355,1532302_1,00.html?amp",https://www.outdoorlife.com/?amp
"https://www.outdoorlife.com/fieldstream/photogallery/0/,13355,1532302_2,00.html?amp",https://www.outdoorlife.com/?amp
"https://www.outdoorlife.com/fieldstream/photogallery/0/,13355,1532302_3,00.html?amp",https://www.outdoorlife.com/?amp
"https://www.outdoorlife.com/fieldstream/photogallery/0/,13355,1532302_4,00.html?amp",https://www.outdoorlife.com/?amp
"https://www.outdoorlife.com/fieldstream/photogallery/0/,13355,1532302_5,00.html?amp",https://www.outdoorlife.com/?amp
"https://www.outdoorlife.com/fieldstream/photogallery/0/,13355,1532302_6,00.html?amp",https://www.outdoorlife.com/?amp
"https://www.outdoorlife.com/fieldstream/photogallery/0/,13355,1532302_7,00.html?amp",https://www.outdoorlife.com/?amp
"https://www.outdoorlife.com/fieldstream/photogallery/0/,13355,1532302_8,00.html?amp",https://www.outdoorlife.com/?amp
"https://www.outdoorlife.com/fieldstream/photogallery/0/,13355,1532302_9,00.html?amp",https://www.outdoorlife.com/?amp
https://www.outdoorlife.com/photos/gallery/fishing/2010/04/fish-faces-iv?photo=0%2F&amp,https://www.outdoorlife.com/photos/gallery/fishing/2010/04/fish-faces-iv/?photo=0%2F&amp
https://www.outdoorlife.com/articles/hunting/2016/05/new-take-euro-mount-3-kits-displaying-deer-skulls/,https://www.outdoorlife.com/how-to-mount-your-own-deer-antlers/
https://www.outdoorlife.com/photos/gallery/hunting/2010/12/donate-your-deer?photo=7,https://www.outdoorlife.com/photos/gallery/hunting/2010/12/donate-your-deer/?photo=7
https://www.outdoorlife.com/blogs/big-buck-zone/2012/11/are-you-man-enough-haul-out-full-deer-your-back/,https://www.outdoorlife.com/ways-to-transport-whitetail-deer/
https://www.outdoorlife.com/blogs/big-buck-zone/2012/11/how-big-impact-does-full-moon-have-deer-activity/,https://www.outdoorlife.com/how-moon-will-impact-your-rut-hunting-this-season/
https://www.outdoorlife.com/top-10-cartridges-for-hunting-elk/?amp,https://www.outdoorlife.com/gear/best-elk-hunting-calibers/?amp
https://www.outdoorlife.com/photos/gallery/hunting/2011/10/veteran-bowhunter-takes-194-inch-buck-sunflower-state?photo=0&amp,https://www.outdoorlife.com/photos/gallery/hunting/2011/10/veteran-bowhunter-takes-194-inch-buck-sunflower-state/?photo=0&amp
https://www.outdoorlife.com/photos/gallery/hunting/2011/08/world-record-elk-nontypical-world-record-elk-typical-record-elk-spide?photo=24,https://www.outdoorlife.com/photos/gallery/hunting/2011/08/world-record-elk-nontypical-world-record-elk-typical-record-elk-spide/?photo=24
https://www.outdoorlife.com/photos/gallery/hunting/2012/04/live-hunt-essential-gear-hunting-fishing-and-trapping-alaska?photo=23&amp,https://www.outdoorlife.com/photos/gallery/hunting/2012/04/live-hunt-essential-gear-hunting-fishing-and-trapping-alaska/?photo=23&amp
"https://www.outdoorlife.com/outdoor/photogallery/article/0/,20036,1104058_1205074,00.html?amp",https://www.outdoorlife.com/?amp
https://www.outdoorlife.com/hunting,https://www.outdoorlife.com/category/hunting/
https://www.outdoorlife.com/photos/gallery/fishing/freshwater/largemouth-bass/2012/06/ultimate-great-lakes-fishing-guide?photo=1&amp,https://www.outdoorlife.com/photos/gallery/fishing/freshwater/largemouth-bass/2012/06/ultimate-great-lakes-fishing-guide/?photo=1&amp
https://www.outdoorlife.com/photos/gallery/fishing/freshwater/largemouth-bass/2012/06/ultimate-great-lakes-fishing-guide?photo=7&amp,https://www.outdoorlife.com/photos/gallery/fishing/freshwater/largemouth-bass/2012/06/ultimate-great-lakes-fishing-guide/?photo=7&amp
https://www.outdoorlife.com/photos/gallery/fishing/freshwater/largemouth-bass/2012/06/ultimate-great-lakes-fishing-guide?photo=13&amp,https://www.outdoorlife.com/photos/gallery/fishing/freshwater/largemouth-bass/2012/06/ultimate-great-lakes-fishing-guide/?photo=13&amp
https://www.outdoorlife.com/photos/gallery/fishing/freshwater/largemouth-bass/2012/06/ultimate-great-lakes-fishing-guide?photo=20&amp,https://www.outdoorlife.com/photos/gallery/fishing/freshwater/largemouth-bass/2012/06/ultimate-great-lakes-fishing-guide/?photo=20&amp
https://www.outdoorlife.com/photos/gallery/fishing/freshwater/largemouth-bass/2012/06/ultimate-great-lakes-fishing-guide?photo=26&amp,https://www.outdoorlife.com/photos/gallery/fishing/freshwater/largemouth-bass/2012/06/ultimate-great-lakes-fishing-guide/?photo=26&amp
https://www.outdoorlife.com/gear/best-fathers-day-gifts/?amp,https://www.outdoorlife.com/gear/best-gifts-for-dads/?amp
https://www.outdoorlife.com/blogs/gone-fishin%E2%80%99/2013/04/best-baits-15-top-lures-pike-and-muskie-fishing/,https://www.outdoorlife.com/blogs/gone-fishin/2013/04/best-baits-15-top-lures-pike-and-muskie-fishing/
https://www.outdoorlife.com/top-10-lever-action-rifles-best-guns/,https://www.outdoorlife.com/gear/best-lever-action-rifles/
https://www.outdoorlife.com/photos/gallery/hunting/2012/05/new-rifle-scopes-hunting-scope-best-gun-scopes-review?photo=0&amp,https://www.outdoorlife.com/photos/gallery/hunting/2012/05/new-rifle-scopes-hunting-scope-best-gun-scopes-review/?photo=0&amp
https://www.outdoorlife.com/blogs/gun-shots/2013/05/benchrest-world-record-jim-carmichel?amp,https://www.outdoorlife.com/blogs/gun-shots/2013/05/benchrest-world-record-jim-carmichel/?amp
https://www.outdoorlife.com/photos/gallery/photos/2010/01/burgman-vs-booth-babe/,https://www.outdoorlife.com/category/hunting/
"https://www.outdoorlife.com/outdoor/shooting/article/0/,19912,1639507,00.html?amp",https://www.outdoorlife.com/?amp
https://outdoorlife.com/people/alex-robinson,https://www.outdoorlife.com/authors/alex-robinson/
https://www.outdoorlife.com/story/gear/best-mens-hiking-shoes/%5D%5Bhiking%20boots%7Chttps://www.outdoorlife.com/story/gear/best-mens-hiking-shoes/?amp,https://www.outdoorlife.com/story/gear/best-mens-hiking-shoes/%5D%5Bhiking%20boots%7Chttps:/www.outdoorlife.com/story/gear/best-mens-hiking-shoes/?amp
https://www.outdoorlife.com/photos/gallery/hunting/2013/02/new-optics-2013-best-new-binoculars-and-spotting-scopes?photo=1&amp,https://www.outdoorlife.com/photos/gallery/hunting/2013/02/new-optics-2013-best-new-binoculars-and-spotting-scopes/?photo=1&amp
https://www.outdoorlife.com/photos/gallery/hunting/2013/02/new-optics-2013-best-new-binoculars-and-spotting-scopes?photo=6&amp,https://www.outdoorlife.com/photos/gallery/hunting/2013/02/new-optics-2013-best-new-binoculars-and-spotting-scopes/?photo=6&amp
https://www.outdoorlife.com/photos/gallery/hunting/2013/02/new-optics-2013-best-new-binoculars-and-spotting-scopes?photo=0&amp,https://www.outdoorlife.com/photos/gallery/hunting/2013/02/new-optics-2013-best-new-binoculars-and-spotting-scopes/?photo=0&amp
https://www.outdoorlife.com/pages-2/3/,https://www.outdoorlife.com/3-alternative-home-remedies-for-fighting-norovirus/
https://www.outdoorlife.com/pages-2/44/,https://www.outdoorlife.com/blogs/newshound/2012/08/440-inch-bull-taken-governors-tag-arizona/
https://www.outdoorlife.com/gear/page/2/?amp,https://www.outdoorlife.com/blogs/newshound/2014/05/2-alabama-men-accused-cheating-fishing-tournament/?amp
https://www.outdoorlife.com/gear/page/3/?amp,https://www.outdoorlife.com/3-alternative-home-remedies-for-fighting-norovirus/?amp
https://www.outdoorlife.com/gear/page/44/?amp,https://www.outdoorlife.com/blogs/newshound/2012/08/440-inch-bull-taken-governors-tag-arizona/?amp
https://www.outdoorlife.com/blogs/live-hunt/2011/photos/gallery/hunting/2011/05/hunting-pack-review-best-backpacks-hunting?amp,https://www.outdoorlife.com/?amp
https://www.outdoorlife.com/blogs/survivalist/3-toxic-wild-berries-you-should-never-eat/,https://www.outdoorlife.com/13-toxic-wild-plants-not-food/
https://www.outdoorlife.com/blogs/survivalist/how-prepare-acorns-food-and-medicinal-uses/,https://www.outdoorlife.com/blogs/survivalist/survival-skills-5-ways-eat-acorns/
https://www.outdoorlife.com/articles/hunting/2016/09/backcountry-bear-defense-practice-drill-drop-charging-grizzly/,https://www.outdoorlife.com/bear-defense-gun-shootout-magnum-revolvers-vs-10mm-autos/
https://www.outdoorlife.com/photos/gallery/guns/rifles/centerfire/2011/05/new-hunting-rifles-2011?photo=3&amp,https://www.outdoorlife.com/?photo=3&amp
https://www.outdoorlife.com/photos/gallery/hunting/2011/08/world-record-elk-nontypical-world-record-elk-typical-record-elk-spide?photo=1&amp,https://www.outdoorlife.com/photos/gallery/hunting/2011/08/world-record-elk-nontypical-world-record-elk-typical-record-elk-spide/?photo=1&amp
https://www.outdoorlife.com/pages-2/5/,https://www.outdoorlife.com/gear/5-best-baits-of-the-2023-bassmaster-classic/
https://www.outdoorlife.com/wild-game-recipes/page/2/?amp,https://www.outdoorlife.com/blogs/newshound/2014/05/2-alabama-men-accused-cheating-fishing-tournament/?amp
https://www.outdoorlife.com/wild-game-recipes/page/3/?amp,https://www.outdoorlife.com/3-alternative-home-remedies-for-fighting-norovirus/?amp
https://www.outdoorlife.com/wild-game-recipes/page/5/?amp,https://www.outdoorlife.com/gear/5-best-baits-of-the-2023-bassmaster-classic/?amp
https://www.outdoorlife.com/blogs/gun-dogs/2010/04/best-damn-vacuum-ever/?amp,https://www.outdoorlife.com/hunting-dogs-best-dog-breeds-every-game-species/?amp
https://www.outdoorlife.com/does-moon-phase-really-impact-deer-movement/,https://www.outdoorlife.com/deer-hunting-3-ways-pros-use-moon-kill-big-bucks/
https://www.outdoorlife.com/photos/gallery/hunting/2010/12/donate-your-deer?photo=7&amp,https://www.outdoorlife.com/photos/gallery/hunting/2010/12/donate-your-deer/?photo=7&amp
https://www.outdoorlife.com/blogs/big-buck-zone/2013/09/new-research-deer-movement/,https://www.outdoorlife.com/10-myths-about-deer-movement/
https://www.outdoorlife.com/blogs/big-buck-zone/2013/09/whitetail-deer-antler-velvet-peeling-week/,https://www.outdoorlife.com/amazing-photos-buck-shedding-velvet/
https://www.outdoorlife.com/video-how-to-make-your-own-european-skull-mount/,https://www.outdoorlife.com/how-to-make-european-mount-diy-taxidermy/
https://www.outdoorlife.com/blogs/deer-scene-investigation/2012/11/taxidermy-tip-how-maintain-your-deer-mount/,https://www.outdoorlife.com/how-to-make-european-mount-diy-taxidermy/
https://www.outdoorlife.com/photos/gallery/hunting/2011/08/world-record-elk-nontypical-world-record-elk-typical-record-elk-spide?photo=24&amp,https://www.outdoorlife.com/photos/gallery/hunting/2011/08/world-record-elk-nontypical-world-record-elk-typical-record-elk-spide/?photo=24&amp
https://www.outdoorlife.com/how-to-tackle-topwater-bass/,https://www.outdoorlife.com/10-best-topwater-lures-for-bass/
https://www.outdoorlife.com/blogs/gone-fishin%E2%80%99/2013/04/best-baits-15-top-lures-pike-and-muskie-fishing/?amp,https://www.outdoorlife.com/blogs/gone-fishin/2013/04/best-baits-15-top-lures-pike-and-muskie-fishing/?amp
https://www.outdoorlife.com/articles/guns/shotguns/2007/09/after-lead-ban/,https://www.outdoorlife.com/is-game-meat-shot-with-lead-safe-to-eat/
https://outdoorlife.com/authors/alex-robinson/,https://www.outdoorlife.com/authors/alex-robinson/
https://www.outdoorlife.com/pages-2/3/?amp,https://www.outdoorlife.com/3-alternative-home-remedies-for-fighting-norovirus/?amp
https://www.outdoorlife.com/pages-2/44/?amp,https://www.outdoorlife.com/blogs/newshound/2012/08/440-inch-bull-taken-governors-tag-arizona/?amp
https://www.outdoorlife.com/how-to-grab-right-ax-for-job/,https://www.outdoorlife.com/11-best-axes-hatchets-and-tomahawks/
https://www.outdoorlife.com/46-survival-skills-to-keep-you-entertained-in-backyard-and-alive-in-backcountry,https://www.outdoorlife.com/46-survival-skills-to-keep-you-entertained-in-backyard-and-alive-in-backcountry/
https://www.outdoorlife.com/pages-2/5/?amp,https://www.outdoorlife.com/gear/5-best-baits-of-the-2023-bassmaster-classic/?amp
https://www.outdoorlife.com/articles/fishing/2010/10/perfect-storm/,https://www.outdoorlife.com/how-storms-weather-affect-fishing/
https://www.outdoorlife.com/late-season-deer-hunting-5-ways-to-save-your-season/,https://www.outdoorlife.com/articles/hunting/2009/12/85-late-season-deer-tips/
https://www.outdoorlife.com/articles/hunting/2008/12/downright-dirty-tactics-calling-winter-coyotes/,https://www.outdoorlife.com/expert-coyote-calling-tips/
https://www.outdoorlife.com/blogs/gun-shots/2009/10/protesting-anti-gun-bloomberg-7%E2%80%B2-mayors-virginia/,https://www.outdoorlife.com/blogs/gun-shots/2009/10/protesting-anti-gun-bloomberg-7%E2%80%B2-mayors-virginia/
https://www.outdoorlife.com/articles/guns/2016/06/history-and-industry-tour-remingtons-two-flagship-plants/,https://www.outdoorlife.com/most-notable-guns-remingtons-200-year-history/
https://www.outdoorlife.com/articles/scott-bowen/2007/09/search-and-rescue-man/?fieldtested=1&category=Award%3ABest+Bargain&x=9&y=8%2F,https://www.outdoorlife.com/articles/scott-bowen/2007/09/search-and-rescue-man/?fieldtested=1&category=Award%3ABest%20Bargain&x=9&y=8%2F
https://www.outdoorlife.com/46-survival-skills-to-keep-you-entertained-in-backyard-and-alive-in-backcountry?amp,https://www.outdoorlife.com/46-survival-skills-to-keep-you-entertained-in-backyard-and-alive-in-backcountry/?amp
https://www.outdoorlife.com/photos/gallery/fishing/2009/06/more-boat-names/,https://www.outdoorlife.com/best-fishing-boat-names/
https://www.outdoorlife.com/articles/hunting/2016/08/6-early-season-deer-hunting-setups-where-and-when-hunt-stand%E2%80%94and-when/,https://www.outdoorlife.com/hunting/how-to-hunt-early-season-deer/
https://www.outdoorlife.com/diy-taxidermy-how-to-camo-dip-deer-skull/,https://www.outdoorlife.com/how-to-make-european-mount-diy-taxidermy/
https://www.outdoorlife.com/articles/guns/2016/07/how-modify-handgun-stop-grizzly-bear/,https://www.outdoorlife.com/photos/gallery/hunting/2012/12/best-grizzly-guns-9-great-guns-brown-bear-hunting-and-defense/
https://www.outdoorlife.com/blogs/gun-shots/2009/10/protesting-anti-gun-bloomberg-7%E2%80%B2-mayors-virginia/?amp,https://www.outdoorlife.com/blogs/gun-shots/2009/10/protesting-anti-gun-bloomberg-7%E2%80%B2-mayors-virginia/?amp
https://www.outdoorlife.com/photos/gallery/guns/2011/01/best-shots/,https://www.outdoorlife.com/category/hunting/
https://www.outdoorlife.com/story/hunting/early-season-deer-hunting-stand-set-ups-where-and-when/,https://www.outdoorlife.com/hunting/how-to-hunt-early-season-deer/
https://www.outdoorlife.com/blogs/gun-shots/2011/03/sniper-school-1-mile-shot/,https://www.outdoorlife.com/10-tips-to-help-shoot-like-long-range-sniper/
https://www.outdoorlife.com/blogs/gun-shots/2014/04/3-drills-improve-your-defensive-shooting-skills/,https://www.outdoorlife.com/gear/best-pistol-red-dots/
https://www.outdoorlife.com/blogs/gun-shots/2008/03/swiss-minigun-worlds-smallest-revolver/(http://www.dailymail.co.uk/pages/live/articles/news/news.html?in_article_id=526655&in_page_id=1770/,https://www.outdoorlife.com/?in_article_id=526655&in_page_id=1770%2F
https://www.outdoorlife.com/blogs/hunting/2014/01/rethinking-necessity-camouflage/,https://www.outdoorlife.com/5-new-hunting-camo-patterns-plus-our-camo-survey-results/
https://www.outdoorlife.com/photos/gallery/hunting/2011/08/new-crossbows-2011-new-hunting-crossbows-best-hunting-crossbows?photo=1,https://www.outdoorlife.com/photos/gallery/hunting/2011/08/new-crossbows-2011-new-hunting-crossbows-best-hunting-crossbows/?photo=1
https://www.outdoorlife.com/5-best-handgun-reflex-sights/,https://www.outdoorlife.com/gear/best-pistol-red-dots/
https://www.outdoorlife.com/gun-news-week-defect-could-affect-500000-sig-sauer-p320-handguns-in-us,https://www.outdoorlife.com/gun-news-week-defect-could-affect-500000-sig-sauer-p320-handguns-in-us/
https://www.outdoorlife.com/gun-news-will-wray-support-common-sense-gun-control,https://www.outdoorlife.com/gun-news-will-wray-support-common-sense-gun-control/
https://www.outdoorlife.com/gun-news-week-murphys-law-wheres-wurlitzer-when-you-need-one,https://www.outdoorlife.com/gun-news-week-murphys-law-wheres-wurlitzer-when-you-need-one/
https://www.outdoorlife.com/gun-news-speculations-on-next-fbi-director,https://www.outdoorlife.com/gun-news-speculations-on-next-fbi-director/
https://www.outdoorlife.com/gun-news-trump-tells-nra-attendees-they-have-true-friend-and-champion-in-white-house,https://www.outdoorlife.com/gun-news-trump-tells-nra-attendees-they-have-true-friend-and-champion-in-white-house/
https://www.outdoorlife.com/gun-news-proposed-bill-would-end-batfes-border-war,https://www.outdoorlife.com/gun-news-proposed-bill-would-end-batfes-border-war/
https://www.outdoorlife.com/gun-news-nssf-says-gun-industry-contributed-513-billion-to-economy-in-2016,https://www.outdoorlife.com/gun-news-nssf-says-gun-industry-contributed-513-billion-to-economy-in-2016/
https://www.outdoorlife.com/gun-news-week-credit-card-sized-pistol-gives-your-wallet-more-bang-with-your-bucks,https://www.outdoorlife.com/gun-news-week-credit-card-sized-pistol-gives-your-wallet-more-bang-with-your-bucks/
https://www.outdoorlife.com/blogs/gun-shots/2008/03/swiss-minigun-worlds-smallest-revolver/(http:/www.dailymail.co.uk/pages/live/articles/news/news.html?in_article_id=526655&in_page_id=1770/,https://www.outdoorlife.com/?in_article_id=526655&in_page_id=1770%2F
https://www.outdoorlife.com/articles/hunting/2007/09/western-dream-hunts/,https://www.outdoorlife.com/best-hunting-rifles-in-the-west/
https://www.outdoorlife.com/photos/gallery/hunting/2011/08/new-crossbows-2011-new-hunting-crossbows-best-hunting-crossbows?photo=1&amp,https://www.outdoorlife.com/photos/gallery/hunting/2011/08/new-crossbows-2011-new-hunting-crossbows-best-hunting-crossbows/?photo=1&amp
https://www.outdoorlife.com/photos/gallery/photos/2010/02/winter-photo-contest-gallery/users/huntinfool111,https://www.outdoorlife.com/
https://www.outdoorlife.com/photos/gallery/photos/2010/02/winter-photo-contest-gallery/users/nelsonrock,https://www.outdoorlife.com/
https://www.outdoorlife.com/photos/gallery/photos/2010/02/winter-photo-contest-gallery/users/ntimid8tor,https://www.outdoorlife.com/
https://www.outdoorlife.com/photos/gallery/photos/2010/02/winter-photo-contest-gallery/users/annifer,https://www.outdoorlife.com/
https://www.outdoorlife.com/photos/gallery/photos/2010/02/winter-photo-contest-gallery/users/runningfawn3,https://www.outdoorlife.com/
https://www.outdoorlife.com/photos/gallery/photos/2010/02/winter-photo-contest-gallery/users/crosbychief,https://www.outdoorlife.com/
https://www.outdoorlife.com/photos/gallery/photos/2010/02/winter-photo-contest-gallery/users/edemi1,https://www.outdoorlife.com/
https://www.outdoorlife.com/photos/gallery/photos/2010/02/winter-photo-contest-gallery/users/hank-osterkamp,https://www.outdoorlife.com/
https://www.outdoorlife.com/photos/gallery/photos/2010/02/winter-photo-contest-gallery/users/jpatzer,https://www.outdoorlife.com/
https://www.outdoorlife.com/photos/gallery/photos/2010/02/winter-photo-contest-gallery/users/summer,https://www.outdoorlife.com/
https://www.outdoorlife.com/photos/gallery/photos/2010/02/winter-photo-contest-gallery/users/mike,https://www.outdoorlife.com/
https://www.outdoorlife.com/photos/gallery/photos/2010/02/winter-photo-contest-gallery/users/dcernick,https://www.outdoorlife.com/
https://www.outdoorlife.com/photos/gallery/photos/2010/02/winter-photo-contest-gallery/users/hunter6,https://www.outdoorlife.com/
https://www.outdoorlife.com/photos/gallery/photos/2010/02/winter-photo-contest-gallery/users/michael-mocny,https://www.outdoorlife.com/
https://www.outdoorlife.com/photos/gallery/photos/2010/02/winter-photo-contest-gallery/users/wyonate,https://www.outdoorlife.com/
https://www.outdoorlife.com/photos/gallery/photos/2010/02/winter-photo-contest-gallery/users/bat4bab,https://www.outdoorlife.com/
https://www.outdoorlife.com/photos/gallery/photos/2010/02/winter-photo-contest-gallery/users/nickgrant21,https://www.outdoorlife.com/
https://www.outdoorlife.com/photos/gallery/photos/2010/02/winter-photo-contest-gallery/users/irv12,https://www.outdoorlife.com/
https://www.outdoorlife.com/photos/gallery/photos/2010/02/winter-photo-contest-gallery/users/bangusmc,https://www.outdoorlife.com/
https://www.outdoorlife.com/photos/gallery/photos/2010/02/winter-photo-contest-gallery/users/rpm13,https://www.outdoorlife.com/
https://www.outdoorlife.com/photos/gallery/photos/2010/02/winter-photo-contest-gallery/users/tuledude,https://www.outdoorlife.com/
https://www.outdoorlife.com/articles/hunting/2015/10/11-things-you-never-knew-about-incredible-edible-acorn/,https://www.outdoorlife.com/blogs/survivalist/survival-skills-5-ways-eat-acorns/
https://www.outdoorlife.com/gun-news-week-defect-could-affect-500000-sig-sauer-p320-handguns-in-us?amp,https://www.outdoorlife.com/gun-news-week-defect-could-affect-500000-sig-sauer-p320-handguns-in-us/?amp
https://www.outdoorlife.com/gun-news-will-wray-support-common-sense-gun-control?amp,https://www.outdoorlife.com/gun-news-will-wray-support-common-sense-gun-control/?amp
https://www.outdoorlife.com/gun-news-week-murphys-law-wheres-wurlitzer-when-you-need-one?amp,https://www.outdoorlife.com/gun-news-week-murphys-law-wheres-wurlitzer-when-you-need-one/?amp
https://www.outdoorlife.com/gun-news-speculations-on-next-fbi-director?amp,https://www.outdoorlife.com/gun-news-speculations-on-next-fbi-director/?amp
https://www.outdoorlife.com/gun-news-trump-tells-nra-attendees-they-have-true-friend-and-champion-in-white-house?amp,https://www.outdoorlife.com/gun-news-trump-tells-nra-attendees-they-have-true-friend-and-champion-in-white-house/?amp
https://www.outdoorlife.com/gun-news-proposed-bill-would-end-batfes-border-war?amp,https://www.outdoorlife.com/gun-news-proposed-bill-would-end-batfes-border-war/?amp
https://www.outdoorlife.com/gun-news-nssf-says-gun-industry-contributed-513-billion-to-economy-in-2016?amp,https://www.outdoorlife.com/gun-news-nssf-says-gun-industry-contributed-513-billion-to-economy-in-2016/?amp
https://www.outdoorlife.com/gun-news-week-credit-card-sized-pistol-gives-your-wallet-more-bang-with-your-bucks?amp,https://www.outdoorlife.com/gun-news-week-credit-card-sized-pistol-gives-your-wallet-more-bang-with-your-bucks/?amp
https://www.outdoorlife.com/photos/gallery/photos/2010/02/winter-photo-contest-gallery/users/huntinfool111?amp,https://www.outdoorlife.com/?amp
https://www.outdoorlife.com/photos/gallery/photos/2010/02/winter-photo-contest-gallery/users/nelsonrock?amp,https://www.outdoorlife.com/?amp
https://www.outdoorlife.com/photos/gallery/photos/2010/02/winter-photo-contest-gallery/users/ntimid8tor?amp,https://www.outdoorlife.com/?amp
https://www.outdoorlife.com/photos/gallery/photos/2010/02/winter-photo-contest-gallery/users/annifer?amp,https://www.outdoorlife.com/?amp
https://www.outdoorlife.com/photos/gallery/photos/2010/02/winter-photo-contest-gallery/users/runningfawn3?amp,https://www.outdoorlife.com/?amp
https://www.outdoorlife.com/photos/gallery/photos/2010/02/winter-photo-contest-gallery/users/crosbychief?amp,https://www.outdoorlife.com/?amp
https://www.outdoorlife.com/photos/gallery/photos/2010/02/winter-photo-contest-gallery/users/edemi1?amp,https://www.outdoorlife.com/?amp
https://www.outdoorlife.com/photos/gallery/photos/2010/02/winter-photo-contest-gallery/users/hank-osterkamp?amp,https://www.outdoorlife.com/?amp
https://www.outdoorlife.com/photos/gallery/photos/2010/02/winter-photo-contest-gallery/users/jpatzer?amp,https://www.outdoorlife.com/?amp
https://www.outdoorlife.com/photos/gallery/photos/2010/02/winter-photo-contest-gallery/users/summer?amp,https://www.outdoorlife.com/?amp
https://www.outdoorlife.com/photos/gallery/photos/2010/02/winter-photo-contest-gallery/users/mike?amp,https://www.outdoorlife.com/?amp
https://www.outdoorlife.com/photos/gallery/photos/2010/02/winter-photo-contest-gallery/users/dcernick?amp,https://www.outdoorlife.com/?amp
https://www.outdoorlife.com/photos/gallery/photos/2010/02/winter-photo-contest-gallery/users/hunter6?amp,https://www.outdoorlife.com/?amp
https://www.outdoorlife.com/photos/gallery/photos/2010/02/winter-photo-contest-gallery/users/michael-mocny?amp,https://www.outdoorlife.com/?amp
https://www.outdoorlife.com/photos/gallery/photos/2010/02/winter-photo-contest-gallery/users/wyonate?amp,https://www.outdoorlife.com/?amp
https://www.outdoorlife.com/photos/gallery/photos/2010/02/winter-photo-contest-gallery/users/bat4bab?amp,https://www.outdoorlife.com/?amp
https://www.outdoorlife.com/photos/gallery/photos/2010/02/winter-photo-contest-gallery/users/nickgrant21?amp,https://www.outdoorlife.com/?amp
https://www.outdoorlife.com/photos/gallery/photos/2010/02/winter-photo-contest-gallery/users/irv12?amp,https://www.outdoorlife.com/?amp
https://www.outdoorlife.com/photos/gallery/photos/2010/02/winter-photo-contest-gallery/users/bangusmc?amp,https://www.outdoorlife.com/?amp
https://www.outdoorlife.com/photos/gallery/photos/2010/02/winter-photo-contest-gallery/users/rpm13?amp,https://www.outdoorlife.com/?amp
https://www.outdoorlife.com/photos/gallery/photos/2010/02/winter-photo-contest-gallery/users/tuledude?amp,https://www.outdoorlife.com/?amp
https://www.outdoorlife.com/blogs/game-changers/how-get-rid-fleas-when-skinning-coyotes-and-other-furbearers/,https://www.outdoorlife.com/blogs/game-changers/4-tips-trapping-foxes-and-coyotes/
https://www.outdoorlife.com/blogs/master-class/2013/09/how-select-good-deer-cartridge/,https://www.outdoorlife.com/5-things-i-learned-about-65-creedmoor-for-whitetails/
https://www.outdoorlife.com/blogs/hunting/digital-archives-how-access-old-issues-outdoor-life/,https://coverart.outdoorlife.com/
https://www.outdoorlife.com/blogs/game-changers/6-guidelines-evaluating-any-piece-backcountry-hunting-gear/,https://www.outdoorlife.com/15-new-pieces-survival-gear-we-cant-live-without/
https://www.outdoorlife.com/blogs/hunting/digital-archives-how-access-old-issues-outdoor-life/?amp,https://coverart.outdoorlife.com/?amp
