https://www.bobvila.com/articles/bob-vila-radio-kitchen-lighting/;https://www.bobvila.com/articles/kitchen-lighting-design/
https://www.bobvila.com/articles/2029-workshop-lighting/;https://www.bobvila.com/articles/2023-the-ideal-workshop-layout/
https://www.bobvila.com/slideshow/know-your-door-styles-10-popular-designs-44296;https://www.bobvila.com/articles/types-of-doors/
https://www.bobvila.com/slideshow/10-natural-ways-to-combat-summer-mosquitoes-44651;https://www.bobvila.com/articles/how-to-get-rid-of-mosquitoes-naturally/
https://www.bobvila.com/slideshow/editors-picks-today-s-top-7-vacuum-cleaners-48473;https://www.bobvila.com/articles/best-vacuums/
https://www.bobvila.com/articles/2184-how-to-keep-a-christmas-tree-fresh/;https://www.bobvila.com/articles/how-to-water-a-christmas-tree/
https://www.bobvila.com/articles/2490-how-to-grill-like-the-pros/;https://www.bobvila.com/slideshow/the-top-8-ways-to-hack-your-grill-50307
https://www.bobvila.com/articles/455-how-to-prevent-mold-and-mildew/;https://www.bobvila.com/slideshow/12-big-mistakes-that-lead-to-mold-and-mildew-growth-52810
http://bobvila.com/;https://www.bobvila.com/
https://www.bobvila.com/articles/best-cordless-blower;https://www.bobvila.com/articles/best-cordless-blower/
https://www.bobvila.com/articles/best-backpack-leaf-blower;https://www.bobvila.com/articles/best-backpack-leaf-blower/
https://www.bobvila.com/articles/the-war-on-leaf-blowers;https://www.bobvila.com/articles/the-war-on-leaf-blowers/
https://www.bobvila.com/articles/how-to-hire-leaf-removal-near-me;https://www.bobvila.com/articles/how-to-hire-leaf-removal-near-me/
https://www.bobvila.com/articles/bob-vila-radio-house-pests/;https://www.bobvila.com/slideshow/pests-be-gone-11-natural-ways-to-make-your-home-critter-free-44356
https://www.bobvila.com/articles/best-driveway-paving-companies;https://www.bobvila.com/articles/best-driveway-paving-companies/
https://www.bobvila.com/articles/how-to-keep-animals-out-of-the-garden;https://www.bobvila.com/articles/how-to-keep-animals-out-of-the-garden/
https://www.bobvila.com/articles/diy-pest-free-home;https://www.bobvila.com/articles/diy-pest-free-home/
https://www.bobvila.com/articles/how-to-clean-a-fireplace;https://www.bobvila.com/articles/how-to-clean-a-fireplace/
https://www.bobvila.com/slideshow/buyer-s-guide-the-best-wood-stoves-49464;https://www.bobvila.com/articles/best-wood-stoves/
https://www.bobvila.com/slideshow/how-to-get-your-fireplace-ready-for-winter-48090;https://www.bobvila.com/articles/fireplace-ready-for-winter/
https://www.bobvila.com/articles/how-to-clean-a-chimney;https://www.bobvila.com/articles/how-to-clean-a-chimney/
https://www.bobvila.com/slideshow/15-handy-things-you-can-do-with-ashes-from-your-fireplace-52476;https://www.bobvila.com/articles/what-to-do-with-fire-pit-ashes/
https://bobvila.com/articles/dupray-neat-steam-cleaner-review/;https://www.bobvila.com/articles/dupray-neat-steam-cleaner-review/
https://www.bobvila.com/slideshow/15-ways-to-stay-warm-without-turning-on-the-heat-49500;https://www.bobvila.com/articles/how-to-stay-warm-without-heat/
https://www.bobvila.com/slideshow/9-unusual-ways-to-use-wd-40-48621?;https://www.bobvila.com/slideshow/14-surprising-ways-to-use-wd-40-around-the-house-48621
https://www.bobvila.com/slideshow/how-to-get-your-bathroom-guest-ready-in-20-minutes-or-less-49597;https://www.bobvila.com/articles/how-to-clean-bathroom-fast/
https://www.bobvila.com/articles/how-to-use-a-leaf-blower;https://www.bobvila.com/articles/how-to-use-a-leaf-blower/
https://www.bobvila.com/articles/best-electric-leaf-blower;https://www.bobvila.com/articles/best-electric-leaf-blower/
https://www.bobvila.com/articles/best-leaf-mulcher;https://www.bobvila.com/articles/best-leaf-mulcher/
https://www.bobvila.com/slideshow/10-easy-ways-to-update-your-kitchen-cabinets-47528;https://www.bobvila.com/
https://www.bobvila.com/slideshow/10-things-you-didn-t-know-sawdust-can-do-51245;https://www.bobvila.com/slideshow/10-things-you-didn-t-know-sawdust-can-do-51245
https://www.bobvila.com/articles/best-air-purifiers-for-m%D0%BEld/;https://www.bobvila.com/articles/best-air-purifiers-for-mold/
https://www.bobvila.com/slideshow/7-clever-ways-for-hooks-to-streamline-your-life-48763;https://www.bobvila.com/articles/command-hooks-uses/
https://www.bobvila.com/slideshow/7-surprising-alternative-uses-for-clorox-bleach-48858;https://www.bobvila.com/articles/uses-for-bleach/
https://www.bobvila.com/slideshow/8-disease-resistant-apple-tree-varieties-8451;https://www.bobvila.com/slideshow/8-disease-resistant-apple-tree-varieties-8451
https://www.bobvila.com/slideshow/10-reasons-to-reconsider-the-aboveground-pool-47781;https://www.bobvila.com/slideshow/10-reasons-to-reconsider-the-above-ground-pool-47781
https://www.bobvila.com/slideshow/15-of-the-cheapest-places-to-buy-a-house-in-the-u-s-52091;https://www.bobvila.com/articles/cheapest-place-to-buy-a-house/
https://www.bobvila.com/articles/how-to-get-rid-of-gasoline-smell/8083025;https://www.bobvila.com/articles/how-to-get-rid-of-gasoline-smell/
https://www.bobvila.com/articles/best-solar-companies/Our%20Top%20Picks%20We%20extensively%20researched%20dozens%20of%20solar%20companies%20that%20offer%20multistate%20solar%20installation%20services.%20The%20following%20companies%20were%20chosen%20for%20this%20roundup%20based%20on%20various%20aspects,%20including%20their%20service%20area,%20the%20type%20of%20solar%20panels%20they%20install,%20whether%20they%20offer%20financing,%20and%20client%20satisfaction.;https://www.bobvila.com/articles/best-solar-companies/Our%20Top%20Picks%20We%20extensively%20researched%20dozens%20of%20solar%20companies%20that%20offer%20multistate%20solar%20installation%20services.%20The%20following%20companies%20were%20chosen%20for%20this%20roundup%20based%20on%20various%20aspects,%20including%20their%20service%20area,%20the%20type%20of%20solar%20panels%20they%20install,%20whether%20they%20offer%20financing,%20and%20client%20satisfaction./
https://www.bobvila.com/slideshow/12-gorgeous-plants-to-attract-hummingbirds-to-your-garden-579610?bv=ca;https://www.bobvila.com/articles/plants-that-attract-hummingbirds/
https://www.bobvila.com/slideshow/11-gifts-every-plant-parent-will-love-577733;https://www.bobvila.com/articles/gifts-for-plant-lovers/
https://www.bobvila.com/articles/husky-tool-bag/homedepot.sjv.io/DVQ1Gy;https://www.bobvila.com/articles/husky-tool-bag/homedepot.sjv.io/DVQ1Gy/
https://www.bobvila.com/articles/best-chainsaw-chain/homedepot.sjv.io/EaKg9Q;https://www.bobvila.com/articles/best-chainsaw-chain/homedepot.sjv.io/EaKg9Q/
https://www.bobvila.com/shovel/46911-13-clever-alternatives-uses-for-steel-wool/slideshows;https://www.bobvila.com/articles/steel-wool-uses/
https://www.bobvila.com/pull-the-plug/25846-12-ways-to-put-your-home-on-an-energy-diet-today/slideshows?_escaped_fragment_=0;https://www.bobvila.com/slideshow/12-ways-to-put-your-home-on-an-energy-diet-25846
https://www.bobvila.com/articles/what-is-a-cistern/14%20Sneaky%20Ways%20to%20Save%20Money%20on%20Your%20Water%20Bill;https://www.bobvila.com/articles/what-is-a-cistern/14%20Sneaky%20Ways%20to%20Save%20Money%20on%20Your%20Water%20Bill/
https://www.bobvila.com/articles/how-to-till-a-garden/bobvila.com/articles/gardening-may-be-making-you-sick/;https://www.bobvila.com/articles/gardening-may-be-making-you-sick/
https://www.bobvila.com/backyard-waterfall/44512-10-water-features-to-make-any-backyard-landscape-complete/slideshows?s=8&_escaped_fragment_=1;https://www.bobvila.com/slideshow/10-water-features-to-make-any-backyard-landscape-complete-44512
https://www.bobvila.com/the-right-rake/15090-5-rakes-every-homeowner-should-know/slideshows?_escaped_fragment_=1;https://www.bobvila.com/articles/rake-types/
https://www.bobvila.com/articles/genius-diy-gun-cabinet/mirror;https://empire-s3-production.bobvila.com/blogs/wp-content/uploads/2013/06/mirror.jpg
https://www.bobvila.com/projects/3-babyproofing-the-house/episodes/16-finishing-touches-baby-safety-products-and-a-corian-tub-deck?v_id=684561035001;https://www.bobvila.com/sections/tv/projects/3-babyproofing-the-house/episodes/16-finishing-touches-baby-safety-products-and-a-corian-tub-deck/videos/684561035001-finishing-touches-childproofing-a-kitchen-and-stairs-and-completing-the-nursery
https://www.bobvila.com/rope-drawer-pulls/46651-knobs-of-note-10-ideas-for-a-cool-cabinet/slideshows?_escaped_fragment_=0;https://www.bobvila.com/slideshow/15-simply-genius-drawer-pulls-to-dress-up-a-dresser-46651
https://www.bobvila.com/slideshow/15-gadgets-everyone-wants-for-christmas-51642?;https://www.bobvila.com/slideshow/13-new-gadgets-everyone-wants-for-christmas-51642
https://www.bobvila.com/slideshow/10-house-hacks-every-pet-owner-needs-to-know-50809?;https://www.bobvila.com/articles/hacks-for-pet-owners/
https://www.bobvila.com/articles/how-to-use-a-belt-sander/bobvila.com/articles/best-random-orbital-sander/;https://www.bobvila.com/articles/best-random-orbital-sander/
https://www.bobvila.com/slideshow/the-8-painting-mistakes-almost-everyone-makes-48420?;https://www.bobvila.com/slideshow/the-13-painting-mistakes-almost-everyone-makes-48420
https://www.bobvila.com/slideshow/10-space-smart-ways-to-squeeze-in-a-home-office-48561?;https://www.bobvila.com/slideshow/11-ideas-for-working-remotely-when-you-don-t-have-a-home-office-48561
https://www.bobvila.com/slideshow/8-ways-to-buy-a-better-guest-room-for-under-30-50728?;https://www.bobvila.com/articles/guest-bed-ideas/
https://www.bobvila.com/slideshow/9-super-practical-products-you-can-power-with-sunshine-50357?;https://www.bobvila.com/articles/solar-powered-products/
https://www.bobvila.com/asearch?q=natural%20powder%20roach%20killer;https://www.amazon.com/dp/B0026MD0G6?tag=bv-asearch-20&linkCode=osi&th=1&psc=1&asc_source=browser&asc_refurl
https://www.bobvila.com/asearch?q=raid%20roach%20killer%20spray;https://www.amazon.com/dp/B00NES7LMU?tag=bv-asearch-20&linkCode=osi&th=1&psc=1&asc_source=browser&asc_refurl
https://www.bobvila.com/articles/how-to-clean-a-down-comforter/m/frame-ideas/46479-10-novel-uses-for-the-classic-clothespin/slideshows;https://www.bobvila.com/articles/how-to-clean-a-down-comforter/m/frame-ideas/46479-10-novel-uses-for-the-classic-clothespin/slideshows/
https://www.bobvila.com/slideshow/everything-you-need-to-start-a-raised-bed-garden-580002;https://www.bobvila.com/articles/raised-bed-garden-essentials/
https://www.bobvila.com/slideshow/landscape-edging-10-easy-ways-to-set-your-garden-beds-apart-5408;https://www.bobvila.com/
https://www.bobvila.com/slideshow/6-fast-growing-shade-trees-45802;https://www.bobvila.com/articles/fast-growing-shade-trees/
https://www.bobvila.com/slideshow/11-ideas-for-better-backyard-privacy-48929;https://www.bobvila.com/articles/backyard-privacy-ideas/
https://www.bobvila.com/sections/home-improvement/articles/561-2011-trends-in-outdoor-entertaining/pages/1;https://www.bobvila.com/slideshow/18-inspiring-ideas-for-easy-outdoor-entertaining-50204
https://www.bobvila.com/articles/big-indoor-plants/lsoohoo@yorktown.org;https://www.bobvila.com/articles/big-indoor-plants/lsoohoo@yorktown.org/
https://www.bobvila.com/articles/snake-plant-care/bobvila.com/slideshow/10-houseplants-that-thrive-where-others-die-91534;https://www.bobvila.com/articles/snake-plant-care/bobvila.com/slideshow/10-houseplants-that-thrive-where-others-die-91534/
https://www.bobvila.com/articles/grow-organic-cheap/bobvila.com/articles/keyhole-gardening/;https://www.bobvila.com/articles/keyhole-gardening/
https://www.bobvila.com/articles/tornado-safety/bobvila.com/articles/does-homeowners-insurance-cover-tornado-damage/;https://www.bobvila.com/articles/does-homeowners-insurance-cover-tornado-damage/
https://www.bobvila.com/numbers-game/8656-10-simple-under-60-curb-appeal-updates-for-any-home/slideshows?s=2&_escaped_fragment_=1;https://www.bobvila.com/slideshow/10-simple-under-60-curb-appeal-updates-for-any-home-8656
https://www.bobvila.com/slideshow/11-super-simple-ways-to-make-your-house-smell-fresh-49459%5C;https://www.bobvila.com/slideshow/11-super-simple-ways-to-make-your-house-smell-fresh-49459
https://www.bobvila.com/articles/best-waterproof-bluetooth-speaker/;https://www.bobvila.com/articles/best-outdoor-speakers/
https://www.bobvila.com/articles/best-foot-massager/;https://www.bobvila.com/articles/best-massage-chairs/
https://www.bobvila.com/slideshow/11-easy-to-grow-vegetable-varieties-for-fall-577337;https://www.bobvila.com/articles/fall-planting-vegetables/
