https://www.bobvila.com/articles/photo-gifts/;https://www.bobvila.com/articles/best-gifts-under-50/
https://www.bobvila.com/articles/last-minute-mothers-day-gifts/;https://www.bobvila.com/articles/best-mothers-day-gifts/
https://www.bobvila.com/articles/basement-workshop-essentials/;https://www.bobvila.com/articles/440-choosing-essential-tools-for-woodworking/
https://www.bobvila.com/articles/i-designed-my-own-modular-sofa-from-allform-heres-what-happened/;https://www.bobvila.com/articles/best-sofa-brands/
https://www.bobvila.com/articles/how-to-make-the-most-of-your-shed/;https://www.bobvila.com/articles/building-a-shed/
https://www.bobvila.com/articles/small-cabin-kits/;https://www.bobvila.com/articles/log-cabin-kits/
https://www.bobvila.com/articles/this-motion-sensing-dimmer-fully-automates-your-lighting/;https://www.bobvila.com/articles/best-dimmer-switch/
https://www.bobvila.com/articles/installing-a-floodlight/;https://www.bobvila.com/articles/best-solar-flood-lights/
https://www.bobvila.com/articles/attic-fans-solar-alternative/;https://www.bobvila.com/articles/best-attic-fan/
https://www.bobvila.com/articles/high-and-mighty-hangers-and-hooks/;https://www.bobvila.com/slideshow/the-9-smartest-ways-to-organize-your-entire-home-with-s-hooks-52792
https://www.bobvila.com/articles/cool-tools-the-hassle-free-way-to-tile-a-backsplash/;https://www.bobvila.com/articles/easy-way-to-tile-backsplash/
https://www.bobvila.com/articles/questions-for-a-bathroom-renovation/;https://www.bobvila.com/slideshow/7-mistakes-not-to-make-in-your-bathroom-remodel-48769
https://www.bobvila.com/articles/mini-split-air-conditioners/;https://www.bobvila.com/articles/mini-splits/
https://www.bobvila.com/articles/choosing-replacement-windows/;https://www.bobvila.com/articles/buyers-guide-replacement-windows/
https://www.bobvila.com/articles/front-door-installation/;https://www.bobvila.com/articles/front-door-replacement/
https://www.bobvila.com/articles/cool-tools-get-a-mess-free-bead-of-caulk-every-time/;https://www.bobvila.com/articles/how-to-use-a-caulk-gun/
https://www.bobvila.com/articles/retrofit-radiant-floor-heating/;https://www.bobvila.com/articles/2161-radiant-floor-heating-101/
https://www.bobvila.com/articles/3-hidden-benefits-of-new-windows/;https://www.bobvila.com/articles/buyers-guide-replacement-windows/
https://www.bobvila.com/articles/shed-shopping/;https://www.bobvila.com/articles/choosing-the-right-shed-size/
https://www.bobvila.com/articles/best-earthquake-kit/;https://www.bobvila.com/slideshow/10-essentials-for-any-survival-kit-48143
https://www.bobvila.com/articles/best-bed-frames/;https://www.bobvila.com/slideshow/14-five-star-bed-frames-that-fit-any-budget-52808
https://www.bobvila.com/articles/best-room-sprays/;https://www.bobvila.com/articles/best-odor-eliminator/
https://www.bobvila.com/articles/best-succulent-subscription-boxes/;https://www.bobvila.com/articles/best-plant-subscription-boxes/
https://www.bobvila.com/articles/best-light-therapy-lamp/;https://www.bobvila.com/articles/best-table-lamps/
https://www.bobvila.com/articles/best-outdoor-smart-plug/;https://www.bobvila.com/articles/smart-outlets/
https://www.bobvila.com/articles/best-quilts/;https://www.bobvila.com/articles/best-bedspreads/
https://www.bobvila.com/articles/best-digital-picture-frame/;https://www.bobvila.com/articles/tech-gifts/
https://www.bobvila.com/articles/best-leather-recliner/;https://www.bobvila.com/articles/best-recliners/
https://www.bobvila.com/articles/best-bar-carts/;https://www.bobvila.com/slideshow/why-go-out-12-bars-you-can-build-at-home-51563
https://www.bobvila.com/articles/bokashi-bin-review/;https://www.bobvila.com/articles/best-countertop-compost-bin/
https://www.bobvila.com/articles/best-kegerator/;https://www.bobvila.com/articles/best-mini-fridge/
https://www.bobvila.com/articles/best-countertop-microwave/;https://www.bobvila.com/articles/best-small-microwave/
https://www.bobvila.com/articles/best-lunch-box-cooler/;https://www.bobvila.com/articles/best-small-cooler/
https://www.bobvila.com/articles/best-bedroom-rugs/;https://www.bobvila.com/articles/best-area-rugs/
https://www.bobvila.com/articles/best-bunk-beds/;https://www.bobvila.com/slideshow/10-bunk-beds-well-worth-the-climb-46372
https://www.bobvila.com/articles/best-grill-spatula/;https://www.bobvila.com/articles/best-grilling-accessories/
https://www.bobvila.com/articles/best-comforter/;https://www.bobvila.com/articles/best-down-comforter/
https://www.bobvila.com/articles/best-cool-mist-humidifier/;https://www.bobvila.com/articles/best-room-humidifier/
https://www.bobvila.com/articles/best-cast-iron-pan/;https://www.bobvila.com/articles/best-cookware-brands/
https://www.bobvila.com/articles/best-desk-lamp/;https://www.bobvila.com/articles/best-led-desk-lamp/
https://www.bobvila.com/articles/best-floating-shelves/;https://www.bobvila.com/articles/best-bookshelves/
https://www.bobvila.com/articles/best-work-boots-for-women/;https://www.bobvila.com/articles/best-work-boots-for-men/
https://www.bobvila.com/articles/best-4-slice-toaster/;https://www.bobvila.com/articles/best-2-slice-toaster/
https://www.bobvila.com/articles/8462-wood-countertops-a-buyer-s-guide/;https://www.bobvila.com/articles/butcher-block-countertop-pros-and-cons/
https://www.bobvila.com/articles/advantages-of-home-equity-loan/;https://www.bobvila.com/articles/how-does-a-home-equity-loan-work/
https://www.bobvila.com/articles/what-is-homeowners-insurance/;https://www.bobvila.com/articles/what-does-homeowners-insurance-cover/
https://www.bobvila.com/articles/is-renters-insurance-worth-it/;https://www.bobvila.com/articles/how-much-renters-insurance-do-i-need/
https://www.bobvila.com/articles/renters-liability-insurance/;https://www.bobvila.com/articles/what-does-renters-insurance-cover/
https://www.bobvila.com/articles/is-renters-insurance-required/;https://www.bobvila.com/articles/how-much-renters-insurance-do-i-need/
https://www.bobvila.com/articles/cash-out-refinance-vs-home-equity-loan/;https://www.bobvila.com/articles/types-of-home-improvement-loans/
https://www.bobvila.com/articles/what-is-adt/;https://www.bobvila.com/articles/adt-cost/
https://www.bobvila.com/articles/how-to-hire-chimney-sweep-near-me/;https://www.bobvila.com/articles/chimney-sweep-cost/
https://www.bobvila.com/articles/when-should-i-refinance-my-mortgage/;https://www.bobvila.com/articles/should-i-refinance-my-mortgage/
https://www.bobvila.com/articles/tax-credits-2021/;https://www.bobvila.com/articles/home-improvement-tax-credits/
https://www.bobvila.com/articles/genius-the-easy-cure-for-every-dark-hallway/;https://www.bobvila.com/slideshow/13-hallway-lighting-ideas-that-work-even-in-windowless-spaces-578735
https://www.bobvila.com/articles/best-time-to-list-a-house-2022/;https://www.bobvila.com/slideshow/ready-to-sell-17-things-to-do-first-49959
https://www.bobvila.com/articles/barn-owls-to-control-rodents/;https://www.bobvila.com/articles/how-to-attract-owls/
https://www.bobvila.com/articles/home-backup-generators/;https://www.bobvila.com/articles/whole-house-generator-installation/
https://www.bobvila.com/articles/web-stories/best-electric-mowers/;https://www.bobvila.com/articles/best-electric-mowers/
https://www.bobvila.com/articles/curb-appeal-vs-backyard-appeal/;https://www.bobvila.com/slideshow/8-landscaping-features-that-buyers-love-579517
https://www.bobvila.com/articles/pet-proof-your-yard/;https://www.bobvila.com/articles/hacks-for-pet-owners/
https://www.bobvila.com/articles/best-way-to-kill-weeds/;https://www.bobvila.com/articles/best-weed-torch/
https://www.bobvila.com/articles/beadboard-diy/;https://www.bobvila.com/articles/how-to-install-beadboard/
https://www.bobvila.com/articles/68-house-style-georgian-colonial/;https://www.bobvila.com/articles/339-know-your-house-styles/
https://www.bobvila.com/articles/626-the-federal-house/;https://www.bobvila.com/articles/339-know-your-house-styles/
https://www.bobvila.com/articles/386-care-and-repair-of-outdoor-furniture/;https://www.bobvila.com/slideshow/the-dos-and-don-ts-of-cleaning-patio-furniture-52874
https://www.bobvila.com/articles/262-optimize-your-attic-storage/;https://www.bobvila.com/articles/attic-storage/
https://www.bobvila.com/articles/fertilizing-grass/;https://www.bobvila.com/articles/homemade-fertilizer-for-lawns/
https://www.bobvila.com/articles/539-use-windows-to-beat-the-heat/;https://www.bobvila.com/articles/why-it-matters-which-direction-your-home-faces/
https://www.bobvila.com/articles/make-any-room-a-bedroom-with-a-murphy-bed/;https://www.bobvila.com/articles/best-murphy-bed/
https://www.bobvila.com/articles/wood-shingles-and-shakes/;https://www.bobvila.com/articles/types-of-shingles/
https://www.bobvila.com/articles/web-stories/corral-garden-veggies/;https://www.bobvila.com/articles/corral-garden-veggies/
https://www.bobvila.com/articles/43-drywall-101/;https://www.bobvila.com/articles/1014-quick-tip-installing-drywall/
https://www.bobvila.com/articles/diy-farm-table-projects/;https://www.bobvila.com/slideshow/made-from-scratch-25-diy-dining-tables-52600
https://www.bobvila.com/articles/kitchen-cabinet-refacing/;https://www.bobvila.com/articles/kitchen-cabinet-refacing-vs-replacing/
https://www.bobvila.com/articles/how-to-repot-a-plant/;https://www.bobvila.com/articles/when-to-repot-a-plant/
https://www.bobvila.com/articles/electric-lawn-mower-pros-and-cons/;https://www.bobvila.com/articles/gas-vs-electric-lawn-mowers/
https://www.bobvila.com/articles/prevent-toolbox-rust/;https://www.bobvila.com/articles/how-to-prevent-rust-and-maintain-metal/
https://www.bobvila.com/articles/uses-for-milk-crates/;https://www.bobvila.com/slideshow/8-new-ways-to-use-old-wooden-crates-47760
https://www.bobvila.com/articles/fertilizer-prices-2022/;https://www.bobvila.com/articles/best-garden-fertilizer/
https://www.bobvila.com/articles/vertical-gardens/;https://www.bobvila.com/slideshow/growing-up-14-inventive-diy-vertical-gardens-47547
https://www.bobvila.com/articles/diy-projects-without-full-workshop/;https://www.bobvila.com/slideshow/bob-vila-s-best-diy-projects-for-beginners-49276
https://www.bobvila.com/articles/diy-desk-thumbs-up/;https://www.bobvila.com/slideshow/15-easy-designs-for-a-diy-desk-48527
https://www.bobvila.com/articles/best-time-to-lay-sod/;https://www.bobvila.com/articles/laying-sod/
https://www.bobvila.com/articles/pumpkin-carving-101/;https://www.bobvila.com/slideshow/12-brilliant-hacks-for-your-best-ever-halloween-pumpkin-50506
https://www.bobvila.com/articles/millennials-regret-buying-homes/;https://www.bobvila.com/slideshow/10-things-real-people-regret-about-buying-a-home-52317
https://www.bobvila.com/articles/how-to-cut-down-a-small-tree/;https://www.bobvila.com/articles/felling-a-tree/
https://www.bobvila.com/articles/subscription-boxes-for-diyers/;https://www.bobvila.com/articles/best-tool-subscription-boxes/
https://www.bobvila.com/articles/how-to-sharpen-a-kitchen-knife/;https://www.bobvila.com/articles/best-knife-sharpeners/
https://www.bobvila.com/articles/ode-to-architectural-cornices/;https://www.bobvila.com/slideshow/17-parts-of-your-home-you-never-knew-had-names-50509
https://www.bobvila.com/articles/diy-nightstand/;https://www.bobvila.com/slideshow/8-nightstands-you-don-t-need-to-buy-48208
https://www.bobvila.com/articles/2126-basic-grinding-101/;https://www.bobvila.com/articles/1005-sharpening-chisels/
https://www.bobvila.com/articles/409-flipping-remodeling-for-resale/;https://www.bobvila.com/slideshow/a-flipper-s-top-10-tips-for-increasing-home-value-52939
https://www.bobvila.com/articles/all-cash-offers-win-bidding-wars/;https://www.bobvila.com/articles/buying-a-house-with-cash/
https://www.bobvila.com/articles/coiled-garden-hoses/;https://www.bobvila.com/articles/best-expandable-hose/
https://www.bobvila.com/articles/for-sale-by-owner-success/;https://www.bobvila.com/slideshow/10-things-to-know-about-being-your-own-real-estate-agent-49977
https://www.bobvila.com/articles/heres-how-to-keep-your-cleaning-tools-free-from-bacteria/;https://www.bobvila.com/slideshow/how-to-clean-your-cleaning-tools-48385
https://www.bobvila.com/articles/how-to-choose-a-stove/;https://www.bobvila.com/articles/gas-vs-electric-stove/
https://www.bobvila.com/articles/scientists-predict-a-terrible-tick-season/;https://www.bobvila.com/articles/when-is-tick-season/
https://www.bobvila.com/articles/how-to-restore-brass-hardware/;https://www.bobvila.com/articles/how-to-clean-brass/
https://www.bobvila.com/articles/web-stories/what-you-should-do-with-grass-clippings/;https://www.bobvila.com/articles/what-to-do-with-grass-clippings/
https://www.bobvila.com/articles/buy-seeds/;https://www.bobvila.com/slideshow/set-up-your-garden-for-success-by-ordering-online-from-these-seed-companies-579584
https://www.bobvila.com/articles/etsy-home/;https://www.bobvila.com/slideshow/editors-picks-8-favorite-etsy-stores-for-one-of-a-kind-furniture-50435
https://www.bobvila.com/articles/should-i-refinance-my-home/;https://www.bobvila.com/articles/should-i-refinance-my-mortgage/
https://www.bobvila.com/articles/1042-how-to-finish-seamless-drywall/;https://www.bobvila.com/articles/how-to-finish-drywall-joints/
https://www.bobvila.com/articles/2039-the-italianate-house/;https://www.bobvila.com/articles/339-know-your-house-styles/
https://www.bobvila.com/articles/tubular-skylights/;https://www.bobvila.com/articles/tubular-skylights-101/
https://www.bobvila.com/articles/diy-trends-according-to-michaels/;https://www.bobvila.com/articles/trends-to-leave-behind/
https://www.bobvila.com/articles/uses-for-ice/;https://www.bobvila.com/slideshow/13-unusual-household-uses-for-ice-cubes-50865
https://www.bobvila.com/articles/apartment-pest-control/;https://www.bobvila.com/articles/diy-pest-free-home/
https://www.bobvila.com/articles/diy-kitchen-storage/;https://www.bobvila.com/articles/kitchen-storage-hacks/
https://www.bobvila.com/articles/kitchen-cabinet-hardware/;https://www.bobvila.com/articles/best-cabinet-hardware/
https://www.bobvila.com/articles/interior-architectural-details-to-add-charm/;https://www.bobvila.com/slideshow/18-ways-to-make-your-new-house-look-old-47963
https://www.bobvila.com/articles/diapers-for-gardening/;https://www.bobvila.com/slideshow/19-zero-dollar-garden-hacks-48855
https://www.bobvila.com/articles/reorganize-your-kitchen/;https://www.bobvila.com/slideshow/21-brilliant-hacks-for-an-organized-kitchen-50213
https://www.bobvila.com/articles/90-evaluate-the-home-systems/;https://www.bobvila.com/articles/home-inspection-checklist/
https://www.bobvila.com/articles/diy-christmas-ornaments/;https://www.bobvila.com/slideshow/50-insanely-easy-to-make-holiday-ornaments-46510
https://www.bobvila.com/articles/2213-landscaping-ideas/;https://www.bobvila.com/articles/backyard-landscaping-ideas/
https://www.bobvila.com/articles/diy-platform-bed/;https://www.bobvila.com/slideshow/sweet-dreams-15-inventive-beds-you-can-make-yourself-45808
https://www.bobvila.com/articles/appliance-shortage/;https://www.bobvila.com/articles/best-time-to-buy-appliances/
https://www.bobvila.com/articles/diy-garden-furniture/;https://www.bobvila.com/slideshow/15-doable-designs-for-diy-outdoor-furniture-52116
https://www.bobvila.com/articles/27473-5-smart-home-improvements-think-again/;https://www.bobvila.com/slideshow/10-remodeling-mistakes-that-will-reduce-your-home-s-marketability-577425
https://www.bobvila.com/articles/493-the-basics-of-paint-selection/;https://www.bobvila.com/articles/types-of-paint/
https://www.bobvila.com/articles/mudroom-design/;https://www.bobvila.com/slideshow/17-design-inspirations-for-mudrooms-and-entryways-14692
https://www.bobvila.com/articles/fertilizer-spikes/;https://www.bobvila.com/articles/best-garden-fertilizer/
https://www.bobvila.com/articles/downton-abbey-paint-colors/;https://www.bobvila.com/articles/2240-historic-paint-colors/
https://www.bobvila.com/articles/cleaning-storm-windows-bob-vila-radio/;https://www.bobvila.com/articles/how-to-clean-windows/
https://www.bobvila.com/articles/diy-citronella-candle/;https://www.bobvila.com/articles/best-candle-making-kit/
https://www.bobvila.com/articles/lattice-diy-projects/;https://www.bobvila.com/slideshow/16-insanely-clever-ways-to-reuse-household-junk-51388
https://www.bobvila.com/articles/541-wallpaper-basics/;https://www.bobvila.com/articles/best-wallpaper/
https://www.bobvila.com/articles/deck-safety-tips/;https://www.bobvila.com/articles/deck-safety-tips-everyone-should-know/
https://www.bobvila.com/articles/anatomy-of-an-adirondack-chair/;https://www.bobvila.com/articles/best-adirondack-chairs/
https://www.bobvila.com/articles/baluster-diy-projects/;https://www.bobvila.com/slideshow/trash-to-treasure-14-creative-ways-to-make-good-use-of-old-stuff-45831
https://www.bobvila.com/articles/uses-of-olive-oil/;https://www.bobvila.com/slideshow/14-things-to-do-with-olive-oil-besides-cook-52513
https://www.bobvila.com/articles/2032-fireproof-your-workshop/;https://www.bobvila.com/articles/fire-safety/
https://www.bobvila.com/articles/make-a-straw-bale-planter/;https://www.bobvila.com/articles/straw-bale-diy/
https://www.bobvila.com/articles/slate-brick-walkway/;https://www.bobvila.com/articles/bluestone-walkway/
https://www.bobvila.com/articles/home-staging-cant-hide-these-problems/;https://www.bobvila.com/slideshow/13-simple-home-staging-tips-every-seller-should-know-42537
https://www.bobvila.com/articles/does-pressure-washing-ruin-landscaping/;https://www.bobvila.com/articles/the-dos-and-donts-of-pressure-washing/
https://www.bobvila.com/articles/outdoor-kitchen-kits/;https://www.bobvila.com/slideshow/9-pro-tips-for-building-an-outdoor-kitchen-52976
https://www.bobvila.com/articles/a-frame-remodel-homewood/;https://www.bobvila.com/slideshow/10-a-frame-homes-that-deserve-a-45803
https://www.bobvila.com/articles/1093-architectural-salvage/;https://www.bobvila.com/articles/home-inspection-checklist/
https://www.bobvila.com/articles/paint-primer-tips/;https://www.bobvila.com/slideshow/8-times-to-never-ever-skip-paint-primer-52821
https://www.bobvila.com/articles/diy-wood-clamps/;https://www.bobvila.com/slideshow/get-a-grip-8-clamps-to-help-you-handle-any-project-46671
https://www.bobvila.com/articles/flocking-hack-update-old-holiday-decor/;https://www.bobvila.com/slideshow/15-insanely-easy-ways-to-decorate-for-the-holidays-49598
https://www.bobvila.com/articles/mosaic-tile-countertop/;https://www.bobvila.com/articles/284-diy-tile-mosaic/
https://www.bobvila.com/articles/air-leak-detection/;https://www.bobvila.com/articles/air-leak-test/
https://www.bobvila.com/articles/maine-heritage-timber/;https://www.bobvila.com/slideshow/15-ways-to-use-salvaged-wood-in-your-home-13311
https://www.bobvila.com/articles/diy-grill/;https://www.bobvila.com/slideshow/the-top-8-ways-to-hack-your-grill-50307
https://www.bobvila.com/articles/ball-peen-hammers/;https://www.bobvila.com/articles/1092-types-of-hammers/
https://www.bobvila.com/articles/87-quick-tip-why-home-staging-pays/;https://www.bobvila.com/articles/best-home-staging-companies/
https://www.bobvila.com/articles/my-workbench-today/;https://www.bobvila.com/articles/diy-workbenches/
https://www.bobvila.com/articles/625-the-spanish-colonial-house/;https://www.bobvila.com/articles/339-know-your-house-styles/
https://www.bobvila.com/articles/creating-privacy-and-beauty-with-hedgerows/;https://www.bobvila.com/articles/best-trees-for-privacy/
https://www.bobvila.com/articles/1028-the-backsaw/;https://www.bobvila.com/articles/best-back-saw/
https://www.bobvila.com/articles/1448-how-to-choose-the-right-saw-for-the-job/;https://www.bobvila.com/articles/types-of-saws/
https://www.bobvila.com/articles/ask-this-before-building-or-remodeling/;https://www.bobvila.com/articles/2161-radiant-floor-heating-101/
https://www.bobvila.com/articles/genius-diy-noise-reduction/;https://www.bobvila.com/slideshow/shhh-11-diys-for-a-soundproofed-home-47893
https://www.bobvila.com/articles/solutions-for-icy-surfaces/;https://www.bobvila.com/slideshow/10-surprising-tips-and-tricks-for-dealing-with-ice-and-snow-49648
https://www.bobvila.com/articles/diy-reclaimed-barn-door-headboard/;https://www.bobvila.com/slideshow/make-your-bed-16-easy-diy-headboards-44410
https://www.bobvila.com/articles/choosing-custom-window-treatments/;https://www.bobvila.com/slideshow/13-diy-window-treatments-to-dress-up-your-space-47507
https://www.bobvila.com/articles/diy-coasters/;https://www.bobvila.com/slideshow/bob-vila-s-best-diy-projects-for-beginners-49276
https://www.bobvila.com/articles/backyard-pond/;https://www.bobvila.com/articles/backyard-ponds-planning-guide/
https://www.bobvila.com/articles/retro-formica/;https://www.bobvila.com/articles/25541-laminate-countertops-a-buyer-s-guide/
https://www.bobvila.com/articles/335-picking-the-right-garage-door/;https://www.bobvila.com/articles/how-to-choose-a-garage-door/
https://www.bobvila.com/articles/painted-floors/;https://www.bobvila.com/articles/how-to-paint-a-wood-floor/