https://s3.amazonaws.com/the-drive-staging/message-editor%2F1546996882910-hvps.jpg;https://www.twz.com/wp-content/uploads/message-editor/1546996882910-hvps.jpg
https://s3.amazonaws.com/the-drive-staging/message-editor%2F1546996984863-hvp-render.jpg;https://www.twz.com/wp-content/uploads/message-editor/1546996984863-hvp-render.jpg
https://s3.amazonaws.com/the-drive-staging/message-editor%2F1546995796695-mission-set.jpg;https://www.twz.com/wp-content/uploads/message-editor/1546995796695-mission-set.jpg
https://s3.amazonaws.com/the-drive-staging/message-editor%2F1547056895425-conn.jpg;https://www.twz.com/wp-content/uploads/message-editor/1547056895425-conn.jpg
https://s3.amazonaws.com/the-drive-staging/message-editor%2F1547057168539-trident.jpg;https://www.twz.com/wp-content/uploads/message-editor/1547057168539-trident.jpg
https://s3.amazonaws.com/the-drive-staging/message-editor%2F1547057287367-star.jpg;https://www.twz.com/wp-content/uploads/message-editor/1547057287367-star.jpg
https://s3.amazonaws.com/the-drive-staging/message-editor%2F1547057363379-healy.jpg;https://www.twz.com/wp-content/uploads/message-editor/1547057363379-healy.jpg
https://s3.amazonaws.com/the-drive-staging/message-editor%2F1547058397254-25034881934_b633f4930a_o.jpg;https://www.twz.com/wp-content/uploads/message-editor/1547058397254-25034881934_b633f4930a_o.jpg
https://s3.amazonaws.com/the-drive-staging/message-editor%2F1547057944685-spetsnaz.jpg;https://www.twz.com/wp-content/uploads/message-editor/1547057944685-spetsnaz.jpg
https://s3.amazonaws.com/the-drive-staging/message-editor%2F1547076485168-pavn.jpg;https://www.twz.com/wp-content/uploads/message-editor/1547076485168-pavn.jpg
https://s3.amazonaws.com/the-drive-staging/message-editor%2F1547105858738-z.jpeg;https://www.twz.com/wp-content/uploads/message-editor/1547105858738-z.jpeg
https://s3.amazonaws.com/the-drive-staging/message-editor%2F1547105887255-zzz.jpeg;https://www.twz.com/wp-content/uploads/message-editor/1547105887255-zzz.jpeg
https://s3.amazonaws.com/the-drive-staging/message-editor%2F1547105902006-zzzz.jpeg;https://www.twz.com/wp-content/uploads/message-editor/1547105902006-zzzz.jpeg
https://s3.amazonaws.com/the-drive-staging/message-editor%2F1547160991699-range-rings.jpg;https://www.twz.com/wp-content/uploads/message-editor/1547160991699-range-rings.jpg
https://s3.amazonaws.com/the-drive-staging/message-editor%2F1547161424332-target.jpg;https://www.twz.com/wp-content/uploads/message-editor/1547161424332-target.jpg
https://s3.amazonaws.com/the-drive-staging/message-editor%2F1547228300565-44362022875_c9f1d646dd_o.jpg;https://www.twz.com/wp-content/uploads/message-editor/1547228300565-44362022875_c9f1d646dd_o.jpg
https://s3.amazonaws.com/the-drive-staging/message-editor%2F1547230746278-ch-147-dircm.jpg;https://www.twz.com/wp-content/uploads/message-editor/1547230746278-ch-147-dircm.jpg
https://s3.amazonaws.com/the-drive-staging/message-editor%2F1547228798375-ch-47f.jpg;https://www.twz.com/wp-content/uploads/message-editor/1547228798375-ch-47f.jpg
https://s3.amazonaws.com/the-drive-staging/message-editor%2F1547229617461-43784435981_762c8600c7_o.jpg;https://www.twz.com/wp-content/uploads/message-editor/1547229617461-43784435981_762c8600c7_o.jpg
https://s3.amazonaws.com/the-drive-staging/message-editor%2F1547490940009-muf.jpg;https://www.twz.com/wp-content/uploads/message-editor/1547490940009-muf.jpg
https://s3.amazonaws.com/the-drive-staging/message-editor%2F1547635702604-gh222.jpg;https://www.twz.com/wp-content/uploads/message-editor/1547635702604-gh222.jpg
https://s3.amazonaws.com/the-drive-staging/message-editor%2F1547650426813-map.jpg;https://www.twz.com/wp-content/uploads/message-editor/1547650426813-map.jpg
https://s3.amazonaws.com/the-drive-staging/message-editor%2F1547756139104-ddadv.jpeg;https://www.twz.com/wp-content/uploads/message-editor/1547756139104-ddadv.jpeg
https://s3.amazonaws.com/the-drive-staging/message-editor%2F1547756069772-jdjjdc.jpg;https://www.twz.com/wp-content/uploads/message-editor/1547756069772-jdjjdc.jpg
https://s3.amazonaws.com/the-drive-staging/message-editor%2F1547777158433-c-32.jpg;https://www.twz.com/wp-content/uploads/message-editor/1547777158433-c-32.jpg
https://s3.amazonaws.com/the-drive-staging/message-editor%2F1548118497492-iron-dome.jpg;https://www.twz.com/wp-content/uploads/message-editor/1548118497492-iron-dome.jpg
https://s3.amazonaws.com/the-drive-staging/message-editor%2F1548119447162-nasams.jpg;https://www.twz.com/wp-content/uploads/message-editor/1548119447162-nasams.jpg
https://s3.amazonaws.com/the-drive-staging/message-editor%2F1548120708778-patriot.jpg;https://www.twz.com/wp-content/uploads/message-editor/1548120708778-patriot.jpg
https://s3.amazonaws.com/the-drive-staging/message-editor%2F1548121143979-sentinel.jpg;https://www.twz.com/wp-content/uploads/message-editor/1548121143979-sentinel.jpg
https://s3.amazonaws.com/the-drive-staging/message-editor%2F1548181748663-su-34s.jpg;https://www.twz.com/wp-content/uploads/message-editor/1548181748663-su-34s.jpg
https://s3.amazonaws.com/the-drive-staging/message-editor%2F1548181505915-tu-22-3.jpg;https://www.twz.com/wp-content/uploads/message-editor/1548181505915-tu-22-3.jpg
https://s3.amazonaws.com/the-drive-staging/message-editor%2F1548188611301-arrow.jpg;https://www.twz.com/wp-content/uploads/message-editor/1548188611301-arrow.jpg
https://s3.amazonaws.com/the-drive-staging/message-editor%2F1548205816418-ddcac.jpg;https://www.twz.com/wp-content/uploads/message-editor/1548205816418-ddcac.jpg
https://s3.amazonaws.com/the-drive-staging/message-editor%2F1548205429335-44452.jpg;https://www.twz.com/wp-content/uploads/message-editor/1548205429335-44452.jpg
https://s3.amazonaws.com/the-drive-staging/message-editor%2F1548207041020-fffcv.jpg;https://www.twz.com/wp-content/uploads/message-editor/1548207041020-fffcv.jpg
https://s3.amazonaws.com/the-drive-staging/message-editor%2F1548207688382-fafaft56.jpg;https://www.twz.com/wp-content/uploads/message-editor/1548207688382-fafaft56.jpg
https://s3.amazonaws.com/the-drive-staging/message-editor%2F1548209065919-mpx.jpg;https://www.twz.com/wp-content/uploads/message-editor/1548209065919-mpx.jpg
https://s3.amazonaws.com/the-drive-staging/message-editor%2F1548209306465-copperhead.jpg;https://www.twz.com/wp-content/uploads/message-editor/1548209306465-copperhead.jpg
https://s3.amazonaws.com/the-drive-staging/message-editor%2F1548209869261-micro.jpg;https://www.twz.com/wp-content/uploads/message-editor/1548209869261-micro.jpg
https://s3.amazonaws.com/the-drive-staging/message-editor%2F1548209933813-scw-9.jpg;https://www.twz.com/wp-content/uploads/message-editor/1548209933813-scw-9.jpg
https://s3.amazonaws.com/the-drive-staging/message-editor%2F1548328829397-dadcvv.jpg;https://www.twz.com/wp-content/uploads/message-editor/1548328829397-dadcvv.jpg
https://s3.amazonaws.com/the-drive-staging/message-editor%2F1548329227027-98.jpeg;https://www.twz.com/wp-content/uploads/message-editor/1548329227027-98.jpeg
https://s3.amazonaws.com/the-drive-staging/message-editor%2F1548328737258-dadda1.jpg;https://www.twz.com/wp-content/uploads/message-editor/1548328737258-dadda1.jpg
https://s3.amazonaws.com/the-drive-staging/message-editor%2F1548355924424-conop.jpg;https://www.twz.com/wp-content/uploads/message-editor/1548355924424-conop.jpg
https://s3.amazonaws.com/the-drive-staging/message-editor%2F1548354749191-ml-1.jpg;https://www.twz.com/wp-content/uploads/message-editor/1548354749191-ml-1.jpg
https://s3.amazonaws.com/the-drive-staging/message-editor%2F1548355054127-arctic-eagle.jpg;https://www.twz.com/wp-content/uploads/message-editor/1548355054127-arctic-eagle.jpg
https://s3.amazonaws.com/the-drive-staging/message-editor%2F1548355784282-waste.jpg;https://www.twz.com/wp-content/uploads/message-editor/1548355784282-waste.jpg
https://s3.amazonaws.com/the-drive-staging/message-editor%2F1548463570800-shabayev.jpg;https://www.twz.com/wp-content/uploads/message-editor/1548463570800-shabayev.jpg
https://s3.amazonaws.com/the-drive-staging/message-editor%2F1548468573294-ap_19025544609029.jpg;https://www.twz.com/wp-content/uploads/message-editor/1548468573294-ap_19025544609029.jpg
https://s3.amazonaws.com/the-drive-staging/message-editor%2F1548541623494-1685724_original-min-1140x570.jpg;https://www.twz.com/wp-content/uploads/message-editor/1548541623494-1685724_original-min-1140x570.jpg
https://s3.amazonaws.com/the-drive-staging/message-editor%2F1548542598618-5b75984804f16238008b518d-750-375.jpg;https://www.twz.com/wp-content/uploads/message-editor/1548542598618-5b75984804f16238008b518d-750-375.jpg
https://s3.amazonaws.com/the-drive-staging/message-editor%2F1548631725487-20170831raaf8558864_087.jpg;https://www.twz.com/wp-content/uploads/message-editor/1548631725487-20170831raaf8558864_087.jpg
https://s3.amazonaws.com/the-drive-staging/message-editor%2F1548703668120-zumwalt-2.jpg;https://www.twz.com/wp-content/uploads/message-editor/1548703668120-zumwalt-2.jpg
https://s3.amazonaws.com/the-drive-staging/message-editor%2F1548700756655-jc.jpg;https://www.twz.com/wp-content/uploads/message-editor/1548700756655-jc.jpg
https://s3.amazonaws.com/the-drive-staging/message-editor%2F1548700941833-5057779.jpg;https://www.twz.com/wp-content/uploads/message-editor/1548700941833-5057779.jpg
https://s3.amazonaws.com/the-drive-staging/message-editor%2F1548703802274-zumwalt.jpg;https://www.twz.com/wp-content/uploads/message-editor/1548703802274-zumwalt.jpg
https://s3.amazonaws.com/the-drive-staging/message-editor%2F1548701336847-lcs-1.jpg;https://www.twz.com/wp-content/uploads/message-editor/1548701336847-lcs-1.jpg
https://s3.amazonaws.com/the-drive-staging/message-editor%2F1548699774954-38.jpg;https://www.twz.com/wp-content/uploads/message-editor/1548699774954-38.jpg
https://s3.amazonaws.com/the-drive-staging/message-editor%2F1548700035733-150kw.jpg;https://www.twz.com/wp-content/uploads/message-editor/1548700035733-150kw.jpg
https://s3.amazonaws.com/the-drive-staging/message-editor%2F1548716531890-vn18.jpg;https://www.twz.com/wp-content/uploads/message-editor/1548716531890-vn18.jpg
https://s3.amazonaws.com/the-drive-staging/message-editor%2F1548715733826-t-72b1.jpg;https://www.twz.com/wp-content/uploads/message-editor/1548715733826-t-72b1.jpg
https://s3.amazonaws.com/the-drive-staging/message-editor%2F1548715802221-bmp-3.jpg;https://www.twz.com/wp-content/uploads/message-editor/1548715802221-bmp-3.jpg
https://s3.amazonaws.com/the-drive-staging/message-editor%2F1548715820762-bmp-3-2.jpg;https://www.twz.com/wp-content/uploads/message-editor/1548715820762-bmp-3-2.jpg
https://s3.amazonaws.com/the-drive-staging/message-editor%2F1548715844340-btr-82.jpg;https://www.twz.com/wp-content/uploads/message-editor/1548715844340-btr-82.jpg
https://s3.amazonaws.com/the-drive-staging/message-editor%2F1548716105687-running.jpg;https://www.twz.com/wp-content/uploads/message-editor/1548716105687-running.jpg
https://s3.amazonaws.com/the-drive-staging/message-editor%2F1548746314795-adadaddaadad.jpeg;https://www.twz.com/wp-content/uploads/message-editor/1548746314795-adadaddaadad.jpeg
https://s3.amazonaws.com/the-drive-staging/message-editor%2F1548746850558-device_assembly_facility.jpg;https://www.twz.com/wp-content/uploads/message-editor/1548746850558-device_assembly_facility.jpg
https://s3.amazonaws.com/the-drive-staging/message-editor%2F1548791261371-designs.jpg;https://www.twz.com/wp-content/uploads/message-editor/1548791261371-designs.jpg
https://s3.amazonaws.com/the-drive-staging/message-editor%2F1548791578990-capabilities.jpg;https://www.twz.com/wp-content/uploads/message-editor/1548791578990-capabilities.jpg
https://s3.amazonaws.com/the-drive-staging/message-editor%2F1548792657141-ddg.jpg;https://www.twz.com/wp-content/uploads/message-editor/1548792657141-ddg.jpg
https://s3.amazonaws.com/the-drive-staging/message-editor%2F1548793926849-sewip-iii.jpg;https://www.twz.com/wp-content/uploads/message-editor/1548793926849-sewip-iii.jpg
https://s3.amazonaws.com/the-drive-staging/message-editor%2F1548794551261-sea-hunter.jpg;https://www.twz.com/wp-content/uploads/message-editor/1548794551261-sea-hunter.jpg
https://s3.amazonaws.com/the-drive-staging/message-editor%2F1548800073215-lm.jpg;https://www.twz.com/wp-content/uploads/message-editor/1548800073215-lm.jpg
https://s3.amazonaws.com/the-drive-staging/message-editor%2F1548800299669-fremm.jpg;https://www.twz.com/wp-content/uploads/message-editor/1548800299669-fremm.jpg
https://s3.amazonaws.com/the-drive-staging/message-editor%2F1548795664821-patrol-frigate.jpg;https://www.twz.com/wp-content/uploads/message-editor/1548795664821-patrol-frigate.jpg
https://s3.amazonaws.com/the-drive-staging/message-editor%2F1548795946160-austal-shipyard.jpg;https://www.twz.com/wp-content/uploads/message-editor/1548795946160-austal-shipyard.jpg
https://s3.amazonaws.com/the-drive-staging/message-editor%2F1548796081296-sank.jpg;https://www.twz.com/wp-content/uploads/message-editor/1548796081296-sank.jpg
https://s3.amazonaws.com/the-drive-staging/message-editor%2F1548796202828-ffgx-timeline.jpg;https://www.twz.com/wp-content/uploads/message-editor/1548796202828-ffgx-timeline.jpg
https://s3.amazonaws.com/the-drive-staging/message-editor%2F1548903735418-800px-sleeve_insignia_24th_submarine_division.svg.png;https://www.twz.com/wp-content/uploads/message-editor/1548903735418-800px-sleeve_insignia_24th_submarine_division.svg.png
https://s3.amazonaws.com/the-drive-staging/message-editor%2F1548984770385-tops.jpg;https://www.twz.com/wp-content/uploads/message-editor/1548984770385-tops.jpg
https://s3.amazonaws.com/the-drive-staging/message-editor%2F1548984996194-t-6.jpg;https://www.twz.com/wp-content/uploads/message-editor/1548984996194-t-6.jpg
https://s3.amazonaws.com/the-drive-staging/message-editor%2F1548984660561-81.jpg;https://www.twz.com/wp-content/uploads/message-editor/1548984660561-81.jpg
https://s3.amazonaws.com/the-drive-staging/message-editor%2F1548986101822-skyraider.jpg;https://www.twz.com/wp-content/uploads/message-editor/1548986101822-skyraider.jpg
https://s3.amazonaws.com/the-drive-staging/message-editor%2F1549035672447-apaches.jpg;https://www.twz.com/wp-content/uploads/message-editor/1549035672447-apaches.jpg
https://s3.amazonaws.com/the-drive-staging/message-editor%2F1548986622363-colombia.jpg;https://www.twz.com/wp-content/uploads/message-editor/1548986622363-colombia.jpg
https://s3.amazonaws.com/the-drive-staging/message-editor%2F1548986915728-at-802l.jpg;https://www.twz.com/wp-content/uploads/message-editor/1548986915728-at-802l.jpg
https://s3.amazonaws.com/the-drive-staging/message-editor%2F1548984356806-ddvvv.jpg;https://www.twz.com/wp-content/uploads/message-editor/1548984356806-ddvvv.jpg
https://s3.amazonaws.com/the-drive-staging/message-editor%2F1548988587655-adv7.jpg;https://www.twz.com/wp-content/uploads/message-editor/1548988587655-adv7.jpg
https://s3.amazonaws.com/the-drive-staging/message-editor%2F1548985074011-image.jpeg;https://www.twz.com/wp-content/uploads/message-editor/1548985074011-image.jpeg
https://s3.amazonaws.com/the-drive-staging/message-editor%2F1548985645699-adsasdadad.jpg;https://www.twz.com/wp-content/uploads/message-editor/1548985645699-adsasdadad.jpg
https://s3.amazonaws.com/the-drive-staging/message-editor%2F1548987087908-dadvvvbb.jpeg;https://www.twz.com/wp-content/uploads/message-editor/1548987087908-dadvvvbb.jpeg
https://s3.amazonaws.com/the-drive-staging/message-editor%2F1549150089646-35001232273_842ef3ab18_o.jpg;https://www.twz.com/wp-content/uploads/message-editor/1549150089646-35001232273_842ef3ab18_o.jpg
https://s3.amazonaws.com/the-drive-staging/message-editor%2F1549155299477-dsqbwaoxgaa-xhn.jpg;https://www.twz.com/wp-content/uploads/message-editor/1549155299477-dsqbwaoxgaa-xhn.jpg
https://s3.amazonaws.com/the-drive-staging/message-editor%2F1549152278678-142122-a-4b-ddmmm67-va-44-ad-475.jpg;https://www.twz.com/wp-content/uploads/message-editor/1549152278678-142122-a-4b-ddmmm67-va-44-ad-475.jpg
https://s3.amazonaws.com/the-drive-staging/message-editor%2F1549154935369-20130906041907-bb010083-la.jpg;https://www.twz.com/wp-content/uploads/message-editor/1549154935369-20130906041907-bb010083-la.jpg
https://s3.amazonaws.com/the-drive-staging/message-editor%2F1549153039417-a-4b_with_mk_7_bomb_on_cat_uss_saratoga.jpg;https://www.twz.com/wp-content/uploads/message-editor/1549153039417-a-4b_with_mk_7_bomb_on_cat_uss_saratoga.jpg
https://s3.amazonaws.com/the-drive-staging/message-editor%2F1549153232777-daddadvb.jpg;https://www.twz.com/wp-content/uploads/message-editor/1549153232777-daddadvb.jpg
https://s3.amazonaws.com/the-drive-staging/message-editor%2F1549238675758-51133923_322964368562301_7312179184330080256_n.jpg;https://www.twz.com/wp-content/uploads/message-editor/1549238675758-51133923_322964368562301_7312179184330080256_n.jpg
https://s3.amazonaws.com/the-drive-staging/message-editor%2F1549231291762-51193487_319951241975615_1688178999257202688_n.jpg;https://www.twz.com/wp-content/uploads/message-editor/1549231291762-51193487_319951241975615_1688178999257202688_n.jpg
https://s3.amazonaws.com/the-drive-staging/message-editor%2F1549230813308-adadddvv.jpg;https://www.twz.com/wp-content/uploads/message-editor/1549230813308-adadddvv.jpg
https://s3.amazonaws.com/the-drive-staging/message-editor%2F1549303975303-sea-hunter.jpg;https://www.twz.com/wp-content/uploads/message-editor/1549303975303-sea-hunter.jpg
https://s3.amazonaws.com/the-drive-staging/message-editor%2F1549304062098-sea-hunter-2.jpg;https://www.twz.com/wp-content/uploads/message-editor/1549304062098-sea-hunter-2.jpg
https://s3.amazonaws.com/the-drive-staging/message-editor%2F1549346223453-p_8_and_p_3_over_pax_river.jpg;https://www.twz.com/wp-content/uploads/message-editor/1549346223453-p_8_and_p_3_over_pax_river.jpg
https://s3.amazonaws.com/the-drive-staging/message-editor%2F1549442607291-saddasvvv.jpg;https://www.twz.com/wp-content/uploads/message-editor/1549442607291-saddasvvv.jpg
https://s3.amazonaws.com/the-drive-staging/message-editor%2F1549411198378-cb61-2663atpasyroberthopkins.jpg;https://www.twz.com/wp-content/uploads/message-editor/1549411198378-cb61-2663atpasyroberthopkins.jpg
https://s3.amazonaws.com/the-drive-staging/message-editor%2F1549413903511-rc-135s_cobra_ball.jpg;https://www.twz.com/wp-content/uploads/message-editor/1549413903511-rc-135s_cobra_ball.jpg
https://s3.amazonaws.com/the-drive-staging/message-editor%2F1549413724531-cb_663.jpg;https://www.twz.com/wp-content/uploads/message-editor/1549413724531-cb_663.jpg
https://s3.amazonaws.com/the-drive-staging/message-editor%2F1549413846125-rc_135s_a.jpg;https://www.twz.com/wp-content/uploads/message-editor/1549413846125-rc_135s_a.jpg
https://s3.amazonaws.com/the-drive-staging/message-editor%2F1549408370392-contents.jpg;https://www.twz.com/wp-content/uploads/message-editor/1549408370392-contents.jpg
https://s3.amazonaws.com/the-drive-staging/message-editor%2F1549414370636-bh-sheet.jpg;https://www.twz.com/wp-content/uploads/message-editor/1549414370636-bh-sheet.jpg
https://s3.amazonaws.com/the-drive-staging/message-editor%2F1549408828838-pd-100.jpg;https://www.twz.com/wp-content/uploads/message-editor/1549408828838-pd-100.jpg
https://s3.amazonaws.com/the-drive-staging/message-editor%2F1549478104526-napkin.jpg;https://www.twz.com/wp-content/uploads/message-editor/1549478104526-napkin.jpg
https://s3.amazonaws.com/the-drive-staging/message-editor%2F1549482573662-construction-1.jpg;https://www.twz.com/wp-content/uploads/message-editor/1549482573662-construction-1.jpg
https://s3.amazonaws.com/the-drive-staging/message-editor%2F1549482596860-construction-2.jpg;https://www.twz.com/wp-content/uploads/message-editor/1549482596860-construction-2.jpg
https://s3.amazonaws.com/the-drive-staging/message-editor%2F1549478184170-have-foam.jpg;https://www.twz.com/wp-content/uploads/message-editor/1549478184170-have-foam.jpg
https://s3.amazonaws.com/the-drive-staging/message-editor%2F1549481579548-mig-17.jpg;https://www.twz.com/wp-content/uploads/message-editor/1549481579548-mig-17.jpg
https://s3.amazonaws.com/the-drive-staging/message-editor%2F1549481253018-hangar.jpg;https://www.twz.com/wp-content/uploads/message-editor/1549481253018-hangar.jpg
https://s3.amazonaws.com/the-drive-staging/message-editor%2F1549480723516-personnel.jpg;https://www.twz.com/wp-content/uploads/message-editor/1549480723516-personnel.jpg
https://s3.amazonaws.com/the-drive-staging/message-editor%2F1549482083958-f14s.jpg;https://www.twz.com/wp-content/uploads/message-editor/1549482083958-f14s.jpg
https://s3.amazonaws.com/the-drive-staging/message-editor%2F1549481441946-test.jpg;https://www.twz.com/wp-content/uploads/message-editor/1549481441946-test.jpg
https://s3.amazonaws.com/the-drive-staging/message-editor%2F1549482403181-red-eagle.jpg;https://www.twz.com/wp-content/uploads/message-editor/1549482403181-red-eagle.jpg
https://s3.amazonaws.com/the-drive-staging/message-editor%2F1549563724264-gun.jpg;https://www.twz.com/wp-content/uploads/message-editor/1549563724264-gun.jpg
https://s3.amazonaws.com/the-drive-staging/message-editor%2F1549564206619-ran.jpg;https://www.twz.com/wp-content/uploads/message-editor/1549564206619-ran.jpg
https://s3.amazonaws.com/the-drive-staging/message-editor%2F1549761074359-kkddkda.jpeg;https://www.twz.com/wp-content/uploads/message-editor/1549761074359-kkddkda.jpeg
https://s3.amazonaws.com/the-drive-staging/message-editor%2F1549669194511-benzs.jpg;https://www.twz.com/wp-content/uploads/message-editor/1549669194511-benzs.jpg
https://s3.amazonaws.com/the-drive-staging/message-editor%2F1549762119486-30674599367_080e9a1288_k.jpg;https://www.twz.com/wp-content/uploads/message-editor/1549762119486-30674599367_080e9a1288_k.jpg
https://s3.amazonaws.com/the-drive-staging/message-editor%2F1549762143065-44664972944_70a523c2a6_k.jpg;https://www.twz.com/wp-content/uploads/message-editor/1549762143065-44664972944_70a523c2a6_k.jpg
https://s3.amazonaws.com/the-drive-staging/message-editor%2F1549760648926-sadvg.jpg;https://www.twz.com/wp-content/uploads/message-editor/1549760648926-sadvg.jpg
https://s3.amazonaws.com/the-drive-staging/message-editor%2F1549759223450-kju-lavrov.jpg;https://www.twz.com/wp-content/uploads/message-editor/1549759223450-kju-lavrov.jpg
https://s3.amazonaws.com/the-drive-staging/message-editor%2F1549908650840-ocean.jpg;https://www.twz.com/wp-content/uploads/message-editor/1549908650840-ocean.jpg
https://s3.amazonaws.com/the-drive-staging/message-editor%2F1549908871640-irving.jpg;https://www.twz.com/wp-content/uploads/message-editor/1549908871640-irving.jpg
https://s3.amazonaws.com/the-drive-staging/message-editor%2F1549909374342-point.jpg;https://www.twz.com/wp-content/uploads/message-editor/1549909374342-point.jpg
https://s3.amazonaws.com/the-drive-staging/message-editor%2F1549910359950-task-force.jpg;https://www.twz.com/wp-content/uploads/message-editor/1549910359950-task-force.jpg
https://s3.amazonaws.com/the-drive-staging/message-editor%2F1549912506252-type23s.jpg;https://www.twz.com/wp-content/uploads/message-editor/1549912506252-type23s.jpg
https://s3.amazonaws.com/the-drive-staging/message-editor%2F1549998155499-protector.jpg;https://www.twz.com/wp-content/uploads/message-editor/1549998155499-protector.jpg
https://s3.amazonaws.com/the-drive-staging/message-editor%2F1549996845077-xq-58.jpg;https://www.twz.com/wp-content/uploads/message-editor/1549996845077-xq-58.jpg
https://s3.amazonaws.com/the-drive-staging/message-editor%2F1549997266223-tempest.jpg;https://www.twz.com/wp-content/uploads/message-editor/1549997266223-tempest.jpg
https://s3.amazonaws.com/the-drive-staging/message-editor%2F1550017883575-download36.jpeg;https://www.twz.com/wp-content/uploads/message-editor/1550017883575-download36.jpeg
https://s3.amazonaws.com/the-drive-staging/message-editor%2F1550013235310-reapers.jpg;https://www.twz.com/wp-content/uploads/message-editor/1550013235310-reapers.jpg
https://s3.amazonaws.com/the-drive-staging/message-editor%2F1550018180629-yourfile2.jpg;https://www.twz.com/wp-content/uploads/message-editor/1550018180629-yourfile2.jpg
https://s3.amazonaws.com/the-drive-staging/message-editor%2F1550089172315-mig-29upg.jpg;https://www.twz.com/wp-content/uploads/message-editor/1550089172315-mig-29upg.jpg
https://s3.amazonaws.com/the-drive-staging/message-editor%2F1550089256720-mig-29smt.jpg;https://www.twz.com/wp-content/uploads/message-editor/1550089256720-mig-29smt.jpg
https://s3.amazonaws.com/the-drive-staging/message-editor%2F1550089422057-tejas.jpg;https://www.twz.com/wp-content/uploads/message-editor/1550089422057-tejas.jpg
https://s3.amazonaws.com/the-drive-staging/message-editor%2F1550090072610-mig-27.jpg;https://www.twz.com/wp-content/uploads/message-editor/1550090072610-mig-27.jpg
https://s3.amazonaws.com/the-drive-staging/message-editor%2F1550137184162-sadv333.jpg;https://www.twz.com/wp-content/uploads/message-editor/1550137184162-sadv333.jpg
https://s3.amazonaws.com/the-drive-staging/message-editor%2F1550144994610-awardwinning-pilot-major-derek-maestro-omalley-climbs-into-a-fighter1.jpg;https://www.twz.com/wp-content/uploads/message-editor/1550144994610-awardwinning-pilot-major-derek-maestro-omalley-climbs-into-a-fighter1.jpg
https://s3.amazonaws.com/the-drive-staging/message-editor%2F1550139191694-fvvddvv.jpg;https://www.twz.com/wp-content/uploads/message-editor/1550139191694-fvvddvv.jpg
https://s3.amazonaws.com/the-drive-staging/message-editor%2F1550139989548-4444888.jpg;https://www.twz.com/wp-content/uploads/message-editor/1550139989548-4444888.jpg
https://s3.amazonaws.com/the-drive-staging/message-editor%2F1550143356748-df22222.jpg;https://www.twz.com/wp-content/uploads/message-editor/1550143356748-df22222.jpg
https://s3.amazonaws.com/the-drive-staging/message-editor%2F1550144352746-adsv222gg.jpg;https://www.twz.com/wp-content/uploads/message-editor/1550144352746-adsv222gg.jpg
https://s3.amazonaws.com/the-drive-staging/message-editor%2F1550275071408-adad666.jpg;https://www.twz.com/wp-content/uploads/message-editor/1550275071408-adad666.jpg
https://s3.amazonaws.com/the-drive-staging/message-editor%2F1550274580767-f14_gilespie.png;https://www.twz.com/wp-content/uploads/message-editor/1550274580767-f14_gilespie.png
https://s3.amazonaws.com/the-drive-staging/message-editor%2F1550366596290-51973084_2500461033301758_69725044544110592_o2.jpg;https://www.twz.com/wp-content/uploads/message-editor/1550366596290-51973084_2500461033301758_69725044544110592_o2.jpg
https://s3.amazonaws.com/the-drive-staging/message-editor%2F1550366014110-52532895_2500461203301741_4807907865702432768_o1.jpg;https://www.twz.com/wp-content/uploads/message-editor/1550366014110-52532895_2500461203301741_4807907865702432768_o1.jpg
https://s3.amazonaws.com/the-drive-staging/message-editor%2F1550366579346-52536832_2500461043301757_6313464288598032384_o1.jpg;https://www.twz.com/wp-content/uploads/message-editor/1550366579346-52536832_2500461043301757_6313464288598032384_o1.jpg
https://s3.amazonaws.com/the-drive-staging/message-editor%2F1550366249737-52144325_2500461329968395_4047733026933702656_o.jpg;https://www.twz.com/wp-content/uploads/message-editor/1550366249737-52144325_2500461329968395_4047733026933702656_o.jpg
https://s3.amazonaws.com/the-drive-staging/message-editor%2F1550366274601-52097288_2500461186635076_280033495491805184_o.jpg;https://www.twz.com/wp-content/uploads/message-editor/1550366274601-52097288_2500461186635076_280033495491805184_o.jpg
https://s3.amazonaws.com/the-drive-staging/message-editor%2F1550366286855-52038557_2500461273301734_3194743940603445248_o.jpg;https://www.twz.com/wp-content/uploads/message-editor/1550366286855-52038557_2500461273301734_3194743940603445248_o.jpg
https://s3.amazonaws.com/the-drive-staging/message-editor%2F1550366317659-51528012_2500461563301705_628279395290710016_o.jpg;https://www.twz.com/wp-content/uploads/message-editor/1550366317659-51528012_2500461563301705_628279395290710016_o.jpg
https://s3.amazonaws.com/the-drive-staging/message-editor%2F1550366724594-akkadkavv.jpg;https://www.twz.com/wp-content/uploads/message-editor/1550366724594-akkadkavv.jpg
https://s3.amazonaws.com/the-drive-staging/message-editor%2F1550366363657-52173595_2500461833301678_807094315640684544_o1.jpg;https://www.twz.com/wp-content/uploads/message-editor/1550366363657-52173595_2500461833301678_807094315640684544_o1.jpg
https://s3.amazonaws.com/the-drive-staging/message-editor%2F1550366552871-kvkia11.jpg;https://www.twz.com/wp-content/uploads/message-editor/1550366552871-kvkia11.jpg
https://s3.amazonaws.com/the-drive-staging/message-editor%2F1550366383156-51902550_2500461003301761_1980295204120297472_o.jpg;https://www.twz.com/wp-content/uploads/message-editor/1550366383156-51902550_2500461003301761_1980295204120297472_o.jpg
https://s3.amazonaws.com/the-drive-staging/message-editor%2F1550366453349-kkoooo.jpg;https://www.twz.com/wp-content/uploads/message-editor/1550366453349-kkoooo.jpg
https://s3.amazonaws.com/the-drive-staging/message-editor%2F1550372226790-515.jpg;https://www.twz.com/wp-content/uploads/message-editor/1550372226790-515.jpg
https://s3.amazonaws.com/the-drive-staging/message-editor%2F1550447328048-dasdadcv.jpeg;https://www.twz.com/wp-content/uploads/message-editor/1550447328048-dasdadcv.jpeg
https://s3.amazonaws.com/the-drive-staging/message-editor%2F1550446612762-sadvvvvv.jpg;https://www.twz.com/wp-content/uploads/message-editor/1550446612762-sadvvvvv.jpg
https://s3.amazonaws.com/the-drive-staging/message-editor%2F1550446216229-1920px-us_navy_100622-n-7058e-161_the_littoral_combat_ship_uss_freedom_lcs_1_fires_its_mk_110_57mm_gun_during_a_surface_gunnery_test.jpg;https://www.twz.com/wp-content/uploads/message-editor/1550446216229-1920px-us_navy_100622-n-7058e-161_the_littoral_combat_ship_uss_freedom_lcs_1_fires_its_mk_110_57mm_gun_during_a_surface_gunnery_test.jpg
https://s3.amazonaws.com/the-drive-staging/message-editor%2F1550447462177-mk-46-gun-010.jpg;https://www.twz.com/wp-content/uploads/message-editor/1550447462177-mk-46-gun-010.jpg
https://s3.amazonaws.com/the-drive-staging/message-editor%2F1550446058794-asd6777.jpg;https://www.twz.com/wp-content/uploads/message-editor/1550446058794-asd6777.jpg
https://s3.amazonaws.com/the-drive-staging/message-editor%2F1550446812328-mk-46-gun-013.jpg;https://www.twz.com/wp-content/uploads/message-editor/1550446812328-mk-46-gun-013.jpg
https://s3.amazonaws.com/the-drive-staging/message-editor%2F1550450394457-daf5252.jpg;https://www.twz.com/wp-content/uploads/message-editor/1550450394457-daf5252.jpg
https://s3.amazonaws.com/the-drive-staging/message-editor%2F1550734288265-sdcvvvvv.jpg;https://www.twz.com/wp-content/uploads/message-editor/1550734288265-sdcvvvvv.jpg
https://s3.amazonaws.com/the-drive-staging/message-editor%2F1550734362716-natoglobalhawk.jpg;https://www.twz.com/wp-content/uploads/message-editor/1550734362716-natoglobalhawk.jpg
https://www.twz.com/wp-content/uploads/message-editor/1483956718773-us_navy_070207-n-9475m-029_snow_blankets_the_flight_deck_of_the_nimitz-class_aircraft_carrier_uss_harry_s._truman_cvn_75_as_crew_members_prepare_for_an_ammunition_onload_with_the_military_sealift_command_msc_dry_cargo-ammun.jpg;https://www.twz.com/wp-content/uploads/message-editor/1483956718773-us_navy_070207-n-9475m-029_snow_blankets_the_flight_deck_of_the_nimitz-class_aircraft_carrier_uss_harry_s._truman_cvn_75_as_crew_members_prepare_for_an_ammunition_onload_with_the_military_sealift_comm.jpg
https://www.twz.com/wp-content/uploads/message-editor/1499388755070-screenshot2014-04-28at1.36.57pm.png;https://www.twz.com/wp-content/uploads/message-editor/1499388755070-screenshot2014-04-28at1.36.57pm.jpeg
https://www.twz.com/wp-content/uploads/message-editor/1499388755070-screenshot2014-04-28at1.36.57pm.png;https://www.twz.com/wp-content/uploads/message-editor/1499388860120-screenshot2014-04-28at1.37.12pm.jpeg
https://www.twz.com/wp-content/uploads/message-editor/1520545985389-us_navy_050621-f-1342r-020_u.s._navy_aerographers_mate_3rd_class_antoine_giacometti_contacts_the_air_traffic_control_tower_for_clearance_to_release_a_weather_balloon_at_a_forward_operating_location_in_the_british_indian_ocean.jpg;https://www.twz.com/wp-content/uploads/message-editor/1520545985389-us_navy_050621-f-1342r-020_u.s._navy_aerographers_mate_3rd_class_antoine_giacometti_contacts_the_air_traffic_control_tower_for_clearance_to_release_a_weather_balloon_at_a_forward_operating_location_in.jpg
https://www.twz.com/wp-content/uploads/message-editor/1520986240729-dave_lorenz_a_deck_operator_with_northrop_grumman_acknowledges_that_he_has_control_of_an_x-47b_unmanned_combat_air_system_demonstrator_as_he_moves_it_via_an_arm-mounted_controller_on_the_flight_deck_of_130514-n-fu443-673.jpg;https://www.twz.com/wp-content/uploads/message-editor/1520986240729-dave_lorenz_a_deck_operator_with_northrop_grumman_acknowledges_that_he_has_control_of_an_x-47b_unmanned_combat_air_system_demonstrator_as_he_moves_it_via_an_arm-mounted_controller_on_the_flight_deck_o.jpg
https://www.twz.com/wp-content/uploads/message-editor/1521828917362-two_u.s._marine_corps_kc-130t_hercules_aircraft_rangers_28_and_29_with_the_air_combat_element_of_black_sea_rotational_force_11_fly_during_the_thunder_over_romania_air_show_to_display_romanian_and_u.s._military_110608-m-ob762-004.jpg;https://www.twz.com/wp-content/uploads/message-editor/1521828917362-two_u.s._marine_corps_kc-130t_hercules_aircraft_rangers_28_and_29_with_the_air_combat_element_of_black_sea_rotational_force_11_fly_during_the_thunder_over_romania_air_show_to_display_romanian_and_u.s..jpg
https://www.twz.com/wp-content/uploads/message-editor/1523007091898-a_u.s._navy_x-47b_unmanned_combat_air_system_demonstrator_conducts_a_touch_and_go_landing_on_the_flight_deck_of_the_aircraft_carrier_uss_george_h.w._bush_cvn_77_may_21_2013_in_the_atlantic_ocean_130521-n-zz999-102.jpg;https://www.twz.com/wp-content/uploads/message-editor/1523007091898-a_u.s._navy_x-47b_unmanned_combat_air_system_demonstrator_conducts_a_touch_and_go_landing_on_the_flight_deck_of_the_aircraft_carrier_uss_george_h.w._bush_cvn_77_may_21_2013_in_the_atlantic_ocean_13052.jpg
https://www.twz.com/wp-content/uploads/message-editor/1523928834450-us_navy_960224-n-3717s-009_u.s._navys_ticonderoga_class_cruiser_uss_san_jacinto_cg_56_center_executes_a_high-speed_break_away_following_replenishment_at_sea_ras_operations_with_the_military_sealift_command_replenis.jpg;https://www.twz.com/wp-content/uploads/message-editor/1523928834450-us_navy_960224-n-3717s-009_u.s._navys_ticonderoga_class_cruiser_uss_san_jacinto_cg_56_center_executes_a_high-speed_break_away_following_replenishment_at_sea_ras_operations_with_the_military_sealift_co.jpg
https://www.twz.com/wp-content/uploads/message-editor/1534812168041-us_navy_060627-n-5024r-002_aviation_structural_mechanic_equipment_2nd_class_greg_harman_conducts_a_600_hour_periodic_maintenance_check_on_a_jet_engine_in_the_hangar_bay_aboard_the_nimitz-class_aircraft_carrier_uss_john_c._stenn.jpg;https://www.twz.com/wp-content/uploads/message-editor/1534812168041-us_navy_060627-n-5024r-002_aviation_structural_mechanic_equipment_2nd_class_greg_harman_conducts_a_600_hour_periodic_maintenance_check_on_a_jet_engine_in_the_hangar_bay_aboard_the_nimitz-class_aircraf.jpg
