id;seo_meta-robots-noindex
https://www.bobvila.com/articles/diy-kitchen-remodel/;1
https://www.bobvila.com/slideshow/10-home-trends-that-people-either-love-or-hate-52729/;1
https://www.bobvila.com/articles/groundhog-day-history/;1
https://www.bobvila.com/articles/raising-chickens/;1
https://www.bobvila.com/slideshow/9-things-about-your-home-that-you-ll-probably-hate-in-a-decade-56487/;1
https://www.bobvila.com/slideshow/9-things-home-makeover-shows-never-tell-you-50943/;1
https://www.bobvila.com/slideshow/21-brilliant-money-saving-hacks-for-your-next-move-50303/;1
https://www.bobvila.com/articles/2022-international-builders-show-highlights/;1
https://www.bobvila.com/slideshow/12-ways-to-be-a-good-neighbor-to-your-backyard-wildlife-86004/;1
https://www.bobvila.com/slideshow/9-things-you-re-cleaning-way-too-often-50322/;1
https://www.bobvila.com/slideshow/chalk-and-19-other-things-you-don-t-keep-in-your-toolbox-but-should-52951/;1
https://www.bobvila.com/slideshow/21-things-people-get-wrong-about-decorating-small-spaces-53290/;1
https://www.bobvila.com/articles/home-improvements-neighbors-hate/;1
https://www.bobvila.com/slideshow/10-remodeling-mistakes-that-will-reduce-your-home-s-marketability-577425/;1
https://www.bobvila.com/slideshow/9-things-you-should-never-do-during-a-flood-577730/;1
https://www.bobvila.com/slideshow/25-of-the-best-household-chores-for-kids-of-every-age-53410/;1
https://www.bobvila.com/articles/spring-cleaning-mistakes/;1
https://www.bobvila.com/slideshow/10-things-you-should-never-store-under-your-sink-578713/;1
https://www.bobvila.com/slideshow/13-unusual-household-uses-for-ice-cubes-50865/;1
https://www.bobvila.com/articles/most-valuable-projects-2022-outdoor-living-space/;1
https://www.bobvila.com/articles/garage-entryway-drop-zone-makeover/;1
https://www.bobvila.com/slideshow/the-25-easiest-ways-to-save-energy-and-dollars-this-summer-47816/;1
https://www.bobvila.com/articles/history-of-plastic-pink-flamingos/;1
https://www.bobvila.com/articles/most-valuable-projects-2023-emergency-preparedness/;1
https://www.bobvila.com/slideshow/13-things-you-shouldn-t-keep-in-the-bathroom-580536/;1
https://www.bobvila.com/slideshow/10-things-you-should-never-store-under-your-bed-578357/;1
https://www.bobvila.com/articles/kids-playroom-makeover/;1
https://www.bobvila.com/slideshow/8-things-you-should-never-put-in-the-washing-machine-580315/;1
https://www.bobvila.com/articles/mudroom-makeover/;1
https://www.bobvila.com/articles/garden-on-autopilot/;1
https://www.bobvila.com/articles/home-maintenance-appointments/;1
https://www.bobvila.com/articles/weird-gardening-myths/;1
https://www.bobvila.com/articles/haunted-hotels/;1
https://www.bobvila.com/articles/home-fixes-disasters/;1
https://www.bobvila.com/slideshow/15-black-owned-home-decor-brands-to-support-this-month-and-every-month-578948/;1
https://www.bobvila.com/articles/home-inventory/;1
https://www.bobvila.com/articles/wake-up-yard-in-spring/;1
https://www.bobvila.com/articles/bathroom-items-to-replace-often/;1
https://www.bobvila.com/slideshow/9-ways-you-re-ruining-your-mattress-51045/;1
https://www.bobvila.com/articles/never-vacuum/;1
https://www.bobvila.com/slideshow/10-things-that-are-ruining-your-home-s-plumbing-53227/;1
https://www.bobvila.com/slideshow/15-things-you-re-holding-on-to-that-you-ll-probably-never-use-53310/;1
https://www.bobvila.com/articles/gardening-mistakes-that-kill-plants/;1
https://www.bobvila.com/slideshow/20-things-never-to-put-in-the-fridge-51444/;1
https://www.bobvila.com/articles/living-modern-in-an-old-house/;1
https://www.bobvila.com/slideshow/10-things-never-to-flush-down-the-toilet-51082/;1
https://www.bobvila.com/articles/healthy-home/;1
https://www.bobvila.com/slideshow/10-things-you-never-thought-to-do-with-nail-polish-51645/;1
https://www.bobvila.com/articles/small-kitchen-remodel-before-and-after/;1
https://www.bobvila.com/slideshow/18-ways-you-re-accidentally-wasting-energy-52288/;1
https://www.bobvila.com/articles/breakfast-nook-makeover/;1
https://www.bobvila.com/slideshow/10-quick-fixes-for-a-more-refreshing-shower-48186/;1
https://www.bobvila.com/slideshow/10-places-you-never-knew-pests-were-hiding-53257/;1
https://www.bobvila.com/slideshow/16-reasons-you-really-need-to-do-a-better-job-cleaning-your-grill-52930/;1
https://www.bobvila.com/slideshow/9-things-you-didn-t-know-coca-cola-can-do-48739/;1
https://www.bobvila.com/slideshow/over-a-dozen-things-you-didn-t-know-you-could-clean-in-the-dishwasher-48612/;1
https://www.bobvila.com/articles/landscaping-mistakes/;1
https://www.bobvila.com/slideshow/20-ways-to-garden-without-a-backyard-52036/;1
https://www.bobvila.com/articles/over-improving-a-house/;1
https://www.bobvila.com/slideshow/9-organizing-mistakes-that-make-your-house-messier-579030/;1
https://www.bobvila.com/diy/red-flags-of-low-quality-furniture/;1
https://www.bobvila.com/slideshow/9-paint-color-trends-you-might-regret-51871/;1
https://www.bobvila.com/slideshow/14-things-you-didn-t-know-your-microwave-can-do-49099/;1
https://www.bobvila.com/articles/how-to-weld/;1
https://www.bobvila.com/slideshow/10-times-boiling-water-can-help-around-the-house-52238/;1
https://www.bobvila.com/slideshow/21-home-hacks-that-are-just-crazy-enough-to-work-50274/;1
https://www.bobvila.com/articles/backyard-fire-pits-are-overrated/;1
https://www.bobvila.com/slideshow/12-clever-uses-for-a-hair-dryer-that-will-blow-you-away-48965/;1
https://www.bobvila.com/slideshow/14-mistakes-homeowners-make-every-fall-50429/;1
https://www.bobvila.com/articles/real-estate-agent-preferences/;1
https://www.bobvila.com/slideshow/10-things-a-burglar-doesn-t-want-you-to-know-49252/;1
https://www.bobvila.com/slideshow/20-clever-household-uses-for-lemons-46313/;1
https://www.bobvila.com/slideshow/these-11-repairs-aren-t-worth-your-time-or-money-53006/;1
https://www.bobvila.com/slideshow/11-things-never-to-keep-in-your-bedroom-48375/;1
https://www.bobvila.com/slideshow/7-unusual-tricks-for-your-cleanest-floors-ever-49201/;1
https://www.bobvila.com/slideshow/why-didn-t-i-think-of-that-18-clever-tricks-to-simplify-your-life-51806/;1
https://www.bobvila.com/slideshow/10-vintage-decorating-ideas-we-were-wrong-to-abandon-51665/;1
https://www.bobvila.com/articles/improve-your-piece-of-earth/;1
https://www.bobvila.com/articles/best-bob-vila-quotes/;1
https://www.bobvila.com/articles/diy-landscape-design/;1
https://www.bobvila.com/articles/forgotten-areas-to-clean-in-house/;1
https://www.bobvila.com/slideshow/15-easy-diys-for-instant-autumn-curb-appeal-51489/;1
https://www.bobvila.com/slideshow/the-7-room-layout-mistakes-almost-everyone-makes-49231/;1
https://www.bobvila.com/slideshow/10-ways-you-re-accidentally-ruining-your-countertops-51843/;1
https://www.bobvila.com/articles/tasks-that-mprove-your-life/;1
https://www.bobvila.com/lawn-and-garden/what-happened-to-fireflies/;1
https://www.bobvila.com/articles/germiest-spots-in-house/;1
https://www.bobvila.com/slideshow/14-clever-new-uses-for-old-newspapers-50685/;1
https://www.bobvila.com/articles/obsolete-furniture/;1
https://www.bobvila.com/slideshow/11-ways-you-may-be-inviting-burglars-into-your-home-51282/;1
https://www.bobvila.com/slideshow/12-surprising-things-you-should-never-clean-with-water-53097/;1
https://www.bobvila.com/slideshow/15-creative-uses-for-club-soda-50884/;1
https://www.bobvila.com/slideshow/11-mistakes-homeowners-make-every-winter-51713/;1
https://www.bobvila.com/articles/bad-habits-appliances/;1
https://www.bobvila.com/articles/the-war-on-leaf-blowers/;1
https://www.bobvila.com/articles/what-is-a-keeping-room/;1
https://www.bobvila.com/slideshow/got-10-minutes-that-s-all-you-need-to-tackle-these-10-decluttering-tasks-579050/;1
https://www.bobvila.com/articles/never-clean-with-pressure-washer/;1
https://www.bobvila.com/articles/under-20-dollar-home-fixes/;1
https://www.bobvila.com/slideshow/10-ways-your-backyard-can-hurt-you-50383/;1
https://www.bobvila.com/slideshow/12-ways-to-put-your-home-on-an-energy-diet-25846/;1
https://www.bobvila.com/slideshow/this-is-what-no-one-tells-you-about-downsizing-544539/;1
https://www.bobvila.com/slideshow/don-t-make-these-8-mistakes-in-your-front-yard-49148/;1
https://www.bobvila.com/articles/concrete-mixer-uses/;1
https://www.bobvila.com/articles/mistakes-you-make-when-you-go-on-vacation/;1
https://www.bobvila.com/slideshow/12-things-your-plumber-wishes-you-knew-50323/;1
https://www.bobvila.com/articles/most-dangerous-plants/;1
https://www.bobvila.com/articles/purple-fence-meaning/;1
https://www.bobvila.com/slideshow/putting-your-home-on-the-market-make-these-10-fixes-first-580480/;1
https://www.bobvila.com/slideshow/8-things-new-homeowners-waste-money-on-49075/;1
https://www.bobvila.com/articles/most-valuable-projects-2022-bathroom-remodel/;1
https://www.bobvila.com/articles/how-to-pay-for-home-renovations/;1
https://www.bobvila.com/slideshow/10-things-you-should-take-off-your-kitchen-countertops-to-declutter-578720/;1
https://www.bobvila.com/slideshow/the-13-painting-mistakes-almost-everyone-makes-48420/;1
https://www.bobvila.com/articles/gingerbread-house-real-estate-listings/;1
https://www.bobvila.com/slideshow/9-insanely-easy-1-hour-backyard-projects-48791/;1
https://www.bobvila.com/slideshow/7-ways-you-re-ruining-your-car-51790/;1
https://www.bobvila.com/articles/manabloc-systems/;1
https://www.bobvila.com/slideshow/29-handy-household-uses-for-vinegar-46029/;1
https://www.bobvila.com/slideshow/buyers-pay-more-for-homes-with-these-12-features-51405/;1
https://www.bobvila.com/slideshow/11-mistakes-you-should-never-make-with-your-fireplace-48156/;1
https://www.bobvila.com/articles/do-not-put-in-dishwasher/;1
https://www.bobvila.com/articles/magical-features-of-old-houses/;1
