source;code;target
https://www.bobvila.com/articles/when-is-tornado-season/;301;https://www.bobvila.com/articles/basement-tornado-ready/
https://www.bobvila.com/articles/craft-room-redo-before-and-after/;301;https://www.bobvila.com/articles/craft-room-ideas/
https://www.bobvila.com/articles/ban-on-ornamental-grasses-for-water-conservation/;301;https://www.bobvila.com/lawn-and-garden/ornamental-grasses/
https://www.bobvila.com/articles/diy-pumpkin-keg/;301;https://www.bobvila.com/slideshow/13-insanely-easy-halloween-projects-you-can-diy-49371/
https://www.bobvila.com/slideshow/how-to-survive-a-hurricane-21-smart-preps-you-can-make-now-265476/;301;https://www.bobvila.com/articles/how-to-prepare-for-a-hurricane/
https://www.bobvila.com/slideshow/9-ways-your-home-energy-use-can-combat-climate-change-578721/;301;https://www.bobvila.com/slideshow/12-ways-to-put-your-home-on-an-energy-diet-25846/
https://www.bobvila.com/articles/adt-home-security-deal-presidents-day/;301;https://www.bobvila.com/articles/best-home-security-systems/
https://www.bobvila.com/slideshow/the-8-most-common-reasons-diyers-end-up-in-the-er-51981/;301;https://www.bobvila.com/articles/most-dangerous-diys/
https://www.bobvila.com/articles/garage-door-troubleshooting/;301;https://www.bobvila.com/articles/garage-door-not-opening/
https://www.bobvila.com/slideshow/the-best-things-you-can-do-for-your-lawn-and-garden-in-under-a-minute-52823/;301;https://www.bobvila.com/lawn-and-garden/best-lawn-care-advice/
https://www.bobvila.com/slideshow/20-of-the-best-pieces-of-advice-from-home-makeover-shows-52213/;301;https://www.bobvila.com/slideshow/9-things-home-makeover-shows-never-tell-you-50943/
https://www.bobvila.com/slideshow/the-12-best-places-in-your-home-to-try-out-trendy-paint-colors-580598/;301;https://www.bobvila.com/slideshow/20-unexpected-spots-for-accent-colors-45717/
https://www.bobvila.com/articles/bird-species-app/;301;https://www.bobvila.com/articles/backyard-birds/
https://www.bobvila.com/slideshow/8-common-mistakes-new-homeowners-make-551539/;301;https://www.bobvila.com/articles/the-new-homeowners-survival-guide/
https://www.bobvila.com/articles/best-pool-opening-supplies/;301;https://www.bobvila.com/articles/best-pool-supplies/
https://www.bobvila.com/articles/pro-tips-5-ways-to-bring-songbirds-to-your-backyard/;301;https://www.bobvila.com/articles/backyard-birds/
https://www.bobvila.com/slideshow/13-weird-ways-to-use-dental-floss-around-the-house-51736/;301;https://www.bobvila.com/articles/surprising-household-item-uses-2023/
https://www.bobvila.com/articles/reasons-to-watch-tim-allen-and-richard-karns-new-show/;301;https://www.bobvila.com/articles/bob-vila-still-lives-in-tim-allens-head-after-all-these-years/
https://www.bobvila.com/articles/bv-reader-loved-products-november/;301;https://www.bobvila.com/articles/best-things-to-buy-in-november/
https://www.bobvila.com/articles/jackery-generator-summer-sale/;301;https://www.bobvila.com/articles/jackery-solar-generator-review/
https://www.bobvila.com/articles/viva-magenta-2023-color-of-the-year/;301;https://www.bobvila.com/tag/trends/
https://www.bobvila.com/articles/types-of-grills/;301;https://www.bobvila.com/articles/gas-vs-charcoal-grills/
https://www.bobvila.com/articles/fans-react-to-tim-allen-and-richard-karns-new-show/;301;https://www.bobvila.com/articles/bob-vila-still-lives-in-tim-allens-head-after-all-these-years/
https://www.bobvila.com/articles/bv-reader-loved-products-october/;301;https://www.bobvila.com/articles/best-things-to-buy-in-october/
https://www.bobvila.com/articles/lowes-adirondack-chair-sale/;301;https://www.bobvila.com/memorial-day-deals/
https://www.bobvila.com/articles/cardboard-box-computer-shade/;301;https://www.bobvila.com/articles/outdoor-office-at-home/
https://www.bobvila.com/articles/ruggable-bath-mat-launch/;301;https://www.bobvila.com/articles/best-washable-rugs/
https://www.bobvila.com/slideshow/8-retro-trends-to-bring-to-the-backyard-580215/;301;https://www.bobvila.com/slideshow/20-retro-home-trends-it-s-time-to-revisit-49385/
https://www.bobvila.com/articles/mass-timber/;301;https://www.bobvila.com/articles/sustainable-building-materials/
https://www.bobvila.com/articles/orkin-top-mosquito-cities-2023/;301;https://www.bobvila.com/slideshow/mosquitoes-are-the-worst-in-these-parts-of-the-country-55042/
https://www.bobvila.com/articles/sunday-lawn-aeration-service/;301;https://www.bobvila.com/articles/get-sunday-lawn-care-review/
https://www.bobvila.com/articles/best-buys-amazon-under-50-dollars/;301;https://www.bobvila.com/articles/best-products-for-quick-home-fixes/
https://www.bobvila.com/slideshow/8-important-things-your-garden-is-trying-to-tell-you-579656/;301;https://www.bobvila.com/gardening-for-beginners/
https://www.bobvila.com/articles/tim-allen-last-man-standing-bob-vila/;301;https://www.bobvila.com/articles/bob-vila-still-lives-in-tim-allens-head-after-all-these-years/
https://www.bobvila.com/slideshow/9-ways-to-decorate-with-pumpkins-indoors-and-out-580591/;301;https://www.bobvila.com/slideshow/13-insanely-easy-halloween-projects-you-can-diy-49371/
https://www.bobvila.com/articles/interior-design-trends-2023/;301;https://www.bobvila.com/tag/trends/
https://www.bobvila.com/articles/corral-garden-veggies/;301;https://www.bobvila.com/articles/raised-bed-garden-essentials/
https://www.bobvila.com/slideshow/10-things-you-didn-t-know-a-sponge-can-do-48492/;301;https://www.bobvila.com/articles/surprising-household-item-uses-2023/
https://www.bobvila.com/articles/2022-outdoor-living-trends/;301;https://www.bobvila.com/tag/trends/
https://www.bobvila.com/articles/outdoor-living-space-ideas-fall-2022/;301;https://www.bobvila.com/slideshow/15-ways-to-warm-up-to-outdoor-living-in-fall-52374/
https://www.bobvila.com/articles/tiktok-home-inspector/;301;https://www.bobvila.com/articles/home-inspection-checklist/
https://www.bobvila.com/articles/lowes-larger-than-life-halloween-decorations/;301;https://www.bobvila.com/articles/best-halloween-decorations/
https://www.bobvila.com/articles/sunday-lawn-care-spring-black-friday/;301;https://www.bobvila.com/articles/get-sunday-lawn-care-review/
https://www.bobvila.com/articles/home-safety-devices-with-battery-backup/;301;https://www.bobvila.com/slideshow/15-things-you-should-have-at-the-ready-in-case-the-power-goes-out-579466/
https://www.bobvila.com/articles/landscaping-trends-2022/;301;https://www.bobvila.com/tag/trends/
https://www.bobvila.com/articles/paint-color-trends-2023/;301;https://www.bobvila.com/tag/trends/
https://www.bobvila.com/reviews/birdfy-prime-day/;301;https://www.bobvila.com/prime-day-deals/
https://www.bobvila.com/articles/spotted-lanternfly-trap/;301;https://www.bobvila.com/articles/what-is-spotted-lanternfly/
https://www.bobvila.com/slideshow/8-mistakes-you-re-making-at-the-paint-store-580133/;301;https://www.bobvila.com/articles/best-places-to-buy-paint/
https://www.bobvila.com/articles/houseplant-trends-2023/;301;https://www.bobvila.com/tag/trends/
https://www.bobvila.com/articles/how-to-sharpen-a-pocket-knife/;301;https://www.bobvila.com/articles/best-knife-sharpeners/
https://www.bobvila.com/slideshow/9-mistakes-you-re-making-that-are-damaging-your-soil-53433/;301;https://www.bobvila.com/slideshow/the-best-things-you-can-do-for-your-garden-soil-52131/
https://www.bobvila.com/slideshow/9-curb-appeal-trends-you-might-regret-sooner-rather-than-later-579265/;301;https://www.bobvila.com/slideshow/10-ways-you-re-killing-your-curb-appeal-51980/
https://www.bobvila.com/articles/invasive-landscaping-plants/;301;https://www.bobvila.com/slideshow/the-15-worst-invasive-plants-in-america-52958/
https://www.bobvila.com/articles/remodeling-trends-2022/;301;https://www.bobvila.com/tag/trends/
https://www.bobvila.com/slideshow/10-ways-your-backyard-garden-can-combat-climate-change-579216/;301;https://www.bobvila.com/articles/improve-your-piece-of-earth/
https://www.bobvila.com/articles/what-colors-attract-mosquitoes/;301;https://www.bobvila.com/articles/how-to-get-rid-of-mosquitoes-naturally/
https://www.bobvila.com/articles/how-to-recoup-your-energy-efficiency-home-improvements-at-tax-time/;301;https://www.bobvila.com/real-estate/energy-efficiency-tax-credit-tools/
https://www.bobvila.com/articles/clear-fridge-organizers/;301;https://www.bobvila.com/articles/refrigerator-organization/
https://www.bobvila.com/articles/bv-reader-loved-products-january/;301;https://www.bobvila.com/articles/best-things-to-buy-in-january/
https://www.bobvila.com/articles/bv-reader-loved-products-december-2023/;301;https://www.bobvila.com/articles/best-things-to-buy-in-december/
https://www.bobvila.com/slideshow/editors-picks-8-favorite-etsy-stores-for-one-of-a-kind-furniture-50435/;301;https://www.bobvila.com/articles/best-furniture-brands/
https://www.bobvila.com/articles/best-kiddie-pool/;301;https://www.bobvila.com/articles/best-inflatable-pool/
https://www.bobvila.com/articles/small-dining-room-ideas/;301;https://www.bobvila.com/slideshow/40-fresh-ideas-for-a-beautiful-dining-room-52570/
https://www.bobvila.com/articles/home-alarm-system/;301;https://www.bobvila.com/articles/best-home-security-systems/
https://www.bobvila.com/articles/hiring-a-moving-company-mistakes/;301;https://www.bobvila.com/articles/best-moving-companies/
https://www.bobvila.com/articles/4232-porch-style/;301;https://www.bobvila.com/articles/front-porch-ideas/
https://www.bobvila.com/reviews/bissell-steam-shot-recall/;301;https://www.bobvila.com/articles/best-handheld-steam-cleaner/
https://www.bobvila.com/articles/planning-guide-laundry-room-ideas/;301;https://www.bobvila.com/articles/laundry-room-ideas-that-work/
https://www.bobvila.com/articles/outdoor-living-trends-2023/;301;https://www.bobvila.com/tag/trends/
https://www.bobvila.com/slideshow/these-electrical-safety-tips-could-save-your-life-52059/;301;https://www.bobvila.com/articles/electrical-projects-safety/
https://www.bobvila.com/slideshow/11-winter-supplies-to-stock-up-on-now-before-they-sell-out-580584/;301;https://www.bobvila.com/reviews/best-products-for-surviving-winter-cold/
https://www.bobvila.com/articles/7-new-paint-types/;301;https://www.bobvila.com/articles/types-of-paint/
https://www.bobvila.com/articles/yard-waste-removal/;301;https://www.bobvila.com/articles/best-landscaping-companies/
https://www.bobvila.com/articles/the-essential-guide-to-spring-home-improvement/;301;https://www.bobvila.com/articles/2355-spring-home-maintenance-checklist/
https://www.bobvila.com/articles/hummingbird-mistakes-to-avoid/;301;https://www.bobvila.com/articles/how-to-attract-hummingbirds/
https://www.bobvila.com/slideshow/don-t-make-these-7-bedroom-design-mistakes-49287/;301;https://www.bobvila.com/articles/how-to-decorate-a-bedroom/
https://www.bobvila.com/articles/what-is-a-perennial/;301;https://www.bobvila.com/articles/annuals-vs-perennials/
https://www.bobvila.com/slideshow/10-unusual-tricks-for-your-easiest-ever-paint-job-50315/;301;https://www.bobvila.com/articles/paint-pro-secrets/
https://www.bobvila.com/slideshow/8-things-you-didn-t-know-a-clothes-iron-can-do-49478/;301;https://www.bobvila.com/articles/surprising-household-item-uses-2023/
https://www.bobvila.com/slideshow/here-are-all-the-ways-you-re-accidentally-ruining-your-tile-52791/;301;https://www.bobvila.com/articles/how-to-clean-ceramic-tile/
https://www.bobvila.com/slideshow/10-energy-saving-myths-you-shouldn-t-believe-53246/;301;https://www.bobvila.com/articles/energy-efficient-old-house/
https://www.bobvila.com/articles/roof-inspection-cost/;301;https://www.bobvila.com/articles/roof-inspections/
https://www.bobvila.com/articles/winter-storm-prep-buy-online-pick-up-today/;301;https://www.bobvila.com/reviews/best-products-for-surviving-winter-cold/
https://www.bobvila.com/slideshow/7-crazy-paint-colors-you-never-thought-would-work-48520/;301;https://www.bobvila.com/articles/accent-wall-colors/
https://www.bobvila.com/articles/moving-container-vs-truck-rental/;301;https://www.bobvila.com/articles/best-moving-container-companies/
https://www.bobvila.com/articles/obstacles-when-mowing-the-lawn/;301;https://www.bobvila.com/articles/lawn-mowing-mistakes/
https://www.bobvila.com/articles/best-carpet-removal-services/;301;https://www.bobvila.com/articles/carpet-removal-cost/
https://www.bobvila.com/articles/slate-roof-cost/;301;https://www.bobvila.com/articles/types-of-roofing-materials/
https://www.bobvila.com/slideshow/hurricane-season-10-myths-not-to-believe-52377/;301;https://www.bobvila.com/slideshow/11-things-you-should-never-do-during-a-hurricane-343871/
https://www.bobvila.com/articles/best-planters-for-small-balconies/;301;https://www.bobvila.com/articles/best-railing-planters/
https://www.bobvila.com/articles/genius-bathroom-inventions/;301;https://www.bobvila.com/articles/best-bathroom-cleaner/
https://www.bobvila.com/articles/install-under-cabinet-lighting/;301;https://www.bobvila.com/articles/best-under-cabinet-lighting/
https://www.bobvila.com/articles/incandescent-light-bulb-ban/;301;https://www.bobvila.com/articles/types-of-light-bulbs/
https://www.bobvila.com/articles/eco-friendly-flooring/;301;https://www.bobvila.com/articles/sustainable-building-materials/
https://www.bobvila.com/slideshow/7-surprising-household-uses-for-mayonnaise-48444/;301;https://www.bobvila.com/articles/surprising-household-item-uses-2023/
https://www.bobvila.com/articles/best-dyson-vacuum/;301;https://www.bobvila.com/articles/best-vacuums/
https://www.bobvila.com/articles/best-refrigerator-deals/;301;https://www.bobvila.com/articles/best-time-to-buy-appliances/
https://www.bobvila.com/articles/ev-charger-installation-project-growth/;301;https://www.bobvila.com/articles/cost-to-install-ev-charger-at-home/
https://www.bobvila.com/articles/bedroom-feng-shui-ideas/;301;https://www.bobvila.com/interior/minimalist-bedroom-ideas/
https://www.bobvila.com/articles/septic-inspection-cost/;301;https://www.bobvila.com/articles/septic-systems/
https://www.bobvila.com/articles/deck-repair-puls/;301;https://www.bobvila.com/articles/repair-or-replace-deck/
https://www.bobvila.com/articles/pest-inspection-cost/;301;https://www.bobvila.com/articles/pest-control-cost/
https://www.bobvila.com/articles/401-working-with-your-architect/;301;https://www.bobvila.com/articles/how-much-does-an-architect-cost/
https://www.bobvila.com/articles/best-dishwasher-deals/;301;https://www.bobvila.com/articles/best-time-to-buy-appliances/
https://www.bobvila.com/articles/best-lawn-mowers-home-depot/;301;https://www.bobvila.com/articles/best-lawn-mowers/
https://www.bobvila.com/articles/homelabs-air-purifier/;301;https://www.bobvila.com/articles/best-air-purifiers/
https://www.bobvila.com/articles/outdoor-kitchen-cost/;301;https://www.bobvila.com/lawn-and-garden/outdoor-kitchen-essentials/
https://www.bobvila.com/slideshow/8-places-you-could-add-an-awning-580088/;301;https://www.bobvila.com/articles/best-retractable-awnings/
https://www.bobvila.com/articles/moody-paint-colors-and-home-sales/;301;https://www.bobvila.com/articles/painting-walls-dark-color/
https://www.bobvila.com/slideshow/18-inviting-entryways-we-love-50625/;301;https://www.bobvila.com/slideshow/17-design-inspirations-for-mudrooms-and-entryways-14692/
https://www.bobvila.com/slideshow/8-landscaping-features-that-buyers-love-579517/;301;https://www.bobvila.com/lawn-and-garden/outdoor-upgrades-add-value-to-home/
https://www.bobvila.com/slideshow/11-paint-colors-designers-pick-for-their-own-homes-50616/;301;https://www.bobvila.com/slideshow/the-most-popular-paint-colors-in-america-51672/
https://www.bobvila.com/articles/home-warranty-scams/;301;https://www.bobvila.com/articles/what-is-a-home-warranty/
https://www.bobvila.com/slideshow/20-unexpected-spots-for-accent-colors-45717/;301;https://www.bobvila.com/slideshow/the-10-best-accent-colors-for-your-home-exterior-66856/
https://www.bobvila.com/slideshow/9-handy-under-sink-organizers-to-buy-or-diy-48657/;301;https://www.bobvila.com/articles/kitchen-storage-hacks/
https://www.bobvila.com/articles/snow-blower-safety/;301;https://www.bobvila.com/articles/snow-blower-mistakes/
https://www.bobvila.com/slideshow/8-dirty-secrets-your-carpet-may-be-keeping-from-you-52057/;301;https://www.bobvila.com/articles/how-to-clean-a-rug/
https://www.bobvila.com/articles/signs-you-hired-the-wrong-landscaper/;301;https://www.bobvila.com/articles/best-landscaping-companies/
https://www.bobvila.com/articles/1999-planning-guide-bathroom-remodeling/;301;https://www.bobvila.com/articles/bathroom-remodel-ideas/
https://www.bobvila.com/articles/buy-and-build-a-shed-kit/;301;https://www.bobvila.com/articles/best-sheds/
https://www.bobvila.com/slideshow/11-head-turning-houseplants-you-won-t-believe-are-real-578256/;301;https://www.bobvila.com/slideshow/8-exotic-houseplants-you-ve-never-heard-of-51717/
https://www.bobvila.com/articles/types-of-vacuums/;301;https://www.bobvila.com/articles/best-vacuums/
https://www.bobvila.com/articles/curb-appeal-trends/;301;https://www.bobvila.com/tag/trends/
https://www.bobvila.com/articles/termite-inspection-cost/;301;https://www.bobvila.com/articles/termite-treatment-cost/
https://www.bobvila.com/articles/best-vacuum-for-hardwood-floors/;301;https://www.bobvila.com/articles/best-vacuums/
https://www.bobvila.com/slideshow/9-ways-to-make-your-old-bathroom-new-again-49299/;301;https://www.bobvila.com/articles/bathroom-remodel-ideas/
https://www.bobvila.com/slideshow/12-unexpected-uses-for-a-regular-bar-of-soap-49827/;301;https://www.bobvila.com/articles/surprising-household-item-uses-2023/
https://www.bobvila.com/articles/gutter-repair-cost/;301;https://www.bobvila.com/articles/leaking-gutters/
https://www.bobvila.com/articles/termite-season-2024/;301;https://www.bobvila.com/articles/how-to-get-rid-of-termites/
https://www.bobvila.com/slideshow/12-storage-solutions-for-the-utility-closet-578347/;301;https://www.bobvila.com/articles/closet-organization-ideas/
https://www.bobvila.com/articles/climate-bill-incentives-for-homeowners/;301;https://www.bobvila.com/articles/government-energy-efficiency-programs/
https://www.bobvila.com/articles/best-gas-grills-under-1000/;301;https://www.bobvila.com/articles/best-gas-grills-under-500/
https://www.bobvila.com/slideshow/10-surprising-things-you-can-do-with-used-tea-bags-49380/;301;https://www.bobvila.com/articles/surprising-household-item-uses-2023/
https://www.bobvila.com/articles/does-home-warranty-cover-roof/;301;https://www.bobvila.com/articles/what-is-a-home-warranty/
https://www.bobvila.com/articles/best-grilling-accessories/;301;https://www.bobvila.com/articles/best-grill-tool-set/
https://www.bobvila.com/articles/when-to-choose-a-gas-powered-mower/;301;https://www.bobvila.com/articles/best-electric-mowers/
https://www.bobvila.com/articles/new-fire-safety-standards/;301;https://www.bobvila.com/articles/best-smoke-detector/
https://www.bobvila.com/articles/old-house-features-for-new-builds/;301;https://www.bobvila.com/slideshow/15-old-house-features-we-were-wrong-to-abandon-46066/
https://www.bobvila.com/articles/how-to-attract-orioles/;301;https://www.bobvila.com/articles/backyard-birds/
https://www.bobvila.com/slideshow/design-ideas-to-steal-from-10-amazing-outdoor-kitchens-48853/;301;https://www.bobvila.com/articles/covered-outdoor-kitchen-ideas/
https://www.bobvila.com/slideshow/storage-sanity-15-ways-to-organize-a-pantry-47165/;301;https://www.bobvila.com/articles/walk-in-pantry-ideas/
https://www.bobvila.com/slideshow/9-clever-things-you-can-do-with-a-rubber-band-48803/;301;https://www.bobvila.com/articles/surprising-household-item-uses-2023/
https://www.bobvila.com/slideshow/9-ways-to-lower-cooling-costs-in-rising-heat-45584/;301;https://www.bobvila.com/slideshow/the-25-easiest-ways-to-save-energy-and-dollars-this-summer-47816/
https://www.bobvila.com/articles/cost-to-pressure-wash-deck/;301;https://www.bobvila.com/articles/cost-to-power-wash-a-deck/
https://www.bobvila.com/articles/hardwood-flooring-return-on-investment/;301;https://www.bobvila.com/diy/high-roi-renovations/
https://www.bobvila.com/articles/what-is-mortar/;301;https://www.bobvila.com/articles/cement-vs-concrete/
https://www.bobvila.com/slideshow/15-ways-winter-weather-damages-your-home-52625/;301;https://www.bobvila.com/slideshow/11-ways-to-winterize-your-home-on-a-budget-10169/
https://www.bobvila.com/slideshow/yes-you-can-reuse-water-at-home-here-s-how-53347/;301;https://www.bobvila.com/slideshow/30-water-saving-habits-to-start-right-now-52932/
https://www.bobvila.com/articles/cleaning-with-vinegar/;301;https://www.bobvila.com/slideshow/29-handy-household-uses-for-vinegar-46029/
https://www.bobvila.com/slideshow/18-new-uses-for-old-shoeboxes-49855/;301;https://www.bobvila.com/articles/surprising-household-item-uses-2023/
https://www.bobvila.com/articles/repair-your-concrete-sidewalk/;301;https://www.bobvila.com/articles/how-to-fix-cracks-in-concrete/
https://www.bobvila.com/articles/best-mattress/;301;https://www.bobvila.com/articles/best-mattress-brands/
https://www.bobvila.com/articles/vinyl-siding-101/;301;https://www.bobvila.com/articles/vinyl-siding-cost/
https://www.bobvila.com/articles/above-ground-pool-cost/;301;https://www.bobvila.com/articles/best-above-ground-pool/
https://www.bobvila.com/articles/best-griddle-accessories/;301;https://www.bobvila.com/articles/best-grill-tool-set/
https://www.bobvila.com/slideshow/14-secrets-of-people-with-low-energy-bills-50781/;301;https://www.bobvila.com/articles/why-is-my-electric-bill-so-high/
https://www.bobvila.com/slideshow/9-ways-to-diy-a-dresser-on-a-dime-50769/;301;https://www.bobvila.com/slideshow/20-insanely-easy-ways-to-build-your-own-furniture-49790/
https://www.bobvila.com/articles/best-kitchen-appliances/;301;https://www.bobvila.com/articles/best-kitchen-appliance-brands/
https://www.bobvila.com/slideshow/10-tips-for-creating-a-home-office-that-works-for-you-34432/;301;https://www.bobvila.com/slideshow/11-ideas-for-working-remotely-when-you-don-t-have-a-home-office-48561/
https://www.bobvila.com/slideshow/9-energy-saving-home-upgrades-that-pay-for-themselves-50379/;301;https://www.bobvila.com/articles/energy-efficient-old-house/
https://www.bobvila.com/articles/feeding-birds-in-winter/;301;https://www.bobvila.com/articles/backyard-birdwatching-essentials/
https://www.bobvila.com/articles/liberty-home-guard-review/;301;https://www.bobvila.com/articles/best-home-warranty-companies/
https://www.bobvila.com/slideshow/11-weird-ways-to-use-a-bobby-pin-51802/;301;https://www.bobvila.com/articles/surprising-household-item-uses-2023/
https://www.bobvila.com/articles/wallpaper-removal-cost/;301;https://www.bobvila.com/articles/best-way-to-remove-wallpaper/
https://www.bobvila.com/articles/hiring-a-plumber-near-me/;301;https://www.bobvila.com/articles/how-much-does-a-plumber-cost/
https://www.bobvila.com/articles/electrical-inspection-cost/;301;https://www.bobvila.com/articles/how-to-hire-an-electrician-near-me/
https://www.bobvila.com/articles/best-trash-cans-for-every-room/;301;https://www.bobvila.com/articles/best-kitchen-trash-can/
https://www.bobvila.com/slideshow/7-ways-to-declutter-without-throwing-anything-away-50380/;301;https://www.bobvila.com/slideshow/the-30-easiest-organizing-tasks-ever-52699/
https://www.bobvila.com/reviews/home-security-prime-day-2024/;301;https://www.bobvila.com/prime-day-deals/
https://www.bobvila.com/slideshow/shhh-11-diys-for-a-soundproofed-home-47893/;301;https://www.bobvila.com/articles/best-soundproofing-material/
https://www.bobvila.com/articles/home-ac-recharge-cost/;301;https://www.bobvila.com/articles/ac-repair-cost/
https://www.bobvila.com/slideshow/14-things-to-do-with-olive-oil-besides-cook-52513/;301;https://www.bobvila.com/articles/surprising-household-item-uses-2023/
https://www.bobvila.com/slideshow/13-other-things-you-can-do-with-a-pumpkin-49318/;301;https://www.bobvila.com/slideshow/13-insanely-easy-halloween-projects-you-can-diy-49371/
https://www.bobvila.com/articles/whole-house-fan-cost/;301;https://www.bobvila.com/articles/best-whole-house-fan/
https://www.bobvila.com/articles/2464-swimming-pools-101/;301;https://www.bobvila.com/articles/how-to-build-a-pool/
https://www.bobvila.com/articles/air-purifier-to-paint-job-enviroklenz/;301;https://www.bobvila.com/articles/how-to-get-rid-of-paint-smell/
https://www.bobvila.com/articles/traeger-sale-2024/;301;https://www.bobvila.com/articles/best-grill-brands/
https://www.bobvila.com/articles/how-to-protect-home-while-on-vacation/;301;https://www.bobvila.com/articles/mistakes-you-make-when-you-go-on-vacation/
https://www.bobvila.com/slideshow/8-bright-ideas-to-boost-natural-light-48551/;301;https://www.bobvila.com/slideshow/10-classic-ways-to-brighten-a-dark-room-48160/
https://www.bobvila.com/articles/build-a-greenhouse/;301;https://www.bobvila.com/articles/diy-greenhouse-plans/
https://www.bobvila.com/articles/types-of-pex-tubing/;301;https://www.bobvila.com/articles/pex-pipe/
https://www.bobvila.com/slideshow/the-9-rules-for-rugs-that-everyone-should-know-48366/;301;https://www.bobvila.com/articles/types-of-rugs/
https://www.bobvila.com/slideshow/10-reasons-to-reconsider-vinyl-siding-44523/;301;https://www.bobvila.com/articles/best-vinyl-siding-brands/
https://www.bobvila.com/articles/does-home-warranty-cover-mold/;301;https://www.bobvila.com/articles/what-is-a-home-warranty/
https://www.bobvila.com/articles/paracord-uses/;301;https://www.bobvila.com/articles/surprising-household-item-uses-2023/
https://www.bobvila.com/slideshow/these-13-forgotten-home-trends-are-suddenly-cool-again-52090/;301;https://www.bobvila.com/slideshow/20-retro-home-trends-it-s-time-to-revisit-49385/
https://www.bobvila.com/slideshow/13-reasons-we-love-blue-bedrooms-46915/;301;https://www.bobvila.com/articles/relaxing-bedroom-paint-colors/
https://www.bobvila.com/interior/benjamin-moore-free-paint-for-renters/;301;https://www.bobvila.com/slideshow/17-free-resources-more-homeowners-should-take-advantage-of-52611/
https://www.bobvila.com/articles/tax-credits-for-homeowners/;301;https://www.bobvila.com/real-estate/energy-efficiency-tax-credit-tools/
https://www.bobvila.com/articles/painters-tape-uses/;301;https://www.bobvila.com/articles/surprising-household-item-uses-2023/
https://www.bobvila.com/slideshow/11-retro-living-rooms-ideas-we-almost-forgot-about-577559/;301;https://www.bobvila.com/slideshow/20-retro-home-trends-it-s-time-to-revisit-49385/
https://www.bobvila.com/articles/add-gold-finish/;301;https://www.bobvila.com/articles/spray-painting-tips/
https://www.bobvila.com/articles/lumber-sizes/;301;https://www.bobvila.com/articles/1220-lumber-grades-and-numbers/
https://www.bobvila.com/articles/2447-planning-guide-kitchen-remodeling/;301;https://www.bobvila.com/articles/kitchen-remodel-cost/
https://www.bobvila.com/slideshow/10-toolbox-hacks-for-your-next-diy-project-47916/;301;https://www.bobvila.com/slideshow/chalk-and-19-other-things-you-don-t-keep-in-your-toolbox-but-should-52951/
https://www.bobvila.com/articles/diy-bathroom-remodel-or-hire-a-pro/;301;https://www.bobvila.com/articles/bathroom-remodel-cost/
https://www.bobvila.com/articles/pests-that-destroy-gardens/;301;https://www.bobvila.com/articles/common-garden-pests/
https://www.bobvila.com/articles/radiant-barrier-cost/;301;https://www.bobvila.com/articles/types-of-insulation/
https://www.bobvila.com/articles/best-pool-algaecides/;301;https://www.bobvila.com/articles/best-pool-shock/
https://www.bobvila.com/slideshow/9-clever-things-you-can-do-with-a-wire-hanger-49335/;301;https://www.bobvila.com/articles/surprising-household-item-uses-2023/
https://www.bobvila.com/articles/timeless-kitchen-design/;301;https://www.bobvila.com/articles/vintage-kitchen/
https://www.bobvila.com/slideshow/15-ways-to-make-a-small-bathroom-big-2350/;301;https://www.bobvila.com/articles/tiny-bathroom-ideas/
https://www.bobvila.com/slideshow/the-best-kitchen-islands-under-500-52187/;301;https://www.bobvila.com/slideshow/15-small-kitchen-island-ideas-that-inspire-52640/
https://www.bobvila.com/slideshow/10-things-you-didn-t-know-super-glue-can-do-49431/;301;https://www.bobvila.com/articles/best-super-glue/
https://www.bobvila.com/articles/best-tools-to-buy-at-ace-hardware/;301;https://www.bobvila.com/articles/best-tool-brands/
https://www.bobvila.com/slideshow/growing-up-14-inventive-diy-vertical-gardens-47547/;301;https://www.bobvila.com/articles/vertical-garden-ideas/
https://www.bobvila.com/articles/window-cleaning-cost/;301;https://www.bobvila.com/articles/how-to-clean-windows/
https://www.bobvila.com/articles/what-is-stamped-concrete/;301;https://www.bobvila.com/articles/stamped-concrete-patio-cost/
https://www.bobvila.com/articles/best-doorbell/;301;https://www.bobvila.com/articles/best-wireless-doorbell/
https://www.bobvila.com/articles/best-planters/;301;https://www.bobvila.com/articles/best-self-watering-planter/
https://www.bobvila.com/articles/how-to-pack-dishes-for-moving/;301;https://www.bobvila.com/articles/how-to-pack-for-a-move/
https://www.bobvila.com/articles/how-to-make-a-gingerbread-house/;301;https://www.bobvila.com/articles/best-gingerbread-house-kits/
https://www.bobvila.com/articles/shingle-roof-cost/;301;https://www.bobvila.com/articles/roof-replacement-cost/
https://www.bobvila.com/articles/home-depot-equipment-rental/;301;https://www.bobvila.com/articles/best-tool-rental-services/
https://www.bobvila.com/articles/8472-planning-guide-basement-remodeling/;301;https://www.bobvila.com/articles/basement-remodel-cost/
https://www.bobvila.com/slideshow/10-unexpected-uses-for-spray-paint-46231/;301;https://www.bobvila.com/articles/spray-painting-tips/
https://www.bobvila.com/slideshow/8-new-ideas-for-diy-outdoor-lighting-48892/;301;https://www.bobvila.com/articles/backyard-lighting-ideas/
https://www.bobvila.com/articles/2273-exterior-paint-101/;301;https://www.bobvila.com/articles/best-exterior-paint/
https://www.bobvila.com/articles/types-of-welding/;301;https://www.bobvila.com/articles/types-of-welds/
https://www.bobvila.com/articles/rats-destroy-home/;301;https://www.bobvila.com/articles/how-to-get-rid-of-rats/
https://www.bobvila.com/articles/uses-for-essential-oils/;301;https://www.bobvila.com/articles/surprising-household-item-uses-2023/
https://www.bobvila.com/articles/2024-bathroom-trends/;301;https://www.bobvila.com/tag/trends/
https://www.bobvila.com/articles/unlicensed-tree-trimmer/;301;https://www.bobvila.com/articles/tree-trimming-cost/
https://www.bobvila.com/articles/best-tools/;301;https://www.bobvila.com/diy/best-tools-for-building-the-essential-toolbox/
https://www.bobvila.com/articles/best-releases-ces-2024/;301;https://www.bobvila.com/tag/trends/
https://www.bobvila.com/slideshow/15-products-to-buy-if-you-re-always-cold-51677/;301;https://www.bobvila.com/reviews/best-products-for-surviving-winter-cold/
https://www.bobvila.com/articles/home-improvement-value/;301;https://www.bobvila.com/diy/high-roi-renovations/
https://www.bobvila.com/articles/how-to-decorate-a-bedroom/;301;https://www.bobvila.com/interior/bedroom-layout-ideas/
https://www.bobvila.com/slideshow/10-things-you-should-never-store-in-your-attic-578151/;301;https://www.bobvila.com/articles/attic-storage/
https://www.bobvila.com/articles/who-fixes-garbage-disposals/;301;https://www.bobvila.com/articles/garbage-disposal-repair-cost/
https://www.bobvila.com/articles/ai-kitchen-appliance-brands/;301;https://www.bobvila.com/articles/best-kitchen-appliance-brands/
https://www.bobvila.com/articles/quirky-house-alternatives/;301;https://www.bobvila.com/slideshow/weird-or-wonderful-22-homes-that-are-anything-but-ordinary-51432/
https://www.bobvila.com/slideshow/7-weirdly-effective-ways-to-weed-49088/;301;https://www.bobvila.com/articles/how-to-kill-weeds-naturally/
https://www.bobvila.com/slideshow/7-creative-diy-ways-to-reuse-a-5-gallon-bucket-48052/;301;https://www.bobvila.com/articles/surprising-household-item-uses-2023/
https://www.bobvila.com/articles/cost-to-paint-a-ceiling/;301;https://www.bobvila.com/articles/cost-to-paint-a-room/
https://www.bobvila.com/articles/home-elevators-rising-in-popularity/;301;https://www.bobvila.com/articles/best-home-elevators/
https://www.bobvila.com/articles/best-copper-spray-paint/;301;https://www.bobvila.com/articles/best-spray-paint/
https://www.bobvila.com/articles/concrete-countertops-cost/;301;https://www.bobvila.com/articles/concrete-countertops/
https://www.bobvila.com/articles/best-drain-cleaning-services/;301;https://www.bobvila.com/articles/best-plumbing-services/
https://www.bobvila.com/slideshow/the-20-weirdest-things-you-can-do-with-duct-tape-51318/;301;https://www.bobvila.com/articles/surprising-household-item-uses-2023/
https://www.bobvila.com/articles/cost-of-sod-vs-seed/;301;https://www.bobvila.com/articles/sod-vs-seed/
https://www.bobvila.com/articles/best-humidifier-for-plants/;301;https://www.bobvila.com/articles/best-room-humidifier/
https://www.bobvila.com/articles/pros-and-cons-of-glass-block-windows/;301;https://www.bobvila.com/slideshow/10-trendy-ways-to-use-glass-block-in-your-home-design-46196/
https://www.bobvila.com/articles/ductless-mini-splits-vs-window-air-conditioners/;301;https://www.bobvila.com/articles/best-heat-pump/
https://www.bobvila.com/articles/best-miter-box-set/;301;https://www.bobvila.com/articles/best-miter-saw/
https://www.bobvila.com/articles/how-to-plant-grass-seed/;301;https://www.bobvila.com/articles/how-to-overseed-a-lawn/
https://www.bobvila.com/articles/do-led-lights-attract-bugs/;301;https://www.bobvila.com/slideshow/30-things-in-your-house-that-are-attracting-bugs-and-rodents-256845/
https://www.bobvila.com/slideshow/15-shipping-pallet-projects-for-the-diy-home-47242/;301;https://www.bobvila.com/slideshow/trash-to-treasure-14-creative-ways-to-make-good-use-of-old-stuff-45831/
https://www.bobvila.com/articles/best-motion-sensor-light-installation-spots/;301;https://www.bobvila.com/articles/best-outdoor-motion-sensor-lights/
https://www.bobvila.com/articles/cost-to-paint-garage-door/;301;https://www.bobvila.com/articles/how-to-paint-a-garage-door/
https://www.bobvila.com/articles/316-home-sweet-container/;301;https://www.bobvila.com/articles/container-home-cost/
https://www.bobvila.com/articles/should-i-get-professional-monitoring/;301;https://www.bobvila.com/articles/are-home-security-systems-worth-it/
https://www.bobvila.com/articles/ac-condenser-replacement-cost/;301;https://www.bobvila.com/articles/ac-repair-cost/
https://www.bobvila.com/articles/cricket-vs-grasshopper/;301;https://www.bobvila.com/articles/common-garden-pests/
https://www.bobvila.com/slideshow/12-secret-uses-for-dr-bronner-s-soap-51496/;301;https://www.bobvila.com/articles/surprising-household-item-uses-2023/
https://www.bobvila.com/articles/how-much-does-a-professional-organizer-cost/;301;https://www.bobvila.com/articles/professional-organizer/
https://www.bobvila.com/articles/bamboo-flooring-cost/;301;https://www.bobvila.com/articles/flooring-installation-cost/
https://www.bobvila.com/articles/how-much-do-smart-locks-cost/;301;https://www.bobvila.com/articles/best-smart-lock/
https://www.bobvila.com/slideshow/11-unusual-uses-for-a-bungee-cord-51070/;301;https://www.bobvila.com/articles/surprising-household-item-uses-2023/
https://www.bobvila.com/articles/smoker-vs-grill/;301;https://www.bobvila.com/articles/best-smoker/
https://www.bobvila.com/articles/best-chalk-paint/;301;https://www.bobvila.com/articles/best-interior-paint/
https://www.bobvila.com/slideshow/do-these-8-things-and-never-pay-for-plants-again-51257/;301;https://www.bobvila.com/articles/free-gardening-supplies/
https://www.bobvila.com/articles/cost-to-replace-kitchen-sink/;301;https://www.bobvila.com/articles/install-kitchen-sink/
https://www.bobvila.com/articles/top-tips-for-taking-down-the-christmas-tree/;301;https://www.bobvila.com/articles/when-to-put-up-and-take-down-christmas-decorations/
https://www.bobvila.com/slideshow/8-clever-ways-to-use-post-it-notes-49133/;301;https://www.bobvila.com/articles/surprising-household-item-uses-2023/
https://www.bobvila.com/slideshow/10-classic-diy-projects-for-the-outdoors-47340/;301;https://www.bobvila.com/slideshow/10-outdoor-diys-you-can-do-for-a-dollar-49930/
https://www.bobvila.com/articles/do-security-cameras-deter-crime/;301;https://www.bobvila.com/articles/are-home-security-systems-worth-it/
https://www.bobvila.com/slideshow/9-things-you-re-doing-to-make-your-home-dustier-49819/;301;https://www.bobvila.com/articles/why-is-my-house-so-dusty/
https://www.bobvila.com/articles/best-air-conditioner/;301;https://www.bobvila.com/articles/best-energy-efficient-air-conditioners/
https://www.bobvila.com/articles/best-couches-under-1000/;301;https://www.bobvila.com/articles/best-sofa-brands/
https://www.bobvila.com/articles/best-light-bulbs-for-bathroom/;301;https://www.bobvila.com/articles/best-light-bulb/
https://www.bobvila.com/articles/building-a-carport/;301;https://www.bobvila.com/slideshow/12-clever-carport-ideas-that-go-above-and-beyond-extra-parking-space-579218/
https://www.bobvila.com/slideshow/18-big-storage-ideas-to-steal-from-tiny-homes-49707/;301;https://www.bobvila.com/articles/small-space-storage-ideas/
https://www.bobvila.com/articles/rat-vs-mouse/;301;https://www.bobvila.com/articles/how-to-get-rid-of-mice/
https://www.bobvila.com/slideshow/21-ways-to-create-a-spa-bath-at-home-2430/;301;https://www.bobvila.com/articles/bathroom-remodel-ideas/
https://www.bobvila.com/articles/garage-door-repair-cost/;301;https://www.bobvila.com/articles/2449-garage-doors-101/
https://www.bobvila.com/articles/genius-terracotta-pot-heater/;301;https://www.bobvila.com/articles/how-to-stay-warm-without-heat/
https://www.bobvila.com/slideshow/10-plumbing-tips-everyone-needs-to-know-52180/;301;https://www.bobvila.com/slideshow/12-things-your-plumber-wishes-you-knew-50323/
https://www.bobvila.com/slideshow/the-weirdest-things-anyone-has-ever-used-to-make-an-awesome-diy-christmas-wreath-52523/;301;https://www.bobvila.com/articles/how-to-make-a-wreath/
https://www.bobvila.com/articles/best-mini-fridge/;301;https://www.bobvila.com/articles/best-refrigerator-brands/
https://www.bobvila.com/articles/the-pink-stuff/;301;https://www.bobvila.com/articles/best-kitchen-cleaner/
https://www.bobvila.com/exterior/storm-proofing-outdoor-security-cameras/;301;https://www.bobvila.com/articles/where-to-place-security-cameras/
https://www.bobvila.com/articles/thermostat-replacement-cost/;301;https://www.bobvila.com/articles/best-home-thermostat/
https://www.bobvila.com/articles/how-to-deodorize-trash-can/;301;https://www.bobvila.com/articles/how-to-get-rid-of-odors-in-house/
https://www.bobvila.com/slideshow/these-homes-are-time-capsules-of-past-trends-53359/;301;https://www.bobvila.com/slideshow/15-old-house-features-we-were-wrong-to-abandon-46066/
https://www.bobvila.com/articles/best-milwaukee-drills/;301;https://www.bobvila.com/articles/best-cordless-drills-buyers-guides/
https://www.bobvila.com/articles/radon-inspection-cost/;301;https://www.bobvila.com/articles/radon-in-homes/
https://www.bobvila.com/articles/landlord-insurance-vs-homeowners-insurance/;301;https://www.bobvila.com/articles/types-of-homeowners-insurance/
https://www.bobvila.com/articles/cost-of-countertops/;301;https://www.bobvila.com/articles/best-countertop-material/
https://www.bobvila.com/articles/shiplap-cost/;301;https://www.bobvila.com/articles/shiplap/
https://www.bobvila.com/lawn-and-garden/hydrangea-season-2024/;301;https://www.bobvila.com/slideshow/plant-these-12-hydrangeas-for-a-showstopping-garden-3722/
https://www.bobvila.com/articles/termite-treatment-cost/;301;https://www.bobvila.com/articles/best-termite-treatment/
https://www.bobvila.com/articles/washing-machine-repair-cost/;301;https://www.bobvila.com/articles/who-to-call-to-fix-washing-machine/
https://www.bobvila.com/articles/queen-anne-house/;301;https://www.bobvila.com/articles/339-know-your-house-styles/
https://www.bobvila.com/articles/armadillos-moving-north/;301;https://www.bobvila.com/articles/how-to-get-rid-of-armadillos/
https://www.bobvila.com/slideshow/15-smart-ways-to-store-the-kitchen-necessities-33794/;301;https://www.bobvila.com/articles/kitchen-storage-hacks/
https://www.bobvila.com/articles/container-pool-cost/;301;https://www.bobvila.com/articles/how-much-does-it-cost-to-build-a-pool/
https://www.bobvila.com/slideshow/14-eye-catching-options-for-your-front-door-8454/;301;https://www.bobvila.com/slideshow/10-welcoming-front-door-paint-colors-46830/
https://www.bobvila.com/articles/hornet-nest-removal-cost/;301;https://www.bobvila.com/articles/how-to-get-rid-of-hornets/
https://www.bobvila.com/articles/best-organizers-for-cluttered-garages/;301;https://www.bobvila.com/articles/best-garage-storage-systems/
https://www.bobvila.com/articles/upholstery-cleaning-cost/;301;https://www.bobvila.com/articles/best-upholstery-cleaner/
https://www.bobvila.com/articles/hot-tub-cost/;301;https://www.bobvila.com/articles/best-hot-tub-brands/
https://www.bobvila.com/articles/best-water-storage-container/;301;https://www.bobvila.com/articles/bug-out-bag-list/
https://www.bobvila.com/articles/pella-windows-cost/;301;https://www.bobvila.com/articles/window-replacement-cost/
https://www.bobvila.com/articles/how-to-get-a-handyman-license/;301;https://www.bobvila.com/articles/how-to-start-a-handyman-business/
https://www.bobvila.com/articles/apron-front-sinks/;301;https://www.bobvila.com/articles/best-farmhouse-sink/
https://www.bobvila.com/articles/dishwasher-repair-cost/;301;https://www.bobvila.com/articles/repair-or-replace-dishwasher/
https://www.bobvila.com/articles/best-christmas-inflatable/;301;https://www.bobvila.com/articles/best-outdoor-christmas-decorations/
https://www.bobvila.com/slideshow/9-reasons-you-should-mulch-your-garden-every-fall-577469/;301;https://www.bobvila.com/articles/mulching-the-garden/
https://www.bobvila.com/articles/wood-garage-door-cost/;301;https://www.bobvila.com/articles/best-garage-doors/
https://www.bobvila.com/articles/green-roof-cost/;301;https://www.bobvila.com/articles/rooftop-garden/
https://www.bobvila.com/articles/best-leather-cleaner/;301;https://www.bobvila.com/articles/how-to-clean-leather-furniture/
https://www.bobvila.com/articles/corian-countertops-cost/;301;https://www.bobvila.com/articles/solid-surface-countertops/
https://www.bobvila.com/articles/pool-heater-cost/;301;https://www.bobvila.com/articles/best-pool-heater/
https://www.bobvila.com/slideshow/10-inventive-outdoor-lighting-projects-to-diy-for-the-holidays-49588/;301;https://www.bobvila.com/articles/tips-for-hanging-christmas-lights/
https://www.bobvila.com/articles/double-pane-windows-cost/;301;https://www.bobvila.com/articles/window-replacement-cost/
https://www.bobvila.com/slideshow/the-9-smartest-ways-to-organize-your-entire-home-with-s-hooks-52792/;301;https://www.bobvila.com/slideshow/get-organized-25-clever-ideas-for-repurposed-storage-5752/
https://www.bobvila.com/articles/best-ductless-air-conditioner/;301;https://www.bobvila.com/articles/best-heat-pump/
https://www.bobvila.com/articles/knob-and-tube-wiring-replacement-cost/;301;https://www.bobvila.com/articles/cost-to-rewire-a-house/
https://www.bobvila.com/articles/cost-to-install-crown-molding/;301;https://www.bobvila.com/articles/crown-molding/
https://www.bobvila.com/articles/how-to-fill-nail-holes/;301;https://www.bobvila.com/articles/how-to-fix-nail-holes/
https://www.bobvila.com/articles/garage-door-panel-replacement-cost/;301;https://www.bobvila.com/articles/garage-door-replacement-cost/
https://www.bobvila.com/articles/remove-rust-stains/;301;https://www.bobvila.com/articles/how-to-remove-rust/
https://www.bobvila.com/reviews/best-composite-decking/;301;https://www.bobvila.com/articles/best-composite-decking-brands/
https://www.bobvila.com/articles/how-to-hang-christmas-lights-outside/;301;https://www.bobvila.com/articles/tips-for-hanging-christmas-lights/
https://www.bobvila.com/articles/best-home-repair-services/;301;https://www.bobvila.com/articles/home-improvement-heroes-2024/
https://www.bobvila.com/articles/best-kitchen-remodeling-companies/;301;https://www.bobvila.com/articles/kitchen-remodel-cost/
https://www.bobvila.com/articles/how-much-does-it-cost-to-move-a-piano/;301;https://www.bobvila.com/articles/how-much-do-movers-cost/
https://www.bobvila.com/articles/whole-house-humidifier-cost/;301;https://www.bobvila.com/articles/best-whole-house-humidifier/
https://www.bobvila.com/articles/barndominium-cost/;301;https://www.bobvila.com/articles/barndominium-cost-vs-house/
https://www.bobvila.com/articles/does-home-warranty-cover-hvac/;301;https://www.bobvila.com/articles/what-is-a-home-warranty/
https://www.bobvila.com/articles/leaf-filter-cost/;301;https://www.bobvila.com/articles/gutter-guard-cost/
https://www.bobvila.com/slideshow/8-new-things-you-can-do-with-old-board-games-48318/;301;https://www.bobvila.com/articles/repurpose-clutter/
https://www.bobvila.com/slideshow/10-clever-ways-to-use-baking-soda-for-fresher-indoor-air-577502/;301;https://www.bobvila.com/articles/baking-soda-uses/
https://www.bobvila.com/articles/inground-pool-cost/;301;https://www.bobvila.com/articles/how-much-does-it-cost-to-build-a-pool/
https://www.bobvila.com/articles/ring-doorbell-cost/;301;https://www.bobvila.com/articles/best-wireless-doorbell/
https://www.bobvila.com/articles/refrigerator-repair-cost/;301;https://www.bobvila.com/articles/repair-or-replace-refrigerator/
https://www.bobvila.com/articles/best-interior-design-schools/;301;https://www.bobvila.com/articles/best-online-interior-design-courses/
https://www.bobvila.com/slideshow/7-cool-inventions-that-will-help-you-save-money-on-your-heating-bill-52531/;301;https://www.bobvila.com/articles/home-heating-mistakes/
https://www.bobvila.com/articles/interior-car-detailing/;301;https://www.bobvila.com/slideshow/15-genius-tricks-for-keeping-your-car-clean-51451/
https://www.bobvila.com/slideshow/no-ultimate-workshop-is-complete-without-these-tools-and-accessories-53088/;301;https://www.bobvila.com/articles/carpenters-dream-workshop-products/
https://www.bobvila.com/slideshow/10-color-mistakes-everyone-makes-48868/;301;https://www.bobvila.com/slideshow/the-13-painting-mistakes-almost-everyone-makes-48420/
https://www.bobvila.com/slideshow/don-t-make-these-7-mistakes-in-small-spaces-48562/;301;https://www.bobvila.com/slideshow/21-things-people-get-wrong-about-decorating-small-spaces-53290/
https://www.bobvila.com/slideshow/the-9-best-lighting-picks-for-your-bedroom-48392/;301;https://www.bobvila.com/articles/best-online-lighting-stores/
https://www.bobvila.com/slideshow/5-signs-you-need-to-start-filtering-your-home-s-water-52723/;301;https://www.bobvila.com/articles/best-whole-house-water-filter/
https://www.bobvila.com/slideshow/7-tricks-to-test-a-tool-s-quality-at-the-hardware-store-51371/;301;https://www.bobvila.com/diy/best-tools-for-building-the-essential-toolbox/
https://www.bobvila.com/slideshow/the-secrets-behind-how-paint-brands-choose-their-colors-of-the-year-53188/;410;
https://www.bobvila.com/articles/state-tax-holidays/;410;
https://www.bobvila.com/articles/uninsurable-homes-after-wildfires/;410;
https://www.bobvila.com/slideshow/10-design-trends-we-didn-t-see-coming-before-the-pandemic-577660/;410;
https://www.bobvila.com/slideshow/13-renovation-lessons-you-don-t-want-to-learn-the-hard-way-50844/;410;
https://www.bobvila.com/articles/less-wasteful-while-moving/;410;
https://www.bobvila.com/articles/produce-storage-hacks/;410;
https://www.bobvila.com/articles/use-skills-for-community/;410;
https://www.bobvila.com/articles/buy-a-home-on-tiktok/;410;
https://www.bobvila.com/slideshow/15-outdoor-entertaining-tips-for-stress-free-summer-hosting-579837/;410;
https://www.bobvila.com/articles/extreme-drought-affects-homeowners/;410;
https://www.bobvila.com/articles/what-is-a-fuel-cell/;410;
https://www.bobvila.com/articles/house-hunting-wildfire-region/;410;
https://www.bobvila.com/articles/eco-friendly-design-trends-that-will-be-everywhere/;410;
https://www.bobvila.com/slideshow/10-house-hunting-lessons-you-can-learn-from-the-tv-shows-52638/;410;
https://www.bobvila.com/articles/stanley-memorial-day-2024/;410;
https://www.bobvila.com/articles/lowes-mothers-day-giveaway/;410;
https://www.bobvila.com/articles/recalls-november-2023/;410;
https://www.bobvila.com/articles/women-owned-home-and-garden-brands/;410;
https://www.bobvila.com/slideshow/10-ways-to-prank-proof-your-home-on-halloween-50543/;410;
https://www.bobvila.com/slideshow/6-mistakes-homeowners-make-every-summer-49032/;410;
https://www.bobvila.com/articles/2022-fall-foliage-map/;410;
https://www.bobvila.com/articles/home-buyers-relocate-to-extreme-drought-regions/;410;
https://www.bobvila.com/articles/how-to-create-immunity-garden/;410;
https://www.bobvila.com/articles/household-bans/;410;
https://www.bobvila.com/slideshow/the-top-8-ways-to-hack-your-grill-50307/;410;
https://www.bobvila.com/slideshow/20-things-you-should-never-leave-out-in-the-yard-52833/;410;
https://www.bobvila.com/articles/climate-change-home-features/;410;
https://www.bobvila.com/articles/lawn-garden-deals-lowes-springfest-2023/;410;
https://www.bobvila.com/articles/ways-to-save-on-gas-at-home/;410;
https://www.bobvila.com/slideshow/your-post-halloween-cleanup-guide-48165/;410;
https://www.bobvila.com/articles/bv-reader-loved-products-march/;410;
https://www.bobvila.com/articles/house-flippers-on-social-media/;410;
https://www.bobvila.com/slideshow/10-important-grilling-safety-tips-to-know-for-barbecue-season-579943/;410;
https://www.bobvila.com/articles/spring-home-decor-ideas/;410;
https://www.bobvila.com/articles/harbor-freight-3-day-sale/;410;
https://www.bobvila.com/slideshow/15-projects-you-should-always-take-outside-55088/;410;
https://www.bobvila.com/articles/goblincore/;410;
https://www.bobvila.com/articles/cicada-emergence/;410;
https://www.bobvila.com/articles/amazon-big-spring-sale-2024/;410;
https://www.bobvila.com/articles/best-dewalt-deals/;410;
https://www.bobvila.com/articles/adt-exits-solar-business/;410;
https://www.bobvila.com/articles/lawn-garden-deals-lowes-springfest-2024/;410;
https://www.bobvila.com/articles/home-renovation-delays/;410;
https://www.bobvila.com/articles/what-3d-printed-house-means-for-the-future-of-new-construction/;410;
https://www.bobvila.com/articles/swap-meet/;410;
https://www.bobvila.com/articles/sustainable-home-decorating-tips/;410;
https://www.bobvila.com/articles/6-cool-ways-to-use-apple-airtags/;410;
https://www.bobvila.com/reviews/lowes-july-2024-sale/;410;
https://www.bobvila.com/slideshow/7-reasons-to-be-a-no-shoes-house-53098/;410;
https://www.bobvila.com/slideshow/7-surprising-items-burglars-want-to-steal-from-you-51657/;410;
https://www.bobvila.com/articles/ikea-shopping-secrets/;410;
https://www.bobvila.com/articles/what-is-scandinavian-design/;410;
https://www.bobvila.com/articles/what-is-hygge/;410;
https://www.bobvila.com/articles/jacuzzi-history/;410;
https://www.bobvila.com/articles/most-popular-things-bob-vila-readers-bought/;410;
https://www.bobvila.com/articles/editor-sustainable-swaps/;410;
https://www.bobvila.com/articles/lumber-prices-building-materials-2022/;410;
https://www.bobvila.com/slideshow/10-things-the-landscaper-won-t-tell-you-for-free-52845/;410;
https://www.bobvila.com/articles/coastal-grandmother-style/;410;
https://www.bobvila.com/articles/chlorine-shortage/;410;
https://www.bobvila.com/articles/craftsman-fan-deal-at-lowes/;410;
https://www.bobvila.com/slideshow/keep-your-cool-with-10-diy-ice-chests-44659/;410;
https://www.bobvila.com/slideshow/the-10-best-amazonbasics-products-for-your-home-51956/;410;
https://www.bobvila.com/articles/january-reader-projects-and-tasks/;410;
https://www.bobvila.com/articles/the-history-of-cobblestones/;410;
https://www.bobvila.com/articles/fake-reviews/;410;
https://www.bobvila.com/articles/how-to-negotiate-home-improvement-decisions-with-your-partner/;410;
https://www.bobvila.com/articles/diy-home-improvement/;410;
https://www.bobvila.com/articles/recalls-fall-2023/;410;
https://www.bobvila.com/articles/best-fire-damage-restoration-services/;410;
https://www.bobvila.com/slideshow/10-things-to-do-now-for-a-better-garden-next-year-49375/;410;
https://www.bobvila.com/articles/power-washing-services/;410;
https://www.bobvila.com/slideshow/what-makes-the-ultimate-wall-48242/;410;
https://www.bobvila.com/slideshow/no-these-10-diy-projects-are-not-essential-53507/;410;
https://www.bobvila.com/articles/dewalt-oscillating-tool-deal/;410;
https://www.bobvila.com/slideshow/12-times-goo-gone-saves-the-day-52824/;410;
https://www.bobvila.com/articles/best-tool-deals-january-2024/;410;
https://www.bobvila.com/articles/online-estate-sale/;410;
https://www.bobvila.com/articles/indoor-decor-from-your-outdoor-garden/;410;
https://www.bobvila.com/articles/art-deco-style/;410;
https://www.bobvila.com/slideshow/8-things-to-know-before-you-set-foot-in-a-plant-store-51172/;410;
https://www.bobvila.com/articles/how-to-store-glassware/;410;
https://www.bobvila.com/articles/pros-and-cons-of-building-a-house/;410;
https://www.bobvila.com/articles/decorate-with-your-crafts/;410;
https://www.bobvila.com/slideshow/9-paint-color-rules-worth-breaking-50020/;410;
https://www.bobvila.com/articles/questions-about-houses/;410;
https://www.bobvila.com/slideshow/7-extraordinary-household-uses-for-beer-48944/;410;
https://www.bobvila.com/articles/preservationists-old-home/;410;
https://www.bobvila.com/articles/bob-vila-editors-favorite-home-purchases/;410;
https://www.bobvila.com/articles/when-to-wear-gloves/;410;
https://www.bobvila.com/articles/best-celebrity-home-decor-lines/;410;
https://www.bobvila.com/design/paris-olympics-sustainability/;410;
https://www.bobvila.com/slideshow/22-effortless-ways-to-make-less-trash-52151/;410;
https://www.bobvila.com/articles/dangerous-pool-mistakes/;410;
https://www.bobvila.com/articles/mushroomcore/;410;
https://www.bobvila.com/articles/pipe-heat-cable-deal-2024/;410;
https://www.bobvila.com/articles/reconsider-renovating-home/;410;
https://www.bobvila.com/articles/mid-century-modern/;410;
https://www.bobvila.com/articles/outdoor-kitchen-essentials-under-1000/;410;
https://www.bobvila.com/articles/pool-inspection-cost/;410;
https://www.bobvila.com/articles/where-to-find-air-conditioners/;410;
https://www.bobvila.com/slideshow/10-ways-you-re-killing-your-curb-appeal-51980/;410;
https://www.bobvila.com/articles/interior-design-styles/;410;
https://www.bobvila.com/articles/pool-safety-tips/;410;
https://www.bobvila.com/slideshow/10-things-you-didn-t-know-chapstick-can-do-50703/;410;
https://www.bobvila.com/articles/childproof-yard-and-garden/;410;
https://www.bobvila.com/articles/what-to-do-with-old-computers/;410;
https://www.bobvila.com/articles/420-childproofing-checklist/;410;
https://www.bobvila.com/articles/replace-paper-products/;410;
https://www.bobvila.com/articles/junk-hauler/;410;
https://www.bobvila.com/articles/amazon-big-spring-lawn-mower-sale/;410;
https://www.bobvila.com/articles/recycling-symbols/;410;
https://www.bobvila.com/articles/most-valuable-projects-2022-kitchen-remodel/;410;
https://www.bobvila.com/articles/reversible-architecture/;410;
https://www.bobvila.com/articles/most-useful-home-products/;410;
https://www.bobvila.com/articles/natures-miracle-stain-and-odor-remover-review/;410;
https://www.bobvila.com/slideshow/10-useful-items-you-should-keep-on-your-nightstand-51890/;410;
https://www.bobvila.com/slideshow/7-fertilizer-mistakes-most-home-gardeners-make-579235/;410;
https://www.bobvila.com/articles/backyard-tree-playtime/;410;
https://www.bobvila.com/slideshow/10-decorating-mistakes-that-make-your-house-look-smaller-50635/;410;
https://www.bobvila.com/articles/best-furniture-at-kohls/;410;
https://www.bobvila.com/slideshow/10-things-you-should-never-paint-50581/;410;
https://www.bobvila.com/articles/air-fryer-saves-energy/;410;
https://www.bobvila.com/slideshow/how-to-grow-fresh-produce-from-your-leftover-groceries-48787/;410;
https://www.bobvila.com/articles/habitat-for-humanity-pride-month-2024/;410;
https://www.bobvila.com/slideshow/banish-the-bland-8-inspiring-ideas-for-a-handsome-hallway-46567/;410;
https://www.bobvila.com/articles/drying-herbs/;410;
https://www.bobvila.com/slideshow/8-pest-control-myths-you-shouldn-t-believe-578163/;410;
https://www.bobvila.com/slideshow/7-ways-you-re-vacuuming-wrong-49315/;410;
https://www.bobvila.com/articles/why-is-there-a-toilet-here/;410;
https://www.bobvila.com/articles/handy-review/;410;
https://www.bobvila.com/slideshow/the-suburban-skyline-roof-styles-of-america-46903/;410;
https://www.bobvila.com/articles/skilled-worker-shortage/;410;
https://www.bobvila.com/slideshow/10-tips-for-surviving-a-renovation-mess-53383/;410;
https://www.bobvila.com/slideshow/11-things-your-contractor-won-t-tell-you-for-free-51831/;410;
https://www.bobvila.com/articles/building-codes-natural-disasters/;410;
https://www.bobvila.com/articles/trap-plants/;410;
https://www.bobvila.com/articles/3d-printed-homes-recycled-plastic/;410;
https://www.bobvila.com/articles/fresh-food-donation/;410;
https://www.bobvila.com/articles/home-improvement-loans-by-state/;410;
https://www.bobvila.com/slideshow/10-ways-to-make-your-bathroom-much-safer-53177/;410;
https://www.bobvila.com/slideshow/8-things-you-should-keep-in-your-fridge-but-shouldn-t-eat-53137/;410;
https://www.bobvila.com/articles/things-home-inspectors-miss/;410;
https://www.bobvila.com/slideshow/14-reasons-to-love-exposed-brick-51024/;410;
https://www.bobvila.com/articles/repurpose-old-house-features/;410;
https://www.bobvila.com/articles/my-lowes-rewards-program/;410;
https://www.bobvila.com/slideshow/11-clever-other-uses-for-plastic-wrap-48517/;410;
https://www.bobvila.com/slideshow/8-things-the-exterminator-won-t-tell-you-for-free-51715/;410;
https://www.bobvila.com/articles/history-of-garden-gnomes/;410;
https://www.bobvila.com/slideshow/15-ideas-for-living-with-white-walls-57147/;410;
https://www.bobvila.com/articles/most-stressful-diy-projects/;410;
https://www.bobvila.com/articles/material-sample-upcycling/;410;
https://www.bobvila.com/slideshow/9-ways-to-use-cork-around-the-house-48651/;410;
https://www.bobvila.com/slideshow/10-things-you-didn-t-know-a-paintbrush-can-do-49899/;410;
https://www.bobvila.com/articles/neighborhood-tool-share/;410;
https://www.bobvila.com/articles/ikeas-new-secondhand-store-could-be-everything-diyers-dream-of/;410;
https://www.bobvila.com/articles/hidden-flip-house-problems/;410;
https://www.bobvila.com/articles/master-planned-community/;410;
https://www.bobvila.com/articles/avoid-the-biggest-home-problems/;410;
https://www.bobvila.com/slideshow/12-ways-to-hack-your-life-using-velcro-48802/;410;
https://www.bobvila.com/articles/natural-gas-appliance-bans/;410;
https://www.bobvila.com/slideshow/8-botanical-themed-reddit-threads-all-plant-parents-should-know-about-579892/;410;
https://www.bobvila.com/slideshow/10-household-headaches-you-can-solve-with-aspirin-49717/;410;
https://www.bobvila.com/articles/what-is-a-kitchenette/;410;
https://www.bobvila.com/articles/first-3d-printed-house-for-sale/;410;
https://www.bobvila.com/articles/earth-day-good-news/;410;
https://www.bobvila.com/reviews/black-decker-battery-trimmer-sale-august-2024/;410;
https://www.bobvila.com/articles/best-lowes-outdoor-accessories/;410;
https://www.bobvila.com/articles/neighborhood-cleanup-day/;410;
https://www.bobvila.com/articles/hgtv-ugliest-house-in-america-makeover/;410;
https://www.bobvila.com/articles/security-system-maintenance/;410;
https://www.bobvila.com/articles/electronic-devices-as-decor/;410;
https://www.bobvila.com/articles/gardening-side-hustles/;410;
https://www.bobvila.com/articles/one-drawback-of-smart-thermostats/;410;
https://www.bobvila.com/articles/new-ways-to-use-your-old-smartphone-at-home/;410;
https://www.bobvila.com/slideshow/9-little-tricks-to-make-trash-day-less-of-a-chore-49957/;410;
https://www.bobvila.com/articles/best-washer-and-dryer-deals/;410;
https://www.bobvila.com/articles/home-security-gadgets-for-airbnb-hosts/;410;
https://www.bobvila.com/articles/how-to-start-a-neighborhood-watch/;410;
https://www.bobvila.com/articles/water-restrictions/;410;
https://www.bobvila.com/articles/60-30-10-rule/;410;
https://www.bobvila.com/articles/craft-room-ideas/;410;
https://www.bobvila.com/articles/look-alike-flooring/;410;
https://www.bobvila.com/slideshow/10-things-to-know-about-disposing-of-old-electronics-53053/;410;
https://www.bobvila.com/slideshow/7-secrets-of-assembling-ikea-furniture-52331/;410;
https://www.bobvila.com/articles/heating-oil-delivery/;410;
https://www.bobvila.com/articles/generac-generator-recall-2023/;410;
https://www.bobvila.com/articles/paint-pro-secrets/;410;
https://www.bobvila.com/slideshow/13-unusual-ways-to-use-what-s-in-your-spice-rack-51292/;410;
https://www.bobvila.com/slideshow/10-unexpected-things-to-put-in-your-freezer-and-why-49611/;410;
https://www.bobvila.com/articles/havenly-review/;410;
https://www.bobvila.com/slideshow/these-are-the-12-best-things-you-can-do-for-your-ac-52952/;410;
https://www.bobvila.com/slideshow/12-things-an-arborist-wishes-you-knew-53406/;410;
https://www.bobvila.com/articles/10-things-you-can-do-with-a-french-press/;410;
https://www.bobvila.com/reviews/ace-hardware-100th-anniversary/;410;
https://www.bobvila.com/slideshow/12-ways-to-clean-your-home-while-you-sleep-53340/;410;
https://www.bobvila.com/articles/interior-designer-cost/;410;
https://www.bobvila.com/articles/bv-reader-loved-products-february/;410;
https://www.bobvila.com/slideshow/expecting-11-home-renovations-to-complete-before-baby-arrives-580468/;410;
https://www.bobvila.com/articles/home-energy-audit-cost/;410;
https://www.bobvila.com/slideshow/11-totally-unexpected-uses-for-kool-aid-51527/;410;
https://www.bobvila.com/articles/lowes-grill-sale-summer-2024/;410;
https://www.bobvila.com/articles/appliance-repair-cost/;410;
https://www.bobvila.com/articles/ego-lawn-mower-amazon-sale/;410;
https://www.bobvila.com/slideshow/12-clever-ways-to-store-your-masks-at-home-and-on-the-go-580592/;410;
https://www.bobvila.com/articles/how-to-recycle-at-home/;410;
https://www.bobvila.com/slideshow/9-top-tips-for-a-bathroom-that-cleans-itself-50654/;410;
https://www.bobvila.com/articles/peanut-butter-uses/;410;
https://www.bobvila.com/lawn-and-garden/how-to-forage-at-home/;410;
https://www.bobvila.com/articles/best-dewalt-tools-home-depot/;410;
https://www.bobvila.com/slideshow/11-surprising-alternative-uses-for-elmer-s-glue-49289/;410;
https://www.bobvila.com/slideshow/14-things-you-should-always-keep-near-the-kitchen-sink-51210/;410;
https://www.bobvila.com/slideshow/10-sober-alternative-uses-for-alcohol-at-home-47395/;410;
https://www.bobvila.com/slideshow/10-things-no-one-tells-you-about-tiny-houses-52896/;410;
https://www.bobvila.com/slideshow/7-houseplants-with-secret-health-benefits-51668/;410;
https://www.bobvila.com/articles/how-to-store-tomatoes/;410;
https://www.bobvila.com/slideshow/designers-reveal-their-top-10-ikea-go-tos-50940/;410;
https://www.bobvila.com/articles/tiny-house-living/;410;
https://www.bobvila.com/articles/light-bulb-craft-repurpose/;410;
https://www.bobvila.com/articles/organizing-with-silicone-baking-cups/;410;
https://www.bobvila.com/slideshow/10-home-depot-shopping-secrets-only-the-savviest-diyers-know-about-578244/;410;
https://www.bobvila.com/articles/sofa-with-chaise-trend/;410;
https://www.bobvila.com/articles/18275-planning-guide-home-theater/;410;
https://www.bobvila.com/interior/remove-pfas-in-drinking-water/;410;
https://www.bobvila.com/articles/faux-marble-paint-effect/;410;
https://www.bobvila.com/articles/shopper-loved-wayfair-items/;410;
https://www.bobvila.com/articles/national-rebuilding-day/;410;
https://www.bobvila.com/articles/harbor-freight-coupons/;410;
https://www.bobvila.com/articles/roof-cleaning-costs/;410;
https://www.bobvila.com/articles/best-mattress-pad/;410;
https://www.bobvila.com/slideshow/13-eye-popping-ways-to-decorate-with-pampas-grass-at-home-577938/;410;
https://www.bobvila.com/articles/best-patio-furniture-deals-home-depot/;410;
https://www.bobvila.com/articles/home-improvement-movies/;410;
https://www.bobvila.com/articles/hummingbird-facts/;410;
https://www.bobvila.com/slideshow/11-problems-you-can-solve-with-paint-49818/;410;
https://www.bobvila.com/design/interior-design/gold-home-decor/;410;
https://www.bobvila.com/slideshow/10-surprising-things-you-can-do-with-a-plastic-straw-51171/;410;
https://www.bobvila.com/slideshow/15-ways-to-get-a-nearly-maintenance-free-home-exterior-47425/;410;
https://www.bobvila.com/articles/tornado-alley-shifting-east/;410;
https://www.bobvila.com/slideshow/10-problems-that-are-caused-by-dry-indoor-air-53261/;410;
https://www.bobvila.com/articles/free-bosch-tools-at-lowes-summer-2024/;410;
https://www.bobvila.com/articles/best-lawn-ornaments/;410;
https://www.bobvila.com/articles/floor-ideas-under-50/;410;
https://www.bobvila.com/slideshow/11-ways-to-make-the-most-of-your-town-s-curbside-cleanup-day-581589/;410;
https://www.bobvila.com/slideshow/10-lowe-s-shopping-secrets-all-diyers-should-know-about-578622/;410;
https://www.bobvila.com/articles/electronics-taking-over/;410;
https://www.bobvila.com/articles/expensive-countertop-appliances/;410;
https://www.bobvila.com/articles/does-having-a-dog-deter-burglars/;410;
https://www.bobvila.com/articles/best-mattress-protector/;410;
https://www.bobvila.com/articles/what-is-a-lanai/;410;
https://www.bobvila.com/articles/how-to-claim-tax-breaks/;410;
https://www.bobvila.com/articles/turning-a-starter-home-into-forever-home/;410;
https://www.bobvila.com/articles/japandi-interior-design/;410;
https://www.bobvila.com/slideshow/12-photos-that-prove-wallpaper-still-wows-50989/;410;
https://www.bobvila.com/articles/product-recalls-2024/;410;
https://www.bobvila.com/reviews/lowes-summer-2024-sale-grill-patio/;410;
https://www.bobvila.com/slideshow/10-housekeeping-habits-of-happy-people-350346/;410;
https://www.bobvila.com/lawn-and-garden/safety-with-lawn-and-garden-tools/;410;
https://www.bobvila.com/articles/plumbing-inspection-cost/;410;
https://www.bobvila.com/articles/carpet-repair-cost/;410;
https://www.bobvila.com/articles/backyard-ice-rink/;410;
https://www.bobvila.com/articles/concrete-slabs/;410;
https://www.bobvila.com/articles/what-is-a-loft-in-a-house/;410;
https://www.bobvila.com/articles/what-is-a-den/;410;
https://www.bobvila.com/articles/dirty-paws-on-clean-floors/;410;
https://www.bobvila.com/slideshow/9-times-you-should-replace-rather-than-repair-home-appliances-578764/;410;
https://www.bobvila.com/articles/swedish-fire-torch/;410;
https://www.bobvila.com/articles/signs-of-a-well-preserved-old-home/;410;
https://www.bobvila.com/articles/family-room-vs-living-room/;410;
https://www.bobvila.com/articles/outdoor-reset-boiler-controls/;410;
https://www.bobvila.com/interior/hurricane-season-2024/;410;
https://www.bobvila.com/slideshow/19-things-in-your-home-that-may-have-expired-57358/;410;
https://www.bobvila.com/articles/hvac-inspection-cost/;410;
https://www.bobvila.com/articles/hvac-service-cost/;410;
https://www.bobvila.com/articles/how-to-organize-a-block-party/;410;
https://www.bobvila.com/articles/house-sitter-information/;410;
https://www.bobvila.com/slideshow/10-things-not-to-keep-in-your-basement-52406/;410;
https://www.bobvila.com/articles/black-walnut-tree-identification/;410;
https://www.bobvila.com/slideshow/12-ways-to-check-slush-and-snow-at-the-door-49649/;410;
https://www.bobvila.com/articles/homeadvisor-review/;410;
https://www.bobvila.com/articles/habitat-for-humanity-3d-printed-home/;410;
https://www.bobvila.com/articles/best-mattress-topper/;410;
https://www.bobvila.com/articles/how-to-pack-for-a-move/;410;
https://www.bobvila.com/articles/how-much-does-it-cost-to-move-a-house/;410;
https://www.bobvila.com/articles/best-usb-wall-outlet/;410;
https://www.bobvila.com/slideshow/the-next-level-14-stair-railings-to-elevate-your-home-design-47126/;410;
https://www.bobvila.com/slideshow/9-extraordinary-uses-for-bubble-wrap-51766/;410;
https://www.bobvila.com/articles/best-ice-makers/;410;
https://www.bobvila.com/articles/baths-for-the-brave-on-veterans-day/;410;
https://www.bobvila.com/articles/best-carpenter-pencil/;410;
https://www.bobvila.com/articles/best-tool-subscription-boxes/;410;
https://www.bobvila.com/articles/boil-water-advisory/;410;
https://www.bobvila.com/articles/best-gifts-for-yeti-lovers/;410;
https://www.bobvila.com/articles/how-to-dry-mushrooms/;410;
https://www.bobvila.com/articles/homeadvisor-vs-angi/;410;
https://www.bobvila.com/articles/yard-inflatables-trendy-or-tacky/;410;
https://www.bobvila.com/articles/666-contracting-the-contractors/;410;
https://www.bobvila.com/articles/dishwasher-vs-hand-washing/;410;
https://www.bobvila.com/articles/clean-home-after-illness/;410;
https://www.bobvila.com/articles/christmas-tree-needles/;410;
https://www.bobvila.com/articles/best-halloween-projectors/;410;
https://www.bobvila.com/slideshow/15-things-never-to-put-in-the-microwave-51421/;410;
https://www.bobvila.com/articles/lock-bumping/;410;
https://www.bobvila.com/articles/how-to-get-rid-of-static-cling/;410;
https://www.bobvila.com/articles/minimalism-methods/;410;
https://www.bobvila.com/articles/gardening-is-good-for-you/;410;
https://www.bobvila.com/articles/easy-thanksgiving-cleanup/;410;
https://www.bobvila.com/articles/how-to-dry-peppers/;410;
https://www.bobvila.com/articles/best-christmas-tree-toppers/;410;
https://www.bobvila.com/articles/best-online-interior-design-courses/;410;
https://www.bobvila.com/articles/how-often-you-should-replace-your-mattress/;410;
https://www.bobvila.com/articles/how-to-move-a-piano/;410;
https://www.bobvila.com/articles/best-kitchen-knife-brands/;410;
https://www.bobvila.com/slideshow/20-ways-to-make-less-trash-during-the-holidays-53192/;410;
https://www.bobvila.com/slideshow/see-how-20-historic-homes-decorate-for-the-holidays-53176/;410;
https://www.bobvila.com/interior/farmers-almanac-winter-forecast-2024/;410;
https://www.bobvila.com/articles/thumbtack-vs-homeadvisor/;410;
https://www.bobvila.com/articles/evict-a-tenant/;410;
