Old,New
https://www.wearethemighty.com/articles/the-us-military-took-these-incredible-photos-this-week/,https://www.wearethemighty.com/popular/air-force-basic-training-photos-online/
https://www.wearethemighty.com/articles/this-army-athlete-was-awarded-the-same-olympic-silver-medal-twice/,https://www.wearethemighty.com/mighty-history/these-8-civilians-received-the-medal-of-honor/
https://www.wearethemighty.com/articles/this-hard-working-pup-won-the-coast-guards-annual-photo-contest/,https://www.wearethemighty.com/popular/air-force-basic-training-photos-online/
https://www.wearethemighty.com/articles/this-is-how-russia-could-sweep-nato-from-the-baltic-sea/,https://www.wearethemighty.com/mighty-history/russia-united-states-nuke-1995/
https://www.wearethemighty.com/articles/two-more-9-11-victims-were-identified-just-before-the-20th-anniversary/,https://www.wearethemighty.com/articles/heroes-9-11/
https://www.wearethemighty.com/articles/watch-nasa-launches-planetary-defense-test-from-space-force-base/,https://www.wearethemighty.com/mighty-trending/nasa-has-a-swat-team-and-theyre-good/
https://www.wearethemighty.com/asperiores-odit/battle-of-the-bulge/,https://www.wearethemighty.com/mighty-history/battle-stamford-bridge-vikings/
https://www.wearethemighty.com/lists/a-few-good-new-years-resolutions-for-the-marines/,https://www.wearethemighty.com/lists/16-best-excerpts-greatest-military-speeches-ever-given/
https://www.wearethemighty.com/mighty-culture/ai-guidelines-wont-solve-ethics/,https://www.wearethemighty.com/mighty-history/iran-iraq-war-child-soldiers-mines/
https://www.wearethemighty.com/mighty-culture/beers-drink-favorite-halloween-candy/,https://www.wearethemighty.com/mighty-culture/helicopter-to-summit-everest/
https://www.wearethemighty.com/mighty-culture/geminids-meteor-shower-this-weekend/,https://www.wearethemighty.com/mighty-culture/helicopter-to-summit-everest/
https://www.wearethemighty.com/mighty-culture/sam-chelanga-with-the-wind/,https://www.wearethemighty.com/mighty-culture/how-old-to-join-military/
https://www.wearethemighty.com/mighty-culture/self-care-best-gift-2020/,https://www.wearethemighty.com/mighty-trending/gifts-military-dads-love/
https://www.wearethemighty.com/mighty-history/space-exploration-in-the-military/,https://www.wearethemighty.com/mighty-history/liechtenstein-army-81-men-returned/
https://www.wearethemighty.com/mighty-milspouse/help-kids-understand-deployment-2/,https://www.wearethemighty.com/mighty-culture/advantages-of-military-kids/
https://www.wearethemighty.com/mighty-money/payroll-tax-deferral-considerations/,https://www.wearethemighty.com/articles/the-irs-has-a-plan-to-collect-taxes-in-the-event-of-a-nuclear-war/
https://www.wearethemighty.com/mighty-movies/game-of-thrones-series-finale/,https://www.wearethemighty.com/mighty-movies/military-movie-quotes/
https://www.wearethemighty.com/mighty-movies/marvel-announcements-2021/,https://www.wearethemighty.com/mighty-movies/military-movie-quotes/
https://www.wearethemighty.com/mighty-movies/rogue-squadron/,https://www.wearethemighty.com/mighty-movies/military-movie-quotes/
https://www.wearethemighty.com/mighty-movies/stormtroopers-enforce-social-distancing/,https://www.wearethemighty.com/mighty-movies/military-movie-quotes/
https://www.wearethemighty.com/mighty-movies/tom-cruise-says-top-gun-2-is-definitely-happening/,https://www.wearethemighty.com/articles/the-history-behind-mavericks-jackets-in-both-top-gun-movies/
https://www.wearethemighty.com/mighty-movies/top-gun-2-trailer-2019/,https://www.wearethemighty.com/articles/the-history-behind-mavericks-jackets-in-both-top-gun-movies/
https://www.wearethemighty.com/mighty-movies/world-of-tanks-lets-players-hop-into-intense-armored-combat/,https://www.wearethemighty.com/mighty-history/the-longest-tank-to-tank-kill/
https://www.wearethemighty.com/mighty-survival/flying-during-pandemic/,https://www.wearethemighty.com/articles/you-can-fly-the-darkstar-and-other-planes-from-top-gun-maverick-in-ace-combat-7/
https://www.wearethemighty.com/mighty-survival/front-lines-battle-covid-nurse/,https://www.wearethemighty.com/featured/whiskey-protect-against-covid-19/
https://www.wearethemighty.com/mighty-survival/mental-health-declining-pandemic/,https://www.wearethemighty.com/mighty-trending/veterans-affairs-mental-health-therapy/
https://www.wearethemighty.com/mighty-survival/navy-medical-teams-provide-support/,https://www.wearethemighty.com/mighty-history/the-most-intense-military-medical-training-no-one-talks-about/
https://www.wearethemighty.com/mighty-survival/resilience-during-covid-19/,https://www.wearethemighty.com/featured/whiskey-protect-against-covid-19/
https://www.wearethemighty.com/mighty-survival/travel-risks-covid-19/,https://www.wearethemighty.com/featured/whiskey-protect-against-covid-19/
https://www.wearethemighty.com/mighty-survival/veteran-mental-health-social-distancing/,https://www.wearethemighty.com/mighty-trending/veterans-affairs-mental-health-therapy/
https://www.wearethemighty.com/mighty-survival/video-apps-covid-19/,https://www.wearethemighty.com/featured/whiskey-protect-against-covid-19/
https://www.wearethemighty.com/mighty-tactical/lockheed-helios/,https://www.wearethemighty.com/popular/ka-52-best-attack-helicopter/
https://www.wearethemighty.com/mighty-tactical/now-you-can-help-develop-drones-and-apps-for-the-marine-corps/,https://www.wearethemighty.com/mighty-tactical/the-5-best-sniper-rifles-of-all-time/
https://www.wearethemighty.com/mighty-tactical/this-is-why-russias-newest-carrier-jet-is-such-a-dud/,https://www.wearethemighty.com/mighty-history/russia-united-states-nuke-1995/
https://www.wearethemighty.com/mighty-tactical/tr2-invisible-threats/,https://www.wearethemighty.com/mighty-tactical/the-5-best-sniper-rifles-of-all-time/
https://www.wearethemighty.com/mighty-trending/ask-kids-during-stressful-times/,https://www.wearethemighty.com/articles/truth-behind-basic-training-stress-cards/
https://www.wearethemighty.com/mighty-trending/grandmother-makes-hearing-loss-masks/,https://www.wearethemighty.com/mighty-trending/american-mother-two-internet-famous-vow-destroy-isis/
https://www.wearethemighty.com/mighty-trending/photos-from-keen-sword-exercise/,https://www.wearethemighty.com/popular/air-force-basic-training-photos-online/
https://www.wearethemighty.com/mighty-trending/snowden-covid-invasive-surveillance/,https://www.wearethemighty.com/featured/whiskey-protect-against-covid-19/
https://www.wearethemighty.com/mighty-trending/spouses-honor-ginsburg/,https://www.wearethemighty.com/mighty-history/7-ways-to-prove-your-spouse-is-really-a-spy/
https://www.wearethemighty.com/podcast/this-army-veterans-book-focuses-on-the-stories-of-the-frontline-generation/,https://www.wearethemighty.com/lists/best-military-non-fiction/
https://www.wearethemighty.com/popular/5-old-military-technologies/,https://www.wearethemighty.com/tech/the-8-fastest-man-made-objects-ever/
https://www.wearethemighty.com/popular/space-force-ranks-enlisted/,https://www.wearethemighty.com/popular/best-special-operations-units/
https://www.wearethemighty.com/watch/audiences-are-loving-the-oscar-nominated-film-a-war/,https://www.wearethemighty.com/mighty-movies/15-best-foreign-war-films/