id;post_status
https://taskandpurpose.com/gear/best-running-backpacks/;draft
https://taskandpurpose.com/gear/camelbak-mule-pro-14-review/;draft
https://taskandpurpose.com/gear/best-rolling-backpacks/;draft
https://taskandpurpose.com/gear/best-outdoor-gear-walmart/;draft
https://taskandpurpose.com/gear/praesidus-vince-speranza-a-11-field-watch-review/;draft
https://taskandpurpose.com/gear/military-discounts/;draft
https://taskandpurpose.com/gear/bag-made-war-chaos-everyday-life/;draft
https://taskandpurpose.com/gear/pool-punisher-review/;draft
https://taskandpurpose.com/gear/best-iwb-holsters/;draft
https://taskandpurpose.com/gear/worst-military-issued-gear-veterans/;draft
https://taskandpurpose.com/gear/best-military-field-gear/;draft
https://taskandpurpose.com/gear/gear-reviews/reviews/best-hatchets-for-camping/;draft
https://taskandpurpose.com/gear/best-running-shorts-for-women/;draft
https://taskandpurpose.com/gear/best-camping-gadgets/;draft
https://taskandpurpose.com/gear/best-rooftop-tents/;draft
https://taskandpurpose.com/gear/best-karambit-knives/;draft
https://taskandpurpose.com/gear/gear-review-job-2/;draft
https://taskandpurpose.com/gear/best-north-face-backpacks/;draft
https://taskandpurpose.com/gear/best-altimeter-watches/;draft
https://taskandpurpose.com/gear/the-generals-hot-sauce-review/;draft
https://taskandpurpose.com/gear/best-winter-hiking-boots/;draft
https://taskandpurpose.com/gear/craftsman-mechanics-tool-set-review/;draft
https://taskandpurpose.com/gear/gregory-deva-70-womens-backpack-review/;draft
https://taskandpurpose.com/gear/cyber-monday-deals-camping-outdoor-gear-amazon/;draft
https://taskandpurpose.com/gear/best-backpack-brands/;draft
https://taskandpurpose.com/gear/best-backpacking-water-filters/;draft
https://taskandpurpose.com/gear/best-tool-box/;draft
https://taskandpurpose.com/gear/best-go-bags/;draft
https://taskandpurpose.com/gear/best-field-watches/;draft
https://taskandpurpose.com/gear/best-ballistic-glasses/;draft
https://taskandpurpose.com/gear/best-bow-hunting-backpacks/;draft
https://taskandpurpose.com/gear/walkers-razor-earmuffs-review/;draft
https://taskandpurpose.com/gear/garmin-tactix-7-gps-smartwatch/;draft
https://taskandpurpose.com/gear/esee-6p-knife-review/;draft
https://taskandpurpose.com/gear/best-aviation-watches/;draft
https://taskandpurpose.com/gear/crye-precision-modular-pouch-review/;draft
https://taskandpurpose.com/gear/best-4-person-tents/;draft
https://taskandpurpose.com/gear/best-air-mattresses-for-camping/;draft
https://taskandpurpose.com/gear/gerber-dime-review/;draft
https://taskandpurpose.com/gear/how-to-choose-a-tactical-backpack-mystery-ranch/;draft
https://taskandpurpose.com/gear/mystery-ranch-2-day-assault-pack-review/;draft
https://taskandpurpose.com/gear/best-surefire-flashlights/;draft
https://taskandpurpose.com/gear/best-survival-knives/;draft
https://taskandpurpose.com/gear/altama-otb-maritime-assault-mids-review/;draft
https://taskandpurpose.com/gear/salomon-x-ultra-3-mid-gore-tex-boots-review/;draft
https://taskandpurpose.com/gear/best-gps-watch/;draft
https://taskandpurpose.com/gear/salomon-quest-4d-gtx-forces-2-en-tactical-shoes-review/;draft
https://taskandpurpose.com/gear/best-keychain-flashlights/;draft
https://taskandpurpose.com/gear/mantis-blackbeard-review/;draft
https://taskandpurpose.com/gear/best-ballistic-helmets/;draft
https://taskandpurpose.com/gear/jomashop-sale-orient-watches/;draft
https://taskandpurpose.com/gear/freedom-loving-firearm-forged-pieces-statue-liberty/;draft
https://taskandpurpose.com/gear/mission-impossible-ii-oakley-glasses/;draft
https://taskandpurpose.com/gear/ka-bar-mule-review/;draft
https://taskandpurpose.com/gear/blackhawk-omnivore-holster-review/;draft
https://taskandpurpose.com/gear/best-6-person-tents/;draft
https://taskandpurpose.com/gear/g-shock-military-history/;draft
https://taskandpurpose.com/gear/best-military-phone-plans/;draft
https://taskandpurpose.com/gear/vertx-cof-range-bag-review/;draft
https://taskandpurpose.com/gear/best-hiking-boots-for-women/;draft
https://taskandpurpose.com/gear/leatherman-skeletool-review/;draft
https://taskandpurpose.com/gear/best-bug-out-bags/;draft
https://taskandpurpose.com/gear/best-rain-boots/;draft
https://taskandpurpose.com/gear/best-family-camping-tents/;draft
https://taskandpurpose.com/gear/best-night-vision-goggles/;draft
https://taskandpurpose.com/gear/war-games/;draft
https://taskandpurpose.com/gear/best-tactical-pens/;draft
https://taskandpurpose.com/gear/best-ghillie-suits/;draft
https://taskandpurpose.com/gear/crkt-m16-10ksf-review/;draft
https://taskandpurpose.com/gear/wacaco-picopresso-review/;draft
https://taskandpurpose.com/gear/best-service-dog-vests/;draft
https://taskandpurpose.com/gear/vssl-java-coffee-grinder-review/;draft
https://taskandpurpose.com/gear/best-snow-boots-for-men/;draft
https://taskandpurpose.com/gear/best-damascus-knives/;draft
https://taskandpurpose.com/gear/goruck-boots-macv-1-rucking/;draft
https://taskandpurpose.com/gear/best-hiking-shoes/;draft
https://taskandpurpose.com/gear/best-energy-drinks-military-life/;draft
https://taskandpurpose.com/gear/best-pull-up-bars/;draft
https://taskandpurpose.com/gear/shot-show-2022/;draft
https://taskandpurpose.com/gear/best-hiking-pants-for-women/;draft
https://taskandpurpose.com/gear/how-to-build-a-first-aid-kit/;draft
https://taskandpurpose.com/gear/best-roof-racks-cars/;draft
https://taskandpurpose.com/gear/best-fanny-packs/;draft
https://taskandpurpose.com/gear/best-tactical-pants/;draft
https://taskandpurpose.com/gear/best-thermal-binoculars/;draft
https://taskandpurpose.com/gear/best-survival-kit/;draft
https://taskandpurpose.com/gear/best-tactical-boots/;draft
https://taskandpurpose.com/gear/best-two-way-radio/;draft
https://taskandpurpose.com/gear/4-reasons-you-need-ballistic-sunglasses/;draft
https://taskandpurpose.com/gear/gerber-06-fast-knife-review/;draft
https://taskandpurpose.com/gear/best-fire-starter/;draft
https://taskandpurpose.com/gear/mystery-ranch-gunfighter-sb-review/;draft
https://taskandpurpose.com/gear/best-health-insurance-for-veterans/;draft
https://taskandpurpose.com/gear/best-gifts-for-veterans/;draft
https://taskandpurpose.com/gear/best-tactical-watches/;draft
https://taskandpurpose.com/gear/best-satellite-communicators/;draft
https://taskandpurpose.com/gear/next-generation-grenade-two-deadly-modes/;draft
https://taskandpurpose.com/gear/leather-duffel-bag-ultimate-gift-service-members-military-aficionados/;draft
https://taskandpurpose.com/gear/edc-knife-deals-amazon-prime-day-2022/;draft
https://taskandpurpose.com/gear/best-rifle-scopes/;draft
https://taskandpurpose.com/gear/best-backpacking-backpacks/;draft
https://taskandpurpose.com/gear/victorinox-swisstool-spirit-x-review/;draft
https://taskandpurpose.com/gear/fitness-exercise-equipment-deals-prime-day-2022/;draft
https://taskandpurpose.com/gear/best-water-rowing-machines/;draft
https://taskandpurpose.com/gear/best-crossfit-shoes-for-men/;draft
https://taskandpurpose.com/gear/rugged-ridge-rooftop-tent-deal-amazon-prime-day-2022/;draft
https://taskandpurpose.com/gear/best-agility-ladders/;draft
https://taskandpurpose.com/gear/osprey-atmos-ag-65-backpack-review/;draft
https://taskandpurpose.com/gear/best-waterproof-bluetooth-speaker/;draft
https://taskandpurpose.com/gear/crkt-squid-cold-steel-amazon-deals/;draft
https://taskandpurpose.com/gear/best-edc-flashlights-military-veterans/;draft
https://taskandpurpose.com/gear/best-chronograph-watches/;draft
https://taskandpurpose.com/gear/best-weight-benches/;draft
https://taskandpurpose.com/gear/smith-wesson-sw910ta-review/;draft
https://taskandpurpose.com/gear/under-armour-deals-prime-day-2022/;draft
https://taskandpurpose.com/gear/5-11-tactical-rush-12-backpack-review/;draft
https://taskandpurpose.com/gear/gerber-mark-ii-combat-knife-g1-002/;draft
https://taskandpurpose.com/gear/bds-tactical-skelton-cummerbund-review/;draft
https://taskandpurpose.com/gear/benchmade-griptilian-review/;draft
https://taskandpurpose.com/gear/best-plasma-lighters/;draft
https://taskandpurpose.com/gear/spyderco-genzow-hatchethawk-review/;draft
https://taskandpurpose.com/gear/best-backpacking-tents/;draft
https://taskandpurpose.com/gear/best-camping-water-filters/;draft
https://taskandpurpose.com/gear/garmin-birthday-sale-gps-watches/;draft
https://taskandpurpose.com/gear/badass-winkler-belt-knife-custom-made-war-terror/;draft
https://taskandpurpose.com/gear/best-survival-lighter/;draft
https://taskandpurpose.com/gear/best-camping-stoves/;draft
https://taskandpurpose.com/gear/best-mens-running-shoes/;draft
https://taskandpurpose.com/gear/ka-bar-ek-model-4-review/;draft
https://taskandpurpose.com/gear/best-recumbent-exercise-bikes/;draft
https://taskandpurpose.com/gear/war-on-christmas-gifts/;draft
https://taskandpurpose.com/gear/caldwell-e-max-shadows-review/;draft
https://taskandpurpose.com/gear/scarpa-zodiac-plus-gtx-hiking-boots-review/;draft
https://taskandpurpose.com/gear/spyderco-para-military-2-knife-review/;draft
https://taskandpurpose.com/gear/gerber-truss-review/;draft
https://taskandpurpose.com/gear/best-rangefinders-for-hunting/;draft
https://taskandpurpose.com/gear/best-binoculars-for-hunting/;draft
https://taskandpurpose.com/gear/best-treadmills/;draft
https://taskandpurpose.com/gear/garmin-gps-gear-deals-adventure/;draft
https://taskandpurpose.com/gear/crazy-rv-like-house-4-wheel-drive/;draft
https://taskandpurpose.com/gear/best-pepper-sprays/;draft
https://taskandpurpose.com/gear/m1911-pistols-sale-date-cmp/;draft
https://taskandpurpose.com/gear/aeropress-go-travel-coffee-press-review/;draft
https://taskandpurpose.com/gear/amazon-prime-day-deals-military-barracks-life/;draft
https://taskandpurpose.com/gear/morakniv-garberg-amazon-deals/;draft
https://taskandpurpose.com/gear/nerf-gun-fires-endless-rounds-70-mph/;draft
https://taskandpurpose.com/gear/best-spotting-scopes/;draft
https://taskandpurpose.com/gear/best-combat-boots/;draft
https://taskandpurpose.com/gear/leatherman-bond-review/;draft
https://taskandpurpose.com/gear/best-kerosene-heaters/;draft
https://taskandpurpose.com/gear/crkt-woods-hogan-t-hawk-review/;draft
https://taskandpurpose.com/gear/best-duck-boots-women/;draft
https://taskandpurpose.com/gear/can-now-buy-fleet-humvees-7000-pop/;draft
https://taskandpurpose.com/gear/worlds-biggest-nerf-gun-definitely-not-toy/;draft
https://taskandpurpose.com/gear/best-bowie-knives/;draft
https://taskandpurpose.com/gear/swiss-watch-deals-tissot-prime-day-2022/;draft
https://taskandpurpose.com/gear/stanley-classic-travel-mug-french-press-review/;draft
https://taskandpurpose.com/gear/falcom-ote2000-tactical-headset-review/;draft
https://taskandpurpose.com/gear/citizen-watch-deals-amazon-prime-day-2022/;draft
https://taskandpurpose.com/gear/sog-powerlock-review/;draft
https://taskandpurpose.com/gear/best-tritium-watches/;draft
https://taskandpurpose.com/gear/gear-locker-email-sweepstakes/;draft
https://taskandpurpose.com/gear/best-medicine-balls/;draft
https://taskandpurpose.com/gear/amazon-deals-peltor-sport-tactical-100-ear-protection/;draft
https://taskandpurpose.com/gear/best-digital-watches/;draft
https://taskandpurpose.com/gear/best-mag-pouches-for-plate-carriers/;draft
https://taskandpurpose.com/gear/cold-steel-american-lawman-review/;draft
https://taskandpurpose.com/gear/best-nato-straps/;draft
https://taskandpurpose.com/gear/best-gaming-chair/;draft
https://taskandpurpose.com/gear/best-running-hats/;draft
https://taskandpurpose.com/gear/body-armor-stress-test/;draft
https://taskandpurpose.com/gear/best-military-lego-sets/;draft
https://taskandpurpose.com/gear/best-pair-boots-ranger-ever-worn/;draft
https://taskandpurpose.com/gear/mystery-ranch-urban-assault-21-backpack-review/;draft
https://taskandpurpose.com/gear/cold-steel-storm-cloud-review/;draft
https://taskandpurpose.com/gear/50-caliber-bottle-openers-combine-favorite-things-ammo-beer/;draft
https://taskandpurpose.com/gear/best-carbon-fiber-wallet/;draft
https://taskandpurpose.com/gear/cold-steel-knife-deals-amazon/;draft
https://taskandpurpose.com/gear/best-throwing-knives/embed/;draft
https://taskandpurpose.com/gear/youre-lost-in-wilderness-with-one-piece-of-gear-what-is-it/;draft
https://taskandpurpose.com/gear/gear-deals-garmin-smartwatch-gerber-knives/;draft
https://taskandpurpose.com/gear/knife-hand-axe-metalist/;draft
https://taskandpurpose.com/gear/we-stonefish-review/;draft
https://taskandpurpose.com/gear/the-m45a1/;draft
https://taskandpurpose.com/gear/best-freeze-dried-food/;draft
https://taskandpurpose.com/gear/best-weightlifting-gloves/;draft
https://taskandpurpose.com/gear/gear-review-regulus-watch/;draft
https://taskandpurpose.com/gear/hoverglide-rucksack-future-hiking/;draft
https://taskandpurpose.com/gear/garmin-tactix-7-smartwatch-amazon-deal/;draft
https://taskandpurpose.com/gear/forged-steel-axe-outdoor-adventure/;draft
https://taskandpurpose.com/gear/best-iron-sights/;draft
https://taskandpurpose.com/gear/apple-watch-ultra-garmin-smartwatch/;draft
https://taskandpurpose.com/gear/best-weightlifting-shoes/;draft
https://taskandpurpose.com/gear/best-gym-bags/;draft
https://taskandpurpose.com/gear/nocs-binoculars-review/;draft
https://taskandpurpose.com/gear/wander-tactical-lynx-review/;draft
https://taskandpurpose.com/gear/sog-throwing-hawk-review/;draft
https://taskandpurpose.com/gear/15-april-events-free-tickets-vets-service-members/;draft
https://taskandpurpose.com/gear/patagonia-nano-puff-jacket-review/;draft
https://taskandpurpose.com/gear/best-tactical-knives/;draft
https://taskandpurpose.com/gear/best-vision-insurance-for-retired-military/;draft
https://taskandpurpose.com/gear/remote-controlled-10-lets-unleash-hell-enemies/;draft
https://taskandpurpose.com/gear/best-pocket-knives/;draft
https://taskandpurpose.com/gear/best-backpacking-sleeping-pads/;draft
https://taskandpurpose.com/gear/covrt-assault-backpack-review/;draft
https://taskandpurpose.com/gear/best-ankle-holsters/;draft
https://taskandpurpose.com/gear/survival-kits-layers/;draft
https://taskandpurpose.com/gear/duke-cannon-soap-victory/;draft
https://taskandpurpose.com/gear/best-camping-flashlights/;draft
https://taskandpurpose.com/gear/best-running-headphones/;draft
https://taskandpurpose.com/gear/best-barware-old-fashioned/;draft
https://taskandpurpose.com/gear/petzl-spatha-knife-review/;draft
https://taskandpurpose.com/gear/13-january-events-free-tickets-vets-service-members/;draft
https://taskandpurpose.com/gear/best-range-bags/;draft
https://taskandpurpose.com/gear/camping-gear-sale/;draft
https://taskandpurpose.com/gear/schrade-frontier-review/;draft
https://taskandpurpose.com/gear/we-banter-review/;draft
https://taskandpurpose.com/gear/ring-video-doorbell-deals-amazon-prime-day-2022/;draft
https://taskandpurpose.com/gear/military-watch-history/;draft
https://taskandpurpose.com/gear/helle-eggen-knife-review/;draft
https://taskandpurpose.com/gear/best-long-range-scopes/;draft
https://taskandpurpose.com/gear/best-life-jackets/;draft
https://taskandpurpose.com/gear/crkt-provoke-review/;draft
https://taskandpurpose.com/gear/amazon-deals-edc-knives/;draft
https://taskandpurpose.com/gear/smith-wesson-extreme-ops-liner-lock-folding-knife/;draft
https://taskandpurpose.com/gear/ultimate-collection-holiday-gifts-warfighters/;draft
https://taskandpurpose.com/gear/4-military-discounts-you-dont-know-about-but-need/;draft
https://taskandpurpose.com/gear/tactical-practical-heres-ultimate-assault-pack/;draft
https://taskandpurpose.com/gear/cold-steel-spartan-amazon-deals/;draft
https://taskandpurpose.com/gear/m1911-pistol-is-exclusively-for-high-speeds/;draft
https://taskandpurpose.com/gear/walkers-silencer-earbuds-review/;draft
https://taskandpurpose.com/gear/best-carry-on-backpacks/;draft
https://taskandpurpose.com/gear/best-gunsmithing-tools/;draft
https://taskandpurpose.com/gear/best-spotlights/;draft
https://taskandpurpose.com/gear/best-camping-food/;draft
https://taskandpurpose.com/gear/body-armor-stress-test-with-spartan-armor-systems-2/;draft
https://taskandpurpose.com/gear/zombie-apocalypse-hack-slash-knife-set/;draft
https://taskandpurpose.com/gear/benchmade-bugout-review/;draft
https://taskandpurpose.com/gear/best-cycling-shoes/;draft
https://taskandpurpose.com/gear/best-ultralight-sleeping-bags/;draft
https://taskandpurpose.com/gear/cyber-monday-edc-knife-deals-amazon-bladehq/;draft
https://taskandpurpose.com/gear/kershaw-knives-deals-woot/;draft
https://taskandpurpose.com/gear/best-4-season-tents/;draft
https://taskandpurpose.com/gear/coleman-xtreme-5-cooler-review/;draft
https://taskandpurpose.com/gear/5-11-tactical-rush-24-backpack-review/;draft
https://taskandpurpose.com/gear/united-cutlery-cyclone-fixed-blade/;draft
https://taskandpurpose.com/gear/best-trail-running-shoes/;draft
https://taskandpurpose.com/gear/timberland-white-ledge-mid-waterproof-hiking-boots-review/;draft
https://taskandpurpose.com/gear/best-swimming-goggles/;draft
https://taskandpurpose.com/gear/best-gun-belts/;draft
https://taskandpurpose.com/gear/best-noise-canceling-headphones/;draft
https://taskandpurpose.com/gear/veteran-owned-woobies-shoes-sneakers/;draft
https://taskandpurpose.com/gear/best-hydration-bladders/;draft
https://taskandpurpose.com/gear/magpul-daka-everyday-wallet-review/;draft
https://taskandpurpose.com/gear/best-spyderco-edc/;draft
https://taskandpurpose.com/gear/best-survival-knives/embed/;draft
https://taskandpurpose.com/gear/persol-po2803s-rectangular-sunglasses-review/;draft
https://taskandpurpose.com/gear/ontario-knife-company-rat-3-review/;draft
https://taskandpurpose.com/gear/arcteryx-26l-mantis-backpack-review/;draft
https://taskandpurpose.com/gear/war-on-christmas-gear/;draft
https://taskandpurpose.com/gear/best-ar-15-scopes/;draft
https://taskandpurpose.com/gear/gerber-quadrant-review/;draft
https://taskandpurpose.com/gear/site-lets-buy-ammo-want-online/;draft
https://taskandpurpose.com/gear/best-uv-flashlights/;draft
https://taskandpurpose.com/gear/best-hiking-daypacks/;draft
https://taskandpurpose.com/gear/might-coolest-gun-storage-device-weve-seen/;draft
https://taskandpurpose.com/gear/nunchuck-grip-concealed-knives/;draft
https://taskandpurpose.com/gear/heres-how-you-can-finally-upgrade-your-baby-wipe-shower/;draft
https://taskandpurpose.com/gear/jomashop-graduation-sale-citizen-watch-deals-discounts/;draft
https://taskandpurpose.com/gear/best-coolers-for-camping/;draft
https://taskandpurpose.com/gear/best-gentlemans-knife/;draft
https://taskandpurpose.com/gear/best-boot-knives/;draft
https://taskandpurpose.com/gear/best-rifle-cases/;draft
https://taskandpurpose.com/gear/new-benchmade-knives-2022/;draft
https://taskandpurpose.com/gear/best-hunting-knives/;draft
https://taskandpurpose.com/gear/best-ifak/;draft
https://taskandpurpose.com/gear/rei-labor-day-sale/;draft
https://taskandpurpose.com/gear/best-military-socks/;draft
https://taskandpurpose.com/gear/gerber-doubledown-review/;draft
https://taskandpurpose.com/gear/best-sleeping-bags/;draft
https://taskandpurpose.com/gear/tank-inspired-rv-exactly-need-survive-apocalypse/;draft
https://taskandpurpose.com/gear/deuter-aircontact-lite-50-10-backpack-review/;draft
https://taskandpurpose.com/gear/best-holsters-for-sig-p365/;draft
https://taskandpurpose.com/gear/jeo-tec-no29-bushcraft-survival-knife-review/;draft
https://taskandpurpose.com/gear/black-friday-gift-guide/;draft
https://taskandpurpose.com/gear/our-goatguns-holiday-wish-list/;draft
https://taskandpurpose.com/gear/best-tent-stakes/;draft
https://taskandpurpose.com/gear/13-outdoor-beer-gear-recommendations/;draft
https://taskandpurpose.com/gear/garmin-amazon-prime-day-deals-2022/;draft
https://taskandpurpose.com/gear/best-concealed-carry-holsters-for-women/;draft
https://taskandpurpose.com/gear/desert-eagle-nintendo-zapper-youve-always-wanted/;draft
https://taskandpurpose.com/gear/vssl-outdoor-gear-sale/;draft
https://taskandpurpose.com/gear/fast-food-knife-beer-bacon/;draft
https://taskandpurpose.com/gear/best-combat-boots-for-women/;draft
https://taskandpurpose.com/gear/best-survival-food-kits/;draft
https://taskandpurpose.com/gear/best-camping-grills/;draft
https://taskandpurpose.com/gear/cold-steel-srk-survival-rescue-knife-amazon-deals/;draft
https://taskandpurpose.com/gear/binocular-deals-prime-day-2022/;draft
https://taskandpurpose.com/gear/6-last-minute-gift-ideas-military-community/;draft
https://taskandpurpose.com/gear/can-unleash-miniature-hell-tiny-pocket-cannon/;draft
https://taskandpurpose.com/gear/qsp-penguin-review/;draft
https://taskandpurpose.com/gear/best-fishing-backpacks/;draft
https://taskandpurpose.com/gear/best-shooting-gloves/;draft
https://taskandpurpose.com/gear/best-waterproof-backpacks/;draft
https://taskandpurpose.com/gear/cyber-monday-ka-bar-pizza-cutter/;draft
https://taskandpurpose.com/gear/first-lite-dirtbag-duffle-review/;draft
https://taskandpurpose.com/gear/gerber-summer-sale-knives-multitools/;draft
https://taskandpurpose.com/gear/last-travel-bag-youll-ever-need-buy/;draft
https://taskandpurpose.com/gear/best-garmin-watches/;draft
https://taskandpurpose.com/gear/tactical-ops-brewing-recon-red-review/;draft
https://taskandpurpose.com/gear/best-snow-boots-for-women/;draft
https://taskandpurpose.com/gear/gps-tactical-range-backpack-review/;draft
https://taskandpurpose.com/gear/best-canvas-backpacks/;draft
https://taskandpurpose.com/gear/military-veterans-underwear/;draft
https://taskandpurpose.com/gear/firework-minigun-july-4th-videos/;draft
https://taskandpurpose.com/gear/smiths-dret-knife-sharpener-review/;draft
https://taskandpurpose.com/gear/gerber-paraframe-i-review/;draft
https://taskandpurpose.com/gear/best-ultralight-backpacks/;draft
https://taskandpurpose.com/gear/best-trekking-poles/;draft
https://taskandpurpose.com/gear/best-flasks/;draft
https://taskandpurpose.com/gear/best-edc-backpacks/;draft
https://taskandpurpose.com/gear/best-stainless-steel-cookware/;draft
https://taskandpurpose.com/gear/10-restaurants-best-military-discounts/;draft
https://taskandpurpose.com/gear/phalanx-defense-systems-stealth-operator-holster-review/;draft
https://taskandpurpose.com/gear/crkt-fixed-blade-neck-knife-review/;draft
https://taskandpurpose.com/gear/magazine-buying-guide/;draft
https://taskandpurpose.com/gear/someone-invented-bulletproof-balaclava/;draft
https://taskandpurpose.com/gear/best-camping-tarps/;draft
https://taskandpurpose.com/gear/best-utility-knives/;draft
https://taskandpurpose.com/gear/best-closet-gun-safes/;draft
https://taskandpurpose.com/gear/military-gear-veterans-swear-by/;draft
https://taskandpurpose.com/gear/gripknife-rifle-bayonet/;draft
https://taskandpurpose.com/gear/ontario-knife-company-retractable-bayonet/;draft
https://taskandpurpose.com/gear/blackhawk-t-series-l2c-holster-review/;draft
https://taskandpurpose.com/gear/delter-coffee-press-review/;draft
https://taskandpurpose.com/gear/outdoor-research-mens-motive-ascentshell-jacket/;draft
https://taskandpurpose.com/gear/best-trauma-shears/;draft
https://taskandpurpose.com/gear/badass-tomahawk-will-make-long-zombie-apocalypse/;draft
https://taskandpurpose.com/gear/orca-tactical-range-bag-review/;draft
https://taskandpurpose.com/gear/skull-logs-fire/;draft
https://taskandpurpose.com/gear/video-game-guide-holiday-season-2018/;draft
https://taskandpurpose.com/gear/indestructible-iphone-case-built-battle/;draft
https://taskandpurpose.com/gear/best-camo-pants/;draft
https://taskandpurpose.com/gear/best-barbells/;draft
https://taskandpurpose.com/gear/best-rechargeable-flashlight/;draft
https://taskandpurpose.com/gear/best-solar-generators/;draft
https://taskandpurpose.com/gear/kershaw-shuffle-ii-review/;draft
https://taskandpurpose.com/gear/best-rowing-machines/;draft
https://taskandpurpose.com/gear/gear-review-yeti-tundra-65-cooler/;draft
https://taskandpurpose.com/gear/buck-110-review/;draft
https://taskandpurpose.com/gear/benchmade-barrage-review/;draft
https://taskandpurpose.com/gear/sog-dark-energy-flashlight-review/;draft
https://taskandpurpose.com/gear/ace-hardware-deals-backyard-grill/;draft
https://taskandpurpose.com/gear/best-camping-tables/;draft
https://taskandpurpose.com/gear/best-down-jackets/;draft
https://taskandpurpose.com/gear/robo-dog-will-bring-beer-wont-poop-rug/;draft
https://taskandpurpose.com/gear/shooting-gloves-wartorn/;draft
https://taskandpurpose.com/gear/best-bookshelf-speakers/;draft
https://taskandpurpose.com/gear/best-bore-sight/;draft
https://taskandpurpose.com/gear/best-camping-lighters/;draft
https://taskandpurpose.com/gear/best-bushcraft-axes/;draft
https://taskandpurpose.com/gear/streamlight-protac-2l-x-review/;draft
https://taskandpurpose.com/gear/schrade-hatchet-machete-sale/;draft
https://taskandpurpose.com/gear/osprey-stratos-34-review/;draft
https://taskandpurpose.com/gear/best-concealed-carry-holsters/;draft
https://taskandpurpose.com/gear/best-paracords/;draft
https://taskandpurpose.com/gear/best-camping-showers/;draft
https://taskandpurpose.com/gear/best-first-aid-kits/;draft
https://taskandpurpose.com/gear/best-owb-holsters/;draft
https://taskandpurpose.com/gear/best-hiking-pants/;draft
https://taskandpurpose.com/gear/sharpal-knife-sharpener-amazon-deals/;draft
https://taskandpurpose.com/gear/best-camping-hammocks/;draft
https://taskandpurpose.com/gear/essential-drinking-gear-wanna-open-carry-open-container/;draft
https://taskandpurpose.com/gear/united-cutlery-cyclone-combat-knife/;draft
https://taskandpurpose.com/gear/best-handheld-gps/;draft
https://taskandpurpose.com/gear/best-hunting-gps/;draft
https://taskandpurpose.com/gear/best-edc-knives/;draft
https://taskandpurpose.com/gear/kershaw-knives-amazon-deals/;draft
https://taskandpurpose.com/gear/best-compasses/;draft
https://taskandpurpose.com/gear/best-reflective-running-gear/;draft
https://taskandpurpose.com/gear/salomon-quest-4d-3-gore-tex-boots-review/;draft
https://taskandpurpose.com/gear/best-thermal-scopes/;draft
https://taskandpurpose.com/gear/what-are-the-best-deployment-snacks/;draft
https://taskandpurpose.com/gear/best-iphone-wallet-case/;draft
https://taskandpurpose.com/gear/best-cutting-board/;draft
https://taskandpurpose.com/gear/military-guns-buying-guide/;draft
https://taskandpurpose.com/gear/best-snow-chains/;draft
https://taskandpurpose.com/gear/best-1000-lumen-flashlight/;draft
https://taskandpurpose.com/gear/best-10x42-binoculars/;draft
https://taskandpurpose.com/gear/best-camping-mugs/;draft
https://taskandpurpose.com/gear/best-drop-leg-holsters/;draft
https://taskandpurpose.com/gear/mystery-ranch-backpacks-2022/;draft
https://taskandpurpose.com/gear/best-hunting-boots/;draft
https://taskandpurpose.com/gear/best-ellipticals/;draft
https://taskandpurpose.com/gear/best-throwing-knives/;draft
https://taskandpurpose.com/gear/mossy-oak-survival-gear-deals/;draft
https://taskandpurpose.com/gear/casio-g-shock-watch-amazon-deal/;draft
https://taskandpurpose.com/gear/best-self-defense-keychains/;draft
https://taskandpurpose.com/gear/crkt-pryma-multitool-review/;draft
https://taskandpurpose.com/gear/5-11-tactical-range-master-duffel-review/;draft
https://taskandpurpose.com/gear/best-ab-rollers/;draft
https://taskandpurpose.com/gear/amazon-prime-day-military-veteran-deals/;draft
https://taskandpurpose.com/gear/gear-review-g3pro-percussive-therapy-device/;draft
https://taskandpurpose.com/gear/best-tomahawks/;draft
https://taskandpurpose.com/gear/best-homeowners-insurance-for-military-members/;draft
https://taskandpurpose.com/gear/swiss-army-knife-replica-1897/;draft
https://taskandpurpose.com/gear/best-cycling-gloves/;draft
https://taskandpurpose.com/gear/eberlestock-july-4th-sale/;draft
https://taskandpurpose.com/gear/best-rucking-backpacks/;draft
https://taskandpurpose.com/gear/best-indoor-cycling-bikes/;draft
https://taskandpurpose.com/gear/best-coffee-makers-accessories/;draft
https://taskandpurpose.com/gear/leatherman-curl-review/;draft
https://taskandpurpose.com/gear/veteran-camping-gear-recommendations/;draft
https://taskandpurpose.com/gear/chainsaw-bayonet-usa-today/;draft
https://taskandpurpose.com/gear/walmart-deals-for-days-2021-leatherman-multitools/;draft
https://taskandpurpose.com/gear/best-camping-coffee-makers/;draft
https://taskandpurpose.com/gear/walkers-razor-shooting-earmuffs-amazon-deal/;draft
https://taskandpurpose.com/gear/concealed-belt-knife/;draft
https://taskandpurpose.com/gear/tank-inspired-off-road-wheelchairs-built-wounded-warriors/;draft
https://taskandpurpose.com/gear/earth-day-deals/;draft
https://taskandpurpose.com/gear/best-pens-for-writing/;draft
https://taskandpurpose.com/gear/fenix-tk20r-flashlight-review/;draft
https://taskandpurpose.com/gear/zippo-lighters-prime-day-2022/;draft
https://taskandpurpose.com/gear/wuben-c3-review/;draft
https://taskandpurpose.com/gear/gerber-multitools-amazon-deals/;draft
https://taskandpurpose.com/gear/best-american-made-pocket-knives/;draft
https://taskandpurpose.com/gear/best-running-sunglasses/;draft
https://taskandpurpose.com/gear/best-military-books-2/;draft
https://taskandpurpose.com/gear/best-camping-tents/;draft
https://taskandpurpose.com/gear/amazon-prime-day-2021-deals/;draft
https://taskandpurpose.com/gear/olight-warrior-mini-2-review/;draft
https://taskandpurpose.com/gear/epperson-mountaineering-large-climb-pack-review/;draft
https://taskandpurpose.com/gear/lifestraw-water-filter-amazon-prime-day-deal/;draft
https://taskandpurpose.com/gear/perfect-glass-modern-warfighter/;draft
https://taskandpurpose.com/gear/best-free-standing-punching-bags/;draft
https://taskandpurpose.com/gear/best-gun-safes-under-500/;draft
https://taskandpurpose.com/gear/cold-steel-knife-deals-prime-day-2022/;draft
https://taskandpurpose.com/gear/can-buy-badass-military-inspired-harley-right-now/;draft
https://taskandpurpose.com/gear/finally-science-gave-us-sex-doll-feelings/;draft
https://taskandpurpose.com/gear/lightweight-jacket-perfectly-suited-modern-commando/;draft
https://taskandpurpose.com/gear/merrell-moab-2-mid-waterproof-hiking-boots-review/;draft
https://taskandpurpose.com/gear/best-online-military-colleges/;draft
https://taskandpurpose.com/gear/lifetime-77-quart-high-performance-cooler-review/;draft
https://taskandpurpose.com/gear/cabelas-fathers-day-deals/;draft
https://taskandpurpose.com/gear/ontario-knife-company-rat-ii-knife-amazon-deal/;draft
https://taskandpurpose.com/gear/osprey-backpacks-sale-labor-day/;draft
https://taskandpurpose.com/gear/best-tactical-sunglasses/;draft
https://taskandpurpose.com/gear/best-tourniquet/;draft
https://taskandpurpose.com/gear/best-solar-watches/;draft
https://taskandpurpose.com/gear/surefire-stiletto-review/;draft
https://taskandpurpose.com/gear/best-field-jackets/;draft
https://taskandpurpose.com/gear/best-climbing-sticks/;draft
https://taskandpurpose.com/gear/best-rescue-knives/;draft
https://taskandpurpose.com/gear/5-11-tactical-covrt18-2-0-tactical-backpack-review/;draft
https://taskandpurpose.com/gear/last-minute-fathers-day-gifts/;draft
https://taskandpurpose.com/gear/best-duffel-bags/;draft
https://taskandpurpose.com/gear/best-shooting-mats/;draft
https://taskandpurpose.com/gear/best-bedside-gun-safes/;draft
https://taskandpurpose.com/gear/hultafors-ok4-outdoor-knife/;draft
https://taskandpurpose.com/gear/shooting-range-personal-protective-equipment/;draft
https://taskandpurpose.com/gear/best-metal-detectors/;draft
https://taskandpurpose.com/gear/best-solar-phone-chargers/;draft
https://taskandpurpose.com/gear/la-sportiva-ultra-raptor-ii-hiking-boots-review/;draft
https://taskandpurpose.com/gear/best-rooftop-cargo-carriers/;draft
https://taskandpurpose.com/gear/best-whetstones/;draft
https://taskandpurpose.com/gear/sog-instinct-review/;draft
https://taskandpurpose.com/gear/amazon-deals-watches-seiko-citizen/;draft
https://taskandpurpose.com/gear/best-backpacking-sleeping-bags/;draft
https://taskandpurpose.com/gear/best-sweatpants-for-men/;draft
https://taskandpurpose.com/gear/best-foam-rollers/;draft
https://taskandpurpose.com/gear/buck-303-cadet-review/;draft
https://taskandpurpose.com/gear/best-survival-watch/;draft
https://taskandpurpose.com/gear/best-plate-carriers/;draft
https://taskandpurpose.com/gear/best-treadmills-under-1000/;draft
https://taskandpurpose.com/gear/best-cycling-sunglasses/;draft
https://taskandpurpose.com/gear/best-headlamps/;draft
https://taskandpurpose.com/gear/kizer-mini-sheepdog-knife-review/;draft
https://taskandpurpose.com/gear/civivi-odium-review/;draft
https://taskandpurpose.com/gear/sog-terminus-xr-review/;draft
https://taskandpurpose.com/gear/leatherman-multitools-amazon-walmart-gear-deals/;draft
https://taskandpurpose.com/gear/best-tactical-gloves/;draft
https://taskandpurpose.com/gear/best-office-chair/;draft
https://taskandpurpose.com/gear/leatherman-free-t4-review/;draft
https://taskandpurpose.com/gear/esee-izula-ii-review/;draft
https://taskandpurpose.com/gear/best-instant-pot/;draft
https://taskandpurpose.com/gear/best-battle-ropes/;draft
https://taskandpurpose.com/gear/best-handgun-safes/;draft
https://taskandpurpose.com/gear/lifestraw-deal-prime-day-2022/;draft
https://taskandpurpose.com/gear/limited-edition-blade-ferrari-folding-knives/;draft
https://taskandpurpose.com/gear/best-dumbbell-sets/;draft
https://taskandpurpose.com/gear/streamlight-wedge-review/;draft
https://taskandpurpose.com/gear/best-military-discounts/;draft
https://taskandpurpose.com/gear/best-mens-watches/;draft
https://taskandpurpose.com/gear/best-rangefinders/;draft
https://taskandpurpose.com/gear/best-nerf-guns-squad-arsenal/;draft
https://taskandpurpose.com/gear/best-spotting-scope-tripods/;draft
https://taskandpurpose.com/gear/best-treadmills-under-500/;draft
https://taskandpurpose.com/gear/garmin-tactix-delta-solar-ab-smartwatch-review/;draft
https://taskandpurpose.com/gear/best-running-watches/;draft
https://taskandpurpose.com/gear/best-water-purification-tablets/;draft
https://taskandpurpose.com/gear/best-lpvo-scopes/;draft
https://taskandpurpose.com/gear/best-kydex-holsters/;draft
https://taskandpurpose.com/gear/best-roll-top-backpacks/;draft
https://taskandpurpose.com/gear/best-tactical-knee-pads/;draft
https://taskandpurpose.com/gear/best-rangefinder-binoculars/;draft
https://taskandpurpose.com/gear/best-portable-power-banks/;draft
https://taskandpurpose.com/gear/ontario-knife-company-499-air-force-survival-knife-review/;draft
https://taskandpurpose.com/gear/benchmade-north-fork-review/;draft
https://taskandpurpose.com/gear/best-headlamps-for-hunting/;draft
https://taskandpurpose.com/gear/benchmade-mini-presidio-ii-knife-review/;draft
https://taskandpurpose.com/gear/cold-steel-36me-drop-forged-push-knife-review/;draft
https://taskandpurpose.com/gear/benchmade-fixed-adamas-knife-review/;draft
https://taskandpurpose.com/gear/best-adirondack-chairs/;draft
https://taskandpurpose.com/gear/best-folding-tables/;draft
https://taskandpurpose.com/gear/best-camping-knives/;draft
https://taskandpurpose.com/gear/amazon-deals-columbia-coat/;draft
https://taskandpurpose.com/gear/best-1911-holsters/;draft
https://taskandpurpose.com/gear/case-kinzua-review/;draft
https://taskandpurpose.com/gear/best-hunting-backpacks/;draft
https://taskandpurpose.com/gear/cold-steel-recon-1-folding-knife-amazon-deal/;draft
https://taskandpurpose.com/gear/nikon-aculon-binoculars-amazon-deal/;draft
https://taskandpurpose.com/gear/heres-what-to-look-for-when-considering-a-new-magazine/;draft
https://taskandpurpose.com/gear/military-veterans-holiday-gift-guide/;draft
https://taskandpurpose.com/gear/the-wind-cheater-is-a-lightweight-rain-jacket-for-warfighters/;draft
https://taskandpurpose.com/gear/best-tactical-flashlights/;draft
https://taskandpurpose.com/gear/best-walkie-talkies/;draft
https://taskandpurpose.com/gear/best-hotel-discounts-for-military/;draft
https://taskandpurpose.com/gear/best-dive-watches-under-500/;draft
https://taskandpurpose.com/gear/best-biometric-gun-safes/;draft
https://taskandpurpose.com/gear/best-timex-watches/;draft
https://taskandpurpose.com/gear/last-minute-mothers-day-gifts/;draft
https://taskandpurpose.com/gear/leatherman-multi-tool-interesting-facts/;draft
https://taskandpurpose.com/gear/best-weighted-vests/;draft
https://taskandpurpose.com/gear/10-must-accessories-ar-15/;draft
https://taskandpurpose.com/gear/best-3-season-tent/;draft
https://taskandpurpose.com/gear/best-survival-backpacks/;draft
https://taskandpurpose.com/gear/best-military-discounts-for-car-rentals/;draft
https://taskandpurpose.com/gear/best-portable-coffee-makers-military-deployment/;draft
https://taskandpurpose.com/gear/amazon-deals-outdoor-gear/;draft
https://taskandpurpose.com/gear/best-punching-bags/;draft
https://taskandpurpose.com/gear/best-adjustable-dumbbells/;draft
https://taskandpurpose.com/gear/best-hydration-packs/;draft
https://taskandpurpose.com/gear/best-camping-utensils/;draft
https://taskandpurpose.com/gear/best-gun-safes-under-1000/;draft
https://taskandpurpose.com/gear/how-to-build-the-ultimate-bug-out-bag/;draft
https://taskandpurpose.com/gear/best-generators-for-camping/;draft
https://taskandpurpose.com/gear/best-folding-treadmills/;draft
https://taskandpurpose.com/gear/best-hiking-pants-for-men/;draft
https://taskandpurpose.com/gear/leatherman-mut-review/;draft
https://taskandpurpose.com/gear/best-minimalist-wallets/;draft
https://taskandpurpose.com/gear/black-friday-amazon-camping-outdoors/;draft
https://taskandpurpose.com/gear/best-heat-lamps/;draft
https://taskandpurpose.com/gear/best-wall-tents/;draft
https://taskandpurpose.com/gear/military-veterans-gear-equipment/;draft
https://taskandpurpose.com/gear/streamlight-protac-1l-1aa-review/;draft
https://taskandpurpose.com/gear/eberlestock-bang-bang-range-bag-review/;draft
https://taskandpurpose.com/gear/best-slip-joint-knives/;draft
https://taskandpurpose.com/gear/coros-vertix-gps-adventure-watch-review/;draft
https://taskandpurpose.com/gear/benrus-type-i-watch-review/;draft
https://taskandpurpose.com/gear/best-car-brands-for-military/;draft
https://taskandpurpose.com/gear/best-charcoal-grills/;draft
https://taskandpurpose.com/gear/est-gear-survival-shovel/;draft
https://taskandpurpose.com/gear/garmin-fenix-6-pro-solar-review/;draft
https://taskandpurpose.com/gear/wolf-tactical-plate-carrier-vest-review/;draft
https://taskandpurpose.com/gear/rush-2-0-by-5-11-the-tactical-pack-you-never-knew-you-needed/;draft
https://taskandpurpose.com/gear/best-tomahawks/embed/;draft
https://taskandpurpose.com/gear/best-backpack-coolers/;draft
https://taskandpurpose.com/gear/movie-deals-prime-day-2022/;draft
https://taskandpurpose.com/gear/best-backpacking-meals/;draft
https://taskandpurpose.com/gear/best-personal-locator-beacons/;draft
https://taskandpurpose.com/gear/best-ankle-weights/;draft
https://taskandpurpose.com/gear/best-gun-oils/;draft
https://taskandpurpose.com/gear/gifts-for-sci-fi-nerds/;draft
https://taskandpurpose.com/gear/best-compact-binoculars/;draft
https://taskandpurpose.com/gear/best-cross-draw-holsters/;draft
https://taskandpurpose.com/gear/lifestraw-black-friday-deal-amazon/;draft
https://taskandpurpose.com/gear/smith-wesson-throwing-knives-set-amazon-sale/;draft
https://taskandpurpose.com/gear/kill-flies-the-american-way-with-bug-a-salt/;draft
https://taskandpurpose.com/gear/5-technologies-that-will-take-your-health-and-fitness-routine-to-the-next-level/;draft
https://taskandpurpose.com/gear/amazon-prime-day-deals-military-veterans/;draft
https://taskandpurpose.com/gear/blade-hq-knife-sale/;draft
https://taskandpurpose.com/gear/kevlar-cut-resistant-sleeves/;draft
https://taskandpurpose.com/gear/macallan-titanium-whiskey-flask/;draft
https://taskandpurpose.com/gear/marijuana-swiss-army-knife/;draft
https://taskandpurpose.com/gear/redneck-hunting-blinds-kristin-beck/;draft
https://taskandpurpose.com/gear/best-kettlebells/;draft
https://taskandpurpose.com/gear/best-home-gyms/;draft
https://taskandpurpose.com/gear/best-cell-phone-boosters-for-rural-areas/;draft
https://taskandpurpose.com/gear/best-red-dot-sights/;draft
https://taskandpurpose.com/gear/best-binoculars-for-long-distance/;draft
https://taskandpurpose.com/gear/best-cordless-drill/;draft
https://taskandpurpose.com/gear/best-rolling-duffel-bags/;draft
https://taskandpurpose.com/gear/best-hiking-poles/;draft
https://taskandpurpose.com/gear/best-rain-ponchos/;draft
https://taskandpurpose.com/gear/best-gas-masks/;draft
https://taskandpurpose.com/gear/best-wood-splitting-maul/;draft
https://taskandpurpose.com/gear/best-camping-lanterns/;draft
https://taskandpurpose.com/gear/james-bond-movie-collection-deal-amazon-prime-day-2022/;draft
https://taskandpurpose.com/gear/cafflano-klassic-coffee-maker-review/;draft
https://taskandpurpose.com/gear/best-solar-panels-for-camping/;draft
https://taskandpurpose.com/gear/oakley-ray-ban-sunglasses-deals-prime-day-2022/;draft
https://taskandpurpose.com/gear/streamlight-flashlight-prime-day-deals-2022/;draft
https://taskandpurpose.com/gear/best-fitness-equipment/;draft
https://taskandpurpose.com/gear/best-neck-knives/;draft
https://taskandpurpose.com/gear/best-safety-glasses/;draft
https://taskandpurpose.com/gear/best-shooting-ear-protection/;draft
https://taskandpurpose.com/gear/best-hiking-sandals/;draft
https://taskandpurpose.com/gear/best-shooting-ear-protection-deals-amazon/;draft
https://taskandpurpose.com/gear/the-evolution-of-the-combat-boot-in-the-us-military/;draft
https://taskandpurpose.com/gear/best-aviator-sunglasses/;draft
https://taskandpurpose.com/gear/best-hidden-gun-safes/;draft
https://taskandpurpose.com/gear/best-gaiter-mask/;draft
https://taskandpurpose.com/gear/wolfwarriorx-tactical-backpack-review/;draft
https://taskandpurpose.com/gear/best-dry-bags/;draft
https://taskandpurpose.com/gear/best-camping-accessories-2/;draft
https://taskandpurpose.com/gear/best-multitools-military-veterans/;draft
https://taskandpurpose.com/gear/black-diamond-speed-40-pack-review/;draft
https://taskandpurpose.com/gear/best-hiking-backpacks/;draft
https://taskandpurpose.com/gear/jetboil-minimo-review/;draft
https://taskandpurpose.com/gear/best-machetes/;draft
https://taskandpurpose.com/gear/best-molle-pouches/;draft
https://taskandpurpose.com/gear/streamlight-microstream-flashlight-review/;draft
https://taskandpurpose.com/gear/ontario-knife-company-rat-ii-review/;draft
https://taskandpurpose.com/gear/gerber-straightlace-review/;draft
https://taskandpurpose.com/gear/best-rugged-smartwatch/;draft
https://taskandpurpose.com/gear/ammo-box-storage/;draft
https://taskandpurpose.com/gear/nitecore-p10i-tactical-flashlight-review/;draft
https://taskandpurpose.com/gear/best-seiko-watches/;draft
https://taskandpurpose.com/gear/best-camping-blankets/;draft
https://taskandpurpose.com/gear/best-camping-chairs/;draft
https://taskandpurpose.com/gear/black-friday-edc-knives/;draft
https://taskandpurpose.com/gear/texas-gift-guide/;draft
https://taskandpurpose.com/gear/best-under-bed-gun-safes/;draft
https://taskandpurpose.com/gear/marmot-prime-day-2022/;draft
https://taskandpurpose.com/gear/best-fleece-jackets/;draft
https://taskandpurpose.com/gear/ultimate-tactical-rubber-band-guns-ranked/;draft
https://taskandpurpose.com/gear/best-power-racks/;draft
https://taskandpurpose.com/gear/bosch-mini-chainsaw-tool/;draft
https://taskandpurpose.com/gear/gerber-kettlebell-compact-edc-knife/;draft
https://taskandpurpose.com/gear/just-found-next-edc-pouch/;draft
https://taskandpurpose.com/gear/steel-mace-workout-tool/;draft
https://taskandpurpose.com/gear/best-tactical-backpacks/;draft
https://taskandpurpose.com/gear/best-tactical-belts/;draft
https://taskandpurpose.com/gear/best-shoulder-holsters/;draft
https://taskandpurpose.com/gear/best-running-shoes-for-women/;draft
https://taskandpurpose.com/gear/spyderco-delica-4-lightweight-review/;draft
https://taskandpurpose.com/gear/best-running-belts/;draft
https://taskandpurpose.com/gear/best-fixed-blade-knives/;draft
https://taskandpurpose.com/gear/best-butterfly-knives/;draft
https://taskandpurpose.com/gear/military-watch-deals-prime-day-2022/;draft
https://taskandpurpose.com/gear/best-in-wall-gun-safes/;draft
https://taskandpurpose.com/gear/olight-baton-3-flashlight-review/;draft
https://taskandpurpose.com/gear/amazon-streamlight-flashlight-deals/;draft
https://taskandpurpose.com/gear/citizen-watches-amazon-sale/;draft
https://taskandpurpose.com/gear/best-resume-writing-services-for-military/;draft
https://taskandpurpose.com/gear/praesidus-a-11-marston-mat-field-watch-review/;draft
https://taskandpurpose.com/gear/amazon-binoculars-deals/;draft
https://taskandpurpose.com/gear/top-gun-maverick-aviator-sunglasses-amazon/;draft
https://taskandpurpose.com/gear/nortiv-8-hiking-boots-review/;draft
https://taskandpurpose.com/gear/best-car-gun-safes/;draft
https://taskandpurpose.com/gear/best-camelbak/;draft
https://taskandpurpose.com/gear/best-gun-cases/;draft
https://taskandpurpose.com/gear/best-camping-gear/;draft
https://taskandpurpose.com/gear/best-zoom-binoculars/;draft
https://taskandpurpose.com/gear/black-friday-tactical-gear-amazon-deals/;draft
https://taskandpurpose.com/gear/best-camping-canopy/;draft
https://taskandpurpose.com/gear/best-work-watches/;draft
https://taskandpurpose.com/gear/morakniv-companion-s-knife-review/;draft
https://taskandpurpose.com/gear/best-flashlights/;draft
https://taskandpurpose.com/gear/victorinox-swiss-army-rescue-tool-review/;draft
https://taskandpurpose.com/gear/matador-freerain24-waterproof-packable-backpack-review/;draft
https://taskandpurpose.com/gear/5-11-tactical-pt-r-sandbags-review/;draft
https://taskandpurpose.com/gear/amazon-cold-steel-sale/;draft
https://taskandpurpose.com/gear/black-friday-fitness-deals-amazon-walmart/;draft
https://taskandpurpose.com/gear/best-binoculars-under-100/;draft
https://taskandpurpose.com/gear/veteran-tested-camping-gear/;draft
https://taskandpurpose.com/gear/best-heated-gloves/;draft
https://taskandpurpose.com/gear/best-compression-socks-2/;draft
https://taskandpurpose.com/gear/best-gifts-survival/;draft
https://taskandpurpose.com/gear/coast-flashlight-deals-prime-day-2022/;draft
https://taskandpurpose.com/gear/crkt-knife-deals-prime-day-2022/;draft
https://taskandpurpose.com/gear/amazon-deals-shooting-ear-protection-peltor-walkers/;draft
https://taskandpurpose.com/gear/best-citizen-watches/;draft
https://taskandpurpose.com/gear/best-holographic-sights/;draft
https://taskandpurpose.com/gear/shooting-ear-protection-deals-amazon-prime-day-2022/;draft
https://taskandpurpose.com/gear/best-glock-19-holsters/;draft
https://taskandpurpose.com/gear/traeger-pellet-smoker-deal-amazon-prime-day-2022/;draft
https://taskandpurpose.com/gear/17-places-best-veterans-day-deals/;draft
https://taskandpurpose.com/gear/511-tactical-pants-defender/;draft
https://taskandpurpose.com/gear/best-dump-pouches/;draft
https://taskandpurpose.com/gear/blast-drones-sky-street-legal-bazooka/;draft
https://taskandpurpose.com/gear/bose-headphones-soundsport-pt/;draft
https://taskandpurpose.com/gear/chainsaw-bayonet-killsaw-panacea-x/;draft
https://taskandpurpose.com/gear/cyber-monday-deals-military-video-games-walmart/;draft
https://taskandpurpose.com/gear/everyday-carry-items/;draft
https://taskandpurpose.com/gear/five-badass-military-vehicles-can-buy-right-now/;draft
https://taskandpurpose.com/gear/forget-swiss-army-knife-belt-will-save-life/;draft
https://taskandpurpose.com/gear/gerber-eab-lite-pocket-knife/;draft
https://taskandpurpose.com/gear/goruck-gr1-backpack-deal/;draft
https://taskandpurpose.com/gear/kettenkrad-motorcycle-tank/;draft
https://taskandpurpose.com/gear/mancrate-got-drunk-noon-workday/;draft
https://taskandpurpose.com/gear/nike-unveils-fresh-combat-boot-inspired-sneakers/;draft
https://taskandpurpose.com/gear/shot-glasses-bring-new-meaning-locked-loaded/;draft
https://taskandpurpose.com/gear/spartan-blades-literally-battle-tested/;draft
https://taskandpurpose.com/gear/the-best-tacticool-gear-from-shot-show-2016/;draft
https://taskandpurpose.com/gear/versatile-bag-will-hide-handgun-much/;draft
https://taskandpurpose.com/gear/veterans-day-guide-free-meals-humor/;draft
https://taskandpurpose.com/gear/world-war-ii-escape-evasion-spy-knife/;draft
https://taskandpurpose.com/gear/best-ultralight-tents/;draft
https://taskandpurpose.com/gear/best-reloading-kit/;draft
https://taskandpurpose.com/gear/best-folding-knives/;draft
https://taskandpurpose.com/gear/best-emergency-radio/;draft
https://taskandpurpose.com/gear/best-edc-flashlights/;draft
https://taskandpurpose.com/gear/best-windproof-lighter/;draft
https://taskandpurpose.com/gear/gerber-mp600-multitool-review/;draft
https://taskandpurpose.com/gear/best-cabin-tents/;draft
https://taskandpurpose.com/gear/best-emergency-blanket/;draft
https://taskandpurpose.com/gear/best-bivy-sack/;draft
https://taskandpurpose.com/gear/best-life-insurance-for-veterans/;draft
https://taskandpurpose.com/gear/best-hiking-boots/;draft
https://taskandpurpose.com/gear/timberland-mens-mt-maddsen-mid-leather-hiking-boots/;draft
https://taskandpurpose.com/gear/surefire-flashlight-gear-deals/;draft
https://taskandpurpose.com/gear/best-running-shorts-for-men/;draft
https://taskandpurpose.com/gear/mechanix-tactical-gloves-deal-amazon-prime-day-2022/;draft
https://taskandpurpose.com/gear/best-crossfit-shoes-for-women/;draft
https://taskandpurpose.com/gear/bass-pro-shops-clearance-sale-kershaw-knives/;draft
https://taskandpurpose.com/gear/holiday-gifts-military-enthusiast/;draft
https://taskandpurpose.com/gear/best-hiking-shorts/;draft
https://taskandpurpose.com/gear/best-rechargeable-flashlights/;draft
https://taskandpurpose.com/gear/scarpa-rush-mid-gtx-hiking-boots-review/;draft
https://taskandpurpose.com/gear/best-military-graduation-gifts/;draft
https://taskandpurpose.com/gear/best-binoculars-with-cameras/;draft
https://taskandpurpose.com/gear/crkt-m16-14sfg-review/;draft
https://taskandpurpose.com/gear/espro-p0-ultralight-coffee-press-review/;draft
https://taskandpurpose.com/gear/best-paracord-bracelets/;draft
https://taskandpurpose.com/gear/ontario-knife-company-amazon-deals/;draft
https://taskandpurpose.com/gear/prepper-supplies-amazon-prime-day/;draft
https://taskandpurpose.com/gear/seiko-watches-amazon-deals-sales/;draft
https://taskandpurpose.com/gear/amazon-deals-binoculars-nikon-bushnell/;draft
https://taskandpurpose.com/gear/axil-hearing-protection-review/;draft
https://taskandpurpose.com/gear/ashford-sunglasses-sale-fathers-day-deals/;draft
https://taskandpurpose.com/gear/pit-viper-sunglasses-deal/;draft
https://taskandpurpose.com/gear/best-survival-books/;draft
https://taskandpurpose.com/gear/best-long-range-walkie-talkies/;draft
https://taskandpurpose.com/gear/outdoor-beer-gear/;draft
https://taskandpurpose.com/gear/camping-deals-prime-day-2022/;draft
https://taskandpurpose.com/gear/best-home-gym-flooring/;draft
https://taskandpurpose.com/gear/best-fitness-trackers/;draft
https://taskandpurpose.com/gear/best-resistance-bands/;draft
https://taskandpurpose.com/gear/best-drawstring-backpacks/;draft
https://taskandpurpose.com/gear/best-osprey-backpacks/;draft
https://taskandpurpose.com/gear/best-vortex-binoculars/;draft
https://taskandpurpose.com/gear/best-kershaw-knives/;draft
https://taskandpurpose.com/gear/best-binoculars-under-200/;draft
https://taskandpurpose.com/gear/best-massage-guns/;draft
https://taskandpurpose.com/gear/best-skinning-knives/;draft
https://taskandpurpose.com/gear/best-gun-cleaning-kits/;draft
https://taskandpurpose.com/gear/kershaw-clash-review/;draft
https://taskandpurpose.com/gear/best-gun-safes/;draft
https://taskandpurpose.com/gear/buck-371-stockman-review/;draft
https://taskandpurpose.com/gear/breeo-fire-pit-review/;draft
https://taskandpurpose.com/gear/best-chest-rigs/;draft
https://taskandpurpose.com/gear/cabelas-black-friday-deals/;draft
https://taskandpurpose.com/gear/best-cigar-humidors/;draft
https://taskandpurpose.com/gear/best-rowing-machines-under-500/;draft
https://taskandpurpose.com/gear/patriotic-gift-guide/;draft
https://taskandpurpose.com/gear/best-climbing-packs/;draft
https://taskandpurpose.com/gear/best-hunting-blinds/;draft
https://taskandpurpose.com/gear/best-climbing-harnesses/;draft
https://taskandpurpose.com/gear/which-body-armor-is-best-for-you/;draft
https://taskandpurpose.com/gear/best-dry-fire-training-systems/;draft
https://taskandpurpose.com/gear/best-led-flashlight/;draft
https://taskandpurpose.com/gear/best-military-field-gear-under-25-soldiers/;draft
https://taskandpurpose.com/gear/best-running-socks/;draft
https://taskandpurpose.com/gear/best-hardshell-jackets/;draft
https://taskandpurpose.com/gear/best-camping-pillows/;draft
https://taskandpurpose.com/gear/best-tactical-wallets/;draft
https://taskandpurpose.com/gear/best-thermos/;draft
https://taskandpurpose.com/gear/best-survival-radios/;draft
https://taskandpurpose.com/gear/best-hiking-watch/;draft
https://taskandpurpose.com/gear/morakniv-garberg-knife-review/;draft
https://taskandpurpose.com/gear/crkt-m21-04g-folding-knife-review/;draft
https://taskandpurpose.com/gear/best-camping-cots/;draft
https://taskandpurpose.com/gear/best-hiking-socks/;draft
https://taskandpurpose.com/gear/best-bushcraft-knives/;draft
https://taskandpurpose.com/gear/coast-g20-inspection-beam-penlight/;draft
https://taskandpurpose.com/gear/spyderco-endura-4-review/;draft
https://taskandpurpose.com/gear/a-survival-expert-lays-out-what-you-need-in-your-bug-out-bag/;draft
https://taskandpurpose.com/gear/amazon-prime-day-gerber-multitools-deals/;draft
https://taskandpurpose.com/gear/best-water-bottles/;draft
https://taskandpurpose.com/gear/civivi-elementum-review/;draft
https://taskandpurpose.com/gear/best-rock-climbing-harness/;draft
https://taskandpurpose.com/gear/best-mosquito-repellents/;draft
https://taskandpurpose.com/gear/crkt-overland-review/;draft
https://taskandpurpose.com/gear/sog-ninja-review/;draft
https://taskandpurpose.com/gear/smith-wesson-knife-sale/;draft
https://taskandpurpose.com/gear/morakniv-outdoor-camp-axe-review/;draft
https://taskandpurpose.com/gear/spyderco-slip-stone-review/;draft
https://taskandpurpose.com/gear/best-wallets/;draft
https://taskandpurpose.com/gear/asp-scribe-review/;draft
https://taskandpurpose.com/gear/spyderco-atlantic-salt-review/;draft
https://taskandpurpose.com/gear/opinel-no-8-review/;draft
https://taskandpurpose.com/gear/biolite-firepit-review/;draft
https://taskandpurpose.com/gear/platypus-gravityworks-water-filter-system-review/;draft
https://taskandpurpose.com/gear/samurai-tactical-wakizashi-tactical-backpack-review/;draft
https://taskandpurpose.com/gear/argali-carbon-knife-review/;draft
https://taskandpurpose.com/gear/5-11-fitness-gear/;draft