https://www.wearethemighty.com/mighty-history/why-world-war-ii-tankers-tied-logs-to-the-side-of-their-sherman-tanks/,web,1
https://www.wearethemighty.com/mighty-history/why-the-f-117-nighthawk-had-such-a-relatively-short-service-life/,web,1
https://www.wearethemighty.com/mighty-history/why-sliced-bread-became-an-illegal-commodity-during-world-war-ii/,web,1
https://www.wearethemighty.com/mighty-culture/the-origins-and-meanings-of-the-terms-used-to-insult-marines/,web,1
https://www.wearethemighty.com/mighty-history/why-viking-raiders-seemed-to-disappear-from-history/,web,1
https://www.wearethemighty.com/articles/this-aircraft-carrier-was-never-commissioned-and-never-served-on-active-duty/,web,1
https://www.wearethemighty.com/articles/how-vikings-ate-while-they-sailed-to-plunder-european-villages/,web,1
https://www.wearethemighty.com/popular/watch-one-of-the-baddest-a-10-pilots-ever-land-after-being-hit-by-a-missile/,web,1
https://www.wearethemighty.com/popular/9-legendary-heroes-us-army/,web,1
https://www.wearethemighty.com/mighty-heroes/first-american-at-d-day/,web,1
https://www.wearethemighty.com/popular/historical-inaccuracies-band-of-brothers/,web,1
https://www.wearethemighty.com/popular/truth-cell-phones-basic-training/,web,1
https://www.wearethemighty.com/articles/check-out-general-dynamics-teaser-for-the-new-abrams-tank-and-other-next-generation-designs/,web,1
https://www.wearethemighty.com/popular/5-little-known-facts-about-r-lee-ermey-the-militarys-favorite-gunny/,web,1
https://www.wearethemighty.com/popular/3-key-differences-between-recon-marines-and-marine-raiders/,web,1
https://www.wearethemighty.com/articles/4-things-you-didnt-know-about-the-making-of-top-gun-maverick/,web,1
https://www.wearethemighty.com/popular/ka-52-best-attack-helicopter/,web,1
https://www.wearethemighty.com/popular/the-reason-army-helicopters-are-named-after-native-tribes-will-make-you-smile/,web,1
https://www.wearethemighty.com/mighty-culture/7-best-military-museums-for-history-lovers/,web,1
https://www.wearethemighty.com/articles/victorinox-released-a-limited-edition-swiss-army-knife-for-its-125th-anniversary/,web,1
https://www.wearethemighty.com/popular/kiwi-pilot-inspired-dunkirk-character/,web,1
https://www.wearethemighty.com/articles/why-german-vehicles-had-textured-camouflage-during-wwii/,web,1
https://www.wearethemighty.com/articles/when-the-bomber-boys-went-at-it-dogfights-in-slow-motion/,web,1
https://www.wearethemighty.com/mighty-history/the-history-behind-the-landlocked-wisconsin-submarine/,web,1
https://www.wearethemighty.com/popular/best-snipers-modern-history/,web,1
https://www.wearethemighty.com/mighty-trending/actual-footage-george-bushs-ww2/,web,1
https://www.wearethemighty.com/popular/why-navy-doesnt-use-battleships/,web,1
https://www.wearethemighty.com/popular/which-is-the-better-round/,web,1
https://www.wearethemighty.com/popular/rival-f22-fifth-generation-fighters/,web,1
https://www.wearethemighty.com/articles/this-albanian-assassin-is-as-close-to-a-real-john-wick-as-we-can-get/,web,1
https://www.wearethemighty.com/popular/life-aboard-wwii-submarines-was-brutal/,web,1
https://www.wearethemighty.com/popular/fight-between-fulcrum-hornet/,web,1
https://www.wearethemighty.com/popular/the-best-and-the-worst-air-force-recruiting-slogans-of-all-times/,web,1
https://www.wearethemighty.com/popular/who-the-hell-is-roger-military-lingo-explained/,web,1
https://www.wearethemighty.com/popular/civilians-dating-a-military-member/,web,1
https://www.wearethemighty.com/mighty-trending/last-ac-130-lost-combat/,web,1
https://www.wearethemighty.com/articles/this-navy-plane-is-a-boeing-737-loaded-with-computers-radar-torpedoes-and-missiles/,web,1
https://www.wearethemighty.com/popular/11-best-military-leader-nicknames-throughout-history/,web,1
https://www.wearethemighty.com/articles/happy-birthday-uscg/,web,1
https://www.wearethemighty.com/mighty-trending/audie-murphy-most-decorated-soldier/,web,1
https://www.wearethemighty.com/articles/5-tips-for-mental-toughness-from-a-grunt/,web,1
https://www.wearethemighty.com/mighty-trending/ships-sunk-pearl-harbor-survive/,web,1
https://www.wearethemighty.com/popular/this-pilot-shot-down-an-enemy-fighter-with-his-1911/,web,1
https://www.wearethemighty.com/articles/this-navy-ace-shot-down-both-german-and-japanese-planes-during-wwii/,web,1
https://www.wearethemighty.com/mighty-trending/rifles-almost-replaced-m4/,web,1
https://www.wearethemighty.com/popular/nuclear-subs-on-sea-floor/,web,1
https://www.wearethemighty.com/articles/what-german-soldiers-thought-about-americans-in-the-aftermath-of-world-war-i/,web,1
https://www.wearethemighty.com/popular/heres-bad-idea-snipe-u-s-army/,web,1
https://www.wearethemighty.com/mighty-trending/c-5-galaxy-surprising-nickname/,web,1
https://www.wearethemighty.com/popular/marine-corps-unit-mottos/,web,1
https://www.wearethemighty.com/mighty-trending/american-flag-facts/,web,1
https://www.wearethemighty.com/popular/most-common-buds-mistakes/,web,1
https://www.wearethemighty.com/mighty-trending/real-forrest-gump-sammy-davis/,web,1
https://www.wearethemighty.com/military-life/what-to-do-article-15/,web,1
https://www.wearethemighty.com/mighty-movies/how-the-first-army-females-to-see-combat-in-iraq-by-stepped-regulations-to-fight-along-marines/,web,1
https://www.wearethemighty.com/articles/the-united-states-marine-corps-owns-a-stretch-of-route-66/,web,1
https://www.wearethemighty.com/popular/this-is-how-much-troops-were-paid-in-every-major-american-war/,web,1
https://www.wearethemighty.com/popular/army-dentist-medal-of-honor/,web,1
https://www.wearethemighty.com/popular/why-punisher-skull-beloved-troops/,web,1
https://www.wearethemighty.com/popular/properly-seal-gas-mask-beard/,web,1
https://www.wearethemighty.com/popular/11-things-new-soldiers-complain-basic-training-2/,web,1
https://www.wearethemighty.com/popular/this-plane-left-the-sr-71-blackbird-in-the-dust/,web,1
https://www.wearethemighty.com/mighty-trending/tips-for-long-distance-hikes/,web,1
https://www.wearethemighty.com/popular/submarine-runs-into-undersea-mountain/,web,1
https://www.wearethemighty.com/articles/the-story-behind-saddam-husseins-massive-1-billion-bank-robbery/,web,1
https://www.wearethemighty.com/mighty-trending/iraq-buried-air-force-desert/,web,1
https://www.wearethemighty.com/popular/car-killed-more-nazi-generals/,web,1
https://www.wearethemighty.com/popular/this-is-what-makes-a-fister-so-deadly/,web,1
https://www.wearethemighty.com/popular/6-badass-military-quotes-created-by-combat/,web,1
https://www.wearethemighty.com/popular/air-force-myths-debunked/,web,1
https://www.wearethemighty.com/popular/33-insane-photos-from-the-battle-for-okinawa/,web,1
https://www.wearethemighty.com/mighty-trending/air-force-hilarious-military-memes/,web,1
https://www.wearethemighty.com/mighty-trending/soldier-stayed-awake-40-years/,web,1
https://www.wearethemighty.com/popular/the-6-most-terrifying-weapons-of-world-war-i/,web,1
https://www.wearethemighty.com/featured/fox-news-independence-day/,web,1
https://www.wearethemighty.com/popular/cologne-germany-largest-bombing-raids/,web,1
https://www.wearethemighty.com/articles/heres-what-happened-to-the-french-soldiers-left-behind-at-dunkirk/,web,1
https://www.wearethemighty.com/mighty-culture/10-of-the-navys-best-jobs/,web,1
https://www.wearethemighty.com/mighty-trending/veteran-fights-hoa-for-flag/,web,1
https://www.wearethemighty.com/articles/marauder-was-the-us-militarys-first-plasma-railgun-and-it-might-have-worked/,web,1
https://www.wearethemighty.com/popular/that-time-a-boy-scout-built-a-nuclear-reactor-out-of-common-household-items/,web,1
https://www.wearethemighty.com/mighty-culture/the-8-demonstration-aircraft-flown-by-the-legendary-blue-angels/,web,1
https://www.wearethemighty.com/popular/this-c-130-landing-on-an-aircraft-carrier-will-make-you-rethink-physics/,web,1
https://www.wearethemighty.com/mighty-trending/marines-la-riots/,web,1
https://www.wearethemighty.com/mighty-history/george-washington-nearly-unkillable/,web,1
https://www.wearethemighty.com/popular/vietnam-recondo-school/,web,1
https://www.wearethemighty.com/popular/marines-on-navy-ships/,web,1
https://www.wearethemighty.com/articles/why-russia-has-three-nuclear-footballs-and-who-can-use-them/,web,1
https://www.wearethemighty.com/mighty-trending/saddams-blinged-out-weapons/,web,1
https://www.wearethemighty.com/mighty-trending/4th-of-july-meme/,web,1
https://www.wearethemighty.com/popular/hind-vs-cobra-who-wins/,web,1
https://www.wearethemighty.com/popular/air-force-dress-whites/,web,1
https://www.wearethemighty.com/mighty-trending/sniper-memes-humor-sighted/,web,1
https://www.wearethemighty.com/popular/abraham-wald-survivor-bias-ww2/,web,1
https://www.wearethemighty.com/mighty-trending/camp-bastion-bloody-attack/,web,1
https://www.wearethemighty.com/articles/how-the-viet-cong-managed-to-avoid-being-victims-of-their-own-booby-traps/,web,1
https://www.wearethemighty.com/articles/did-you-know-these-four-us-presidents-never-had-a-vp/,web,1
https://www.wearethemighty.com/articles/4-subtle-details-about-nazi-germany-you-missed-in-jojo-rabbit/,web,1
https://www.wearethemighty.com/articles/a-british-officer-could-have-been-executed-for-his-affair-with-princess-diana/,web,1
https://www.wearethemighty.com/mighty-trending/6-awesome-navy-films/,web,1
https://www.wearethemighty.com/articles/an-anti-putin-army-of-russians-may-be-waging-war-against-the-putin-regime/,web,1
https://www.wearethemighty.com/articles/heres-what-communication-looked-like-during-wwii/,web,1
https://www.wearethemighty.com/popular/the-5-most-beloved-sidearms-in-us-military-history/,web,1
https://www.wearethemighty.com/articles/pfc-bradford-freeman-the-last-band-of-brothers-soldier-dies-at-97/,web,1
https://www.wearethemighty.com/popular/dumb-things-troops-do-after-deployment/,web,1
https://www.wearethemighty.com/popular/army-reserve-drill-day-humor/,web,1
https://www.wearethemighty.com/popular/greatest-phrases-to-lower-enlisted/,web,1
https://www.wearethemighty.com/popular/air-force-aerial-victory-marking/,web,1
https://www.wearethemighty.com/popular/why-vikings-had-successful-raids/,web,1
https://www.wearethemighty.com/mighty-movies/top-5-acting-performances-in-film-by-military-veterans/,web,1
https://www.wearethemighty.com/mighty-culture/are-you-stationed-at-one-of-the-top-5-us-navy-installations/,web,1
https://www.wearethemighty.com/popular/wwi-airplane-machine-guns/,web,1
https://www.wearethemighty.com/articles/6-reasons-why-fascist-italy-underperformed-during-world-war-ii/,web,1
https://www.wearethemighty.com/popular/this-is-how-the-shovel-became-a-deadlier-weapon-than-a-bayonet/,web,1
https://www.wearethemighty.com/articles/gary-schroen-cias-first-in-afghanistan-after-9-11-dies-at-80/,web,1
https://www.wearethemighty.com/mighty-trending/barrage-observation-balloons-ww1-fighter/,web,1
https://www.wearethemighty.com/mighty-trending/losing-vietnam-was-a-victory/,web,1
https://www.wearethemighty.com/popular/4-reasons-why-north-koreas-ak-variant-is-just-dumb/,web,1
https://www.wearethemighty.com/articles/the-air-force-received-its-first-laser-weapons-for-fighter-planes/,web,1
https://www.wearethemighty.com/articles/marine-reflects-on-afghanistan/,web,1
https://www.wearethemighty.com/articles/why-the-glock-is-the-sidearm-of-choice-in-special-operations/,web,1
https://www.wearethemighty.com/popular/star-wars-blasters-real-guns/,web,1
https://www.wearethemighty.com/popular/3-of-the-stupidest-wars-ever-fought-in-world-history/,web,1
https://www.wearethemighty.com/mighty-history/what-ulysses-s-grant-taught-us-about-the-most-successful-failure/,web,1
https://www.wearethemighty.com/articles/these-three-odd-planes-were-designed-to-be-the-armys-unconventional-bomber-hunter/,web,1
https://www.wearethemighty.com/articles/the-first-time-the-f-14-tomcats-gun-was-used-in-combat-was-during-12-strong/,web,1
https://www.wearethemighty.com/articles/the-reason-the-m1-garand-used-to-jam-every-7th-round/,web,1
https://www.wearethemighty.com/popular/british-conquered-manila/,web,1
https://www.wearethemighty.com/popular/12-photos-island-city-navy-built-invade-japan/,web,1
https://www.wearethemighty.com/articles/the-6-absolute-worst-field-ration-meals-ever-created-from-any-era/,web,1
https://www.wearethemighty.com/mighty-history/the-last-prisoner-of-world-war-ii-was-found-in-russia-in-2000/,web,1
https://www.wearethemighty.com/mighty-culture/watch-the-5-worst-posts-in-the-army/,web,1
https://www.wearethemighty.com/popular/contents-abraham-lincolns-pocket/,web,1
https://www.wearethemighty.com/articles/5-types-of-extra-armor-added-to-tanks-during-wwii/,web,1
https://www.wearethemighty.com/articles/the-wreck-of-the-destroyer-escort-that-fought-like-a-battleship-during-wwii-has-been-found/,web,1
https://www.wearethemighty.com/popular/this-colorized-german-war-footage-shows-why-stalingrad-was-hell-on-earth/,web,1
https://www.wearethemighty.com/popular/military-terms-civilians/,web,1
https://www.wearethemighty.com/popular/hurt-locker-technical-errors/,web,1
https://www.wearethemighty.com/articles/these-are-the-10-rules-the-cia-used-for-spying-on-the-soviet-union-in-moscow/,web,1
https://www.wearethemighty.com/popular/black-celebrities-veterans/,web,1
https://www.wearethemighty.com/articles/how-the-vietnam-war-changed-the-navy-seals-forever/,web,1
https://www.wearethemighty.com/popular/why-soviet-cosmonauts-carried-shotgun/,web,1
https://www.wearethemighty.com/mighty-culture/4-best-military-installations-for-nature-lovers/,web,1
https://www.wearethemighty.com/popular/viet-cong-vietnam-war-tunnels/,web,1
https://www.wearethemighty.com/mighty-trending/cop-inspired-dirty-harry-bullitt/,web,1
https://www.wearethemighty.com/articles/these-4-wwii-planes-were-armed-with-literal-tank-cannons/,web,1
https://www.wearethemighty.com/articles/how-green-berets-earned-the-nickname-snake-eaters-and-how-it-helped-them-in-vietnam/,web,1
https://www.wearethemighty.com/popular/military-create-army-super-soldiers/,web,1
https://www.wearethemighty.com/mighty-trending/you-didnt-know-about-dea/,web,1
https://www.wearethemighty.com/articles/the-a-10-refueled-and-rearmed-on-a-public-highway-for-the-first-time/,web,1
https://www.wearethemighty.com/popular/navy-banned-alcohol-on-its-ships/,web,1
https://www.wearethemighty.com/articles/the-origin-of-the-famous-red-phone-in-the-oval-office/,web,1
https://www.wearethemighty.com/mighty-culture/the-7-best-us-army-installations-for-families/,web,1
https://www.wearethemighty.com/mighty-trending/this-insanely-talented-sniper-was-known-as-the-white-death/,web,1
https://www.wearethemighty.com/articles/the-fascinating-history-of-the-crime-ridden-kowloon-walled-city/,web,1
https://www.wearethemighty.com/popular/here-is-the-most-dangerous-mission-faced-by-todays-fighter-pilots/,web,1
https://www.wearethemighty.com/mighty-movies/greatest-beer-run-ever-trailer-based-on-crazy-true-story/,web,1
https://www.wearethemighty.com/popular/troops-disobey-orders/,web,1
https://www.wearethemighty.com/mighty-trending/this-is-how-ripley-at-the-bridge-became-a-marine-corps-legend/,web,1
https://www.wearethemighty.com/articles/the-5-most-common-causes-of-death-in-the-us-military-during-the-global-war-on-terror/,web,1
https://www.wearethemighty.com/articles/how-the-us-military-adopted-the-legendary-45-acp-cartridge/,web,1
https://www.wearethemighty.com/popular/aliens-landed-in-soviet-union/,web,1
https://www.wearethemighty.com/articles/camp-lejeune-justice-helps-veterans-and-their-families-understand-their-rights-related-to-toxic-water-contamination/,web,1
https://www.wearethemighty.com/articles/top-3-deadliest-animals-troops-encountered-in-combat/,web,1
https://www.wearethemighty.com/popular/longest-land-battle-hurtgen-forest/,web,1
https://www.wearethemighty.com/articles/the-german-army-is-selecting-a-new-service-rifle-again/,web,1
https://www.wearethemighty.com/articles/special-operations-command-selected-its-new-armed-overwatch-plane-with-a-3-billion-contract/,web,1
https://www.wearethemighty.com/mighty-history/the-battle-of-savo-island-was-americas-worst-naval-defeat/,web,1
https://www.wearethemighty.com/articles/the-kgbs-alpha-group-left-terrorists-in-fear-of-the-soviet-union/,web,1
https://www.wearethemighty.com/popular/these-are-weird-navy-traditions-and-their-meanings/,web,1
https://www.wearethemighty.com/popular/this-65-war-movie-was-so-bad-that-eisenhower-came-out-of-retirement-to-publically-slam-it/,web,1
https://www.wearethemighty.com/popular/that-time-two-countries-special-forces-squared-off-in-combat/,web,1
https://www.wearethemighty.com/articles/vietnam-era-army-vet-and-goodfellas-paul-sorvino-dead-at-83/,web,1
https://www.wearethemighty.com/mighty-lifestyle/4-military-hacks-that-will-change-your-life/,web,1
https://www.wearethemighty.com/articles/this-is-how-the-romans-successfully-removed-arrows-from-wounded-troops/,web,1
https://www.wearethemighty.com/articles/four-vietnam-veterans-were-awarded-the-medal-of-honor/,web,1
https://www.wearethemighty.com/articles/this-us-rocket-artillery-system-is-devastating-russians-in-ukraine/,web,1
https://www.wearethemighty.com/mighty-trending/funny-military-memes-urinalysis/,web,1
https://www.wearethemighty.com/articles/the-time-a-fishing-boat-helped-capture-a-north-korean-submarine/,web,1
https://www.wearethemighty.com/mighty-trending/signs-might-be-drill-sergeant/,web,1
https://www.wearethemighty.com/popular/the-first-man-killed-in-the-vietnam-war-was-murdered-by-a-fellow-airman/,web,1
https://www.wearethemighty.com/articles/how-hitler-and-the-nazis-almost-killed-off-white-german-shepherd-dogs/,web,1
https://www.wearethemighty.com/mighty-history/rag-tag-circus-stole-vehicles/,web,1
https://www.wearethemighty.com/popular/sub-sinking-toilet/,web,1
https://www.wearethemighty.com/articles/how-the-wwii-willys-jeep-got-its-nickname-from-the-popeye-cartoons/,web,1
https://www.wearethemighty.com/popular/suffering-bastard-drink-like-sailor/,web,1
https://www.wearethemighty.com/popular/aircraft-set-world-glider-record/,web,1
https://www.wearethemighty.com/mighty-culture/7-unusual-usmc-slang-words-every-marine-knows/,web,1
https://www.wearethemighty.com/popular/spies-use-radio-stations-communicate/,web,1
https://www.wearethemighty.com/popular/abraham-lincoln-strong/,web,1
https://www.wearethemighty.com/articles/the-time-japanese-submarines-attacked-california-and-oregon-during-wwii/,web,1
https://www.wearethemighty.com/mighty-trending/how-well-would-the-apache-kill-russian-tanks/,web,1
https://www.wearethemighty.com/articles/this-was-the-vietnam-wars-longest-continuously-serving-army-ranger/,web,1
https://www.wearethemighty.com/featured/top-7-reasons-to-brag-on-fort-bragg/,web,1
https://www.wearethemighty.com/popular/american-gis-spam/,web,1
https://www.wearethemighty.com/mighty-culture/coin-on-headstone/,web,1
https://www.wearethemighty.com/articles/5-reasons-the-japanese-didnt-launch-a-third-attack-on-pearl-harbor/,web,1
https://www.wearethemighty.com/mighty-movies/captain-america-owed-back-pay/,web,1
https://www.wearethemighty.com/articles/this-was-the-world-war-ii-allies-plan-to-invade-the-soviet-union/,web,1
https://www.wearethemighty.com/articles/this-is-why-the-military-went-from-blotched-to-digital-uniform-patterns/,web,1
https://www.wearethemighty.com/popular/americas-top-strategic-bomber-once-had-devastating-tail-guns/,web,1
https://www.wearethemighty.com/articles/bae-won-the-armys-278-million-cold-weather-all-terrain-vehicle-contract/,web,1
https://www.wearethemighty.com/articles/russian-vehicles-cannibalized-ukraine-military/,web,1
https://www.wearethemighty.com/popular/obsolete-military-equipment-brought-back/,web,1
https://www.wearethemighty.com/mighty-trending/why-doc-isnt-in-formation/,web,1
https://www.wearethemighty.com/popular/yuri-gagarin-first-space-survive/,web,1
https://www.wearethemighty.com/mighty-history/how-communist-chinas-war-against-sparrows-killed-55-million-people/,web,1
https://www.wearethemighty.com/articles/why-some-of-the-los-zetas-cartel-founders-were-trained-by-the-us-army/,web,1
https://www.wearethemighty.com/popular/the-4-weirdest-ammunitions-ever-used/,web,1
https://www.wearethemighty.com/articles/how-one-of-americas-saltiest-marines-wanted-to-handle-the-vietnam-war/,web,1
https://www.wearethemighty.com/mighty-culture/top-reasons-why-the-us-air-force-is-the-best/,web,1
https://www.wearethemighty.com/mighty-trending/foreign-special-operations-units/,web,1
https://www.wearethemighty.com/popular/5-terribly-hilarious-gifts-to-scuff-up-a-basic-trainee/,web,1
https://www.wearethemighty.com/popular/ww2-marines-made-ice-cream/,web,1
https://www.wearethemighty.com/articles/this-is-how-russian-president-vladimir-putins-bodyguards-operate/,web,1
https://www.wearethemighty.com/popular/one-influential-u-s-generals-probably-never-heard/,web,1
https://www.wearethemighty.com/articles/this-badass-native-american-fought-in-3-wars-and-earned-42-medals-and-citations/,web,1
https://www.wearethemighty.com/articles/an-army-veteran-and-brinks-guard-escaped-two-disasters-only-to-die-in-the-9-11-attacks/,web,1
https://www.wearethemighty.com/articles/the-armys-chevy-colorado-based-infantry-squad-vehicle-is-getting-a-laser/,web,1
https://www.wearethemighty.com/mighty-trending/this-is-how-israeli-pilots-saw-the-six-day-war/,web,1
https://www.wearethemighty.com/popular/how-they-trained-dis-vietnam/,web,1
https://www.wearethemighty.com/articles/the-soviets-tried-to-make-a-flying-tank-during-wwii/,web,1
https://www.wearethemighty.com/popular/soldier-letters-vietnam-tet-offensive/,web,1
https://www.wearethemighty.com/popular/sas-legend-made-selection-twice/,web,1
https://www.wearethemighty.com/articles/bravo-sierra-walmart/,web,1
https://www.wearethemighty.com/popular/tzar-bomba-over-america/,web,1
https://www.wearethemighty.com/mighty-heroes/the-marine-who-escorted-the-unknown-soldier-was-a-hardcore-combat-veteran/,web,1
https://www.wearethemighty.com/popular/things-to-know-before-bootcamp/,web,1
https://www.wearethemighty.com/popular/this-is-why-acus-have-buttons-on-their-pants-and-a-zipper-on-the-blouse/,web,1
https://www.wearethemighty.com/popular/this-is-the-most-decorated-enlisted-sailor-in-us-military-history/,web,1
https://www.wearethemighty.com/popular/this-flight-students-first-attempt-to-land-on-an-aircraft-carrier-ended-in-disaster/,web,1
https://www.wearethemighty.com/popular/russian-nuclear-missile-bulava-submarine/,web,1
https://www.wearethemighty.com/popular/pedersen-rifle-selfloading-276-caliber/,web,1
https://www.wearethemighty.com/popular/german-navy-dday-ww2/,web,1
https://www.wearethemighty.com/popular/general-officers-weirdness/,web,1
https://www.wearethemighty.com/popular/this-is-why-world-war-i-era-british-spies-used-semen-as-invisible-ink/,web,1
https://www.wearethemighty.com/popular/that-time-an-entire-battle-stopped-to-watch-two-soldiers-in-a-fistfight/,web,1
https://www.wearethemighty.com/mighty-trending/battle-of-athens/,web,1
https://www.wearethemighty.com/articles/6-nice-perks-of-joining-special-forces-while-in-the-us-army/,web,1
https://www.wearethemighty.com/mighty-movies/9-game-of-thrones-weapons-and-their-real-life-analogs/,web,1
https://www.wearethemighty.com/articles/the-namesake-of-tinker-air-force-base-was-a-total-badass/,web,1
https://www.wearethemighty.com/popular/the-ballad-of-ira-hayes/,web,1
https://www.wearethemighty.com/mighty-trending/this-cockpit-video-shows-the-moment-two-navy-tomcats-shot-down-libyan-migs/,web,1
https://www.wearethemighty.com/articles/the-army-bought-40-more-m109a7-howitzers-from-bae-for-299-million/,web,1
https://www.wearethemighty.com/popular/this-is-why-you-dont-mess-with-south-korean-pilots/,web,1
https://www.wearethemighty.com/popular/war-of-1812-marine-respect/,web,1
https://www.wearethemighty.com/popular/gulf-war-pow/,web,1
https://www.wearethemighty.com/articles/this-is-the-distinguished-service-of-little-green-army-men-toys/,web,1
https://www.wearethemighty.com/popular/6-reasons-why-comm-guys-hate-military-movies/,web,1
https://www.wearethemighty.com/mighty-history/the-swoose-is-the-oldest-intact-b-17-flying-fortress/,web,1
https://www.wearethemighty.com/popular/this-is-why-people-yell-geronimo-when-jumping-from-heights/,web,1
https://www.wearethemighty.com/mighty-history/the-navys-first-drone-saw-action-during-wwii/,web,1
https://www.wearethemighty.com/popular/americas-first-secret-space-force/,web,1
https://www.wearethemighty.com/articles/this-cia-operative-was-a-real-life-col-kurtz-during-the-vietnam-war/,web,1
https://www.wearethemighty.com/popular/netherlands-american-cemetery-adopt-graves/,web,1
https://www.wearethemighty.com/popular/mig-25-foxbat-blackbird-killer/,web,1
https://www.wearethemighty.com/popular/only-2-six-star-generals/,web,1
https://www.wearethemighty.com/articles/the-us-air-force-is-a-partner-on-the-new-boom-supersonic-commercial-jet/,web,1
https://www.wearethemighty.com/popular/9-interesting-reasons-behind-us-military-uniforms/,web,1
https://www.wearethemighty.com/articles/4-reasons-why-the-first-ever-jet-fighter-didnt-make-an-impact-on-world-war-ii/,web,1
https://www.wearethemighty.com/mighty-history/americas-first-authorization-for-use-of-military-force-came-in-1801/,web,1
https://www.wearethemighty.com/popular/north-korea-artillery/,web,1
https://www.wearethemighty.com/articles/how-to-spot-a-weeaboo-in-your-platoon-and-stop-it-from-reproducing/,web,1
https://www.wearethemighty.com/popular/suicidal-troop-saved-president-eisenhower/,web,1
https://www.wearethemighty.com/popular/french-forces-rescue-holy-site/,web,1
https://www.wearethemighty.com/articles/a-medal-of-honor-recipient-tore-his-way-through-vietnam-while-being-stalked-by-a-tiger/,web,1
https://www.wearethemighty.com/articles/the-army-awarded-a-1-4-billion-contract-for-its-new-light-tank/,web,1
https://www.wearethemighty.com/articles/the-air-force-scored-the-worlds-only-supersonic-air-to-air-gun-kill-in-vietnam/,web,1
https://www.wearethemighty.com/popular/fb-22-strike-raptor/,web,1
https://www.wearethemighty.com/articles/the-only-time-european-pikemen-squared-off-against-japanese-samurai/,web,1
https://www.wearethemighty.com/mighty-history/4-reasons-it-would-have-sucked-to-be-a-viet-cong-fighting-against-the-us/,web,1
https://www.wearethemighty.com/popular/weirdest-military-aircraft/,web,1
https://www.wearethemighty.com/mighty-trending/state-of-union-general-goof/,web,1
https://www.wearethemighty.com/mighty-history/heres-what-happened-when-us-army-troops-deserted-to-join-the-enemy/,web,1
https://www.wearethemighty.com/lists/21-coolest-tattoos-sailors/,web,1
https://www.wearethemighty.com/articles/rheinmetall-revived-the-panther-name-with-its-kf51-main-battle-tank/,web,1
https://www.wearethemighty.com/mighty-trending/aluminum-hull-fire-armored-vehicle/,web,1
https://www.wearethemighty.com/popular/special-operators-respond-terrorist-atack/,web,1
https://www.wearethemighty.com/popular/why-the-m-60-pig-remains-one-of-the-best-us-machine-guns-ever/,web,1
https://www.wearethemighty.com/articles/the-u-s-navys-blue-angels-announced-its-first-female-jet-pilot/,web,1
https://www.wearethemighty.com/popular/dopest-generation-soldiers-90s-kids/,web,1
https://www.wearethemighty.com/popular/cordelia-cook-bronze-star/,web,1
https://www.wearethemighty.com/popular/5-reasons-why-rip-it-is-the-go-to-for-infantrymen/,web,1
https://www.wearethemighty.com/articles/the-6-most-insane-obsessions-of-the-worlds-craziest-dictators/,web,1
https://www.wearethemighty.com/popular/charles-loring-korean-war-pilot/,web,1
https://www.wearethemighty.com/articles/the-fbis-golden-chinese-intelligence-asset-was-a-double-agent-the-whole-time/,web,1
https://www.wearethemighty.com/popular/this-is-the-ironic-reason-the-spitfire-beat-the-bf-109/,web,1
https://www.wearethemighty.com/articles/this-was-the-most-feared-army-of-all-time/,web,1
https://www.wearethemighty.com/military-life/the-complete-guide-to-marine-corps-base-camp-lejeune/,web,1
https://www.wearethemighty.com/articles/the-highest-honor-for-a-roman-general-was-only-achieved-three-times/,web,1
https://www.wearethemighty.com/popular/beware-of-the-19-year-old-pissed-off-marine/,web,1
https://www.wearethemighty.com/popular/5-awful-military-haircuts-that-would-fail-inspection/,web,1
https://www.wearethemighty.com/articles/what-happened-when-a-pearl-harbor-attacker-crash-landed-in-hawaii/,web,1
https://www.wearethemighty.com/mighty-culture/these-are-the-5-best-navy-bases-in-the-world/,web,1
https://www.wearethemighty.com/articles/top-3-of-the-worlds-deadliest-bioweapons/,web,1
https://www.wearethemighty.com/articles/5-big-differences-between-american-and-chinese-troops/,web,1
https://www.wearethemighty.com/mighty-trending/this-wwii-battle-had-ships-firing-point-blank-with-16-inch-guns/,web,1
https://www.wearethemighty.com/popular/that-time-a-mortar-attack-interrupted-toby-keiths-kandahar-uso-concert/,web,1
https://www.wearethemighty.com/popular/miclic-mine-clearance-military-engineers/,web,1
https://www.wearethemighty.com/popular/wwi-troops-rescued-by-angels/,web,1
https://www.wearethemighty.com/mighty-trending/7-more-phrases-old-school-veterans-cant-stop-saying-and-we-love-it/,web,1
https://www.wearethemighty.com/mighty-culture/6-military-museums-that-cant-be-missed/,web,1
https://www.wearethemighty.com/popular/history-evolution-of-mres/,web,1
https://www.wearethemighty.com/articles/4-strange-and-unique-things-found-inside-europes-catacombs/,web,1
https://www.wearethemighty.com/articles/this-union-officer-might-be-the-most-wounded-soldier-in-the-civil-war/,web,1
https://www.wearethemighty.com/popular/biggest-native-victory-against-colonials/,web,1
https://www.wearethemighty.com/popular/why-the-american-military-created-the-silver-star-navy-cross-and-other-medals-for-valor/,web,1
https://www.wearethemighty.com/popular/why-being-roman-legionnaire-sucks/,web,1
https://www.wearethemighty.com/popular/this-is-why-its-actually-illegal-to-shoot-at-pilots-whove-bailed-out/,web,1
https://www.wearethemighty.com/mighty-trending/point-salines-bulldozer-stolen-rangers/,web,1
https://www.wearethemighty.com/articles/sas-soldiers-wear-the-punisher-skull-after-they-get-their-first-kill/,web,1
https://www.wearethemighty.com/articles/why-the-most-capable-fighter-of-wwii-was-actually-the-little-fighter-that-could/,web,1
https://www.wearethemighty.com/articles/this-wwii-marine-wrote-the-hit-song-route-66/,web,1
https://www.wearethemighty.com/popular/irish-siege-jadotville-republic-congo/,web,1
https://www.wearethemighty.com/articles/what-do-you-get-when-you-cross-an-ak-47-an-m-16-and-a-bottle-opener/,web,1
https://www.wearethemighty.com/mighty-culture/5-design-mandates-for-a-badass-unit-t-shirt/,web,1
https://www.wearethemighty.com/articles/this-is-why-aztecs-deliberately-did-not-kill-the-enemy/,web,1
https://www.wearethemighty.com/popular/larry-thorne-fought-communists/,web,1
https://www.wearethemighty.com/popular/ah-56-cheyenne-helicopter/,web,1
https://www.wearethemighty.com/mighty-culture/5-best-conus-and-oconus-army-posts/,web,1
https://www.wearethemighty.com/articles/strange-military-vehicles-you-never-knew-existed/,web,1
https://www.wearethemighty.com/mighty-trending/bangin-in-sangin-wild-west/,web,1
https://www.wearethemighty.com/popular/military-things-love-to-hate/,web,1
https://www.wearethemighty.com/mighty-trending/what-it-means-have-guts/,web,1
https://www.wearethemighty.com/articles/this-american-wwii-fighter-plane-was-deadliest-in-the-hands-of-the-soviets/,web,1
https://www.wearethemighty.com/mighty-history/watch-this-the-most-vicious-sea-monster-to-ever-terrorize-the-royal-navy/,web,1
https://www.wearethemighty.com/articles/the-origin-of-the-armys-viral-bad-banana-company/,web,1
https://www.wearethemighty.com/popular/operation-midnight-climax-test-lsd-on-unsuspecting-johns/,web,1
https://www.wearethemighty.com/articles/wwii-vets-remains-were-identified-77-years-later/,web,1
https://www.wearethemighty.com/mighty-movies/8-events-in-netflixs-purple-hearts-that-would-never-actually-happen/,web,1
https://www.wearethemighty.com/articles/how-the-ghost-army-tricked-the-enemy-with-theater-tricks-during-wwii/,web,1
https://www.wearethemighty.com/popular/7-best-ways-to-pass-time-on-a-combat-deployment/,web,1
https://www.wearethemighty.com/mighty-history/agent-orange-facts/,web,1
https://www.wearethemighty.com/mighty-culture/the-complete-naval-station-norfolk-base-guide/,web,1
https://www.wearethemighty.com/articles/this-german-u-boat-was-crewed-by-american-sailors/,web,1
https://www.wearethemighty.com/popular/australian-sawed-off-machine-gun/,web,1
https://www.wearethemighty.com/popular/7-canceled-weapons-that-youll-wish-were-standard-issue/,web,1
https://www.wearethemighty.com/popular/these-are-22-real-reviews-of-the-newest-mre-menus-from-troops-in-the-field/,web,1
https://www.wearethemighty.com/mighty-tactical/stealth-tank-pl-01/,web,1
https://www.wearethemighty.com/popular/this-is-why-most-military-aircraft-have-ashtrays/,web,1
https://www.wearethemighty.com/articles/this-medal-of-honor-citation-reads-like-an-action-movie-plot/,web,1
https://www.wearethemighty.com/mighty-history/this-bomber-hunter-was-like-a-flying-anti-aircraft-battery/,web,1
https://www.wearethemighty.com/popular/5-hints-that-your-deployment-is-about-to-get-extended/,web,1
https://www.wearethemighty.com/mighty-history/snipers-may-have-changed-the-course-of-the-entire-revolutionary-war/,web,1
https://www.wearethemighty.com/popular/4-terrifying-things-you-didnt-know-about-tunnel-rats/,web,1
https://www.wearethemighty.com/articles/the-5-most-underrated-commanders-in-military-history/,web,1
https://www.wearethemighty.com/articles/soviet-mig-25-foxbat-aircraft-engines/,web,1
https://www.wearethemighty.com/popular/this-martial-art-was-originally-developed-to-beat-up-nazis/,web,1
https://www.wearethemighty.com/popular/m1-carbine-designed-by-convict/,web,1
https://www.wearethemighty.com/mighty-history/5-things-you-may-not-know-about-the-korean-war/,web,1
https://www.wearethemighty.com/articles/this-is-how-modern-submarines-do-not-run-out-of-oxygen-while-submerged/,web,1
https://www.wearethemighty.com/popular/watch-this-huge-guided-missile-destroyer-turn-on-a-dime/,web,1
https://www.wearethemighty.com/mighty-culture/the-complete-ramstein-air-force-base-guide/,web,1
https://www.wearethemighty.com/articles/the-navy-named-a-carrier-after-the-fictional-shangri-la-because-of-fdr/,web,1
https://www.wearethemighty.com/mighty-trending/how-russias-only-carrier-would-fight-an-american-carrier/,web,1
https://www.wearethemighty.com/articles/this-is-what-each-lifesaving-item-does-in-a-marines-first-aid-kit/,web,1
https://www.wearethemighty.com/resource/the-complete-yokota-air-base-guide/,web,1
https://www.wearethemighty.com/articles/how-the-kgb-trained-its-illegal-sleeper-agents/,web,1
https://www.wearethemighty.com/articles/this-is-why-intelligence-agencies-issue-a-burn-notice-to-bad-agents/,web,1
https://www.wearethemighty.com/articles/the-red-armys-insane-world-war-ii-deception-nearly-broke-the-romanian-army/,web,1
https://www.wearethemighty.com/popular/see-what-happens-when-this-airsofter-with-a-minigun-takes-on-a-full-squad/,web,1
https://www.wearethemighty.com/popular/berlin-wall-things-to-know/,web,1
https://www.wearethemighty.com/articles/the-time-a-prostitute-stowed-away-aboard-the-uss-arizona/,web,1
https://www.wearethemighty.com/mighty-trending/5-honorable-ways-veterans-pay-respect-to-the-fallen/,web,1
https://www.wearethemighty.com/articles/8-girly-songs-only-a-real-squad-leader-sings/,web,1
https://www.wearethemighty.com/articles/real-capabilities-science-should-develop-for-combat-mech-suits/,web,1
https://www.wearethemighty.com/popular/unusual-military-units/,web,1
https://www.wearethemighty.com/articles/4-signs-its-time-for-your-staff-nco-to-get-out/,web,1
https://www.wearethemighty.com/articles/the-air-force-flies-government-officials-in-these-modified-boeing-737s/,web,1
https://www.wearethemighty.com/mighty-history/top-10-colonial-era-military-forts-across-the-us/,web,1
https://www.wearethemighty.com/popular/admiral-ernest-king-cadet-war/,web,1
https://www.wearethemighty.com/popular/f105-thunderchief-vietnam-wild-weasels-cleared-enemy-skies/,web,1
https://www.wearethemighty.com/articles/watch-the-official-trailer-for-korean-war-film-devotion-will-give-you-goosebumps/,web,1
https://www.wearethemighty.com/mighty-history/car-assault-george-patton-armor/,web,1
https://www.wearethemighty.com/popular/how-desert-storm-changed-modern-aerial-warfare/,web,1
https://www.wearethemighty.com/articles/michael-langley-was-confirmed-as-the-marine-corps-first-black-four-star-general/,web,1
https://www.wearethemighty.com/popular/soviet-space-cannon-in-orbit/,web,1
https://www.wearethemighty.com/popular/intelligence-officer-life-hacks/,web,1
https://www.wearethemighty.com/articles/4-pieces-of-military-gear-that-no-one-uses-but-you-cant-throw-out/,web,1
https://www.wearethemighty.com/mighty-history/this-is-why-saint-michael-is-the-patron-saint-of-warriors/,web,1
https://www.wearethemighty.com/articles/a-navy-machinist-fought-an-air-battle-from-a-plane-parked-on-its-carriers-flight-deck/,web,1
https://www.wearethemighty.com/mighty-history/americas-first-true-heavy-tank-was-bristling-with-firepower/,web,1
https://www.wearethemighty.com/mighty-brave/special-forces-veteran/,web,1
https://www.wearethemighty.com/popular/civil-war-battalion-citadel-cadets/,web,1
https://www.wearethemighty.com/popular/king-edwards-secret-weapon-braveheart/,web,1
https://www.wearethemighty.com/mighty-history/this-is-how-the-huey-drastically-increased-chances-of-surviving-the-vietnam-war/,web,1
https://www.wearethemighty.com/mighty-culture/the-complete-wright-patterson-air-force-base-guide/,web,1
https://www.wearethemighty.com/articles/why-this-green-beret-was-nominated-for-three-medals-of-honor-but-only-got-one/,web,1
https://www.wearethemighty.com/popular/hiroshima-bomb-survivor-story-wwii/,web,1
https://www.wearethemighty.com/articles/this-civil-war-miracle-was-the-beginning-of-the-end-of-the-confederacy/,web,1
https://www.wearethemighty.com/popular/ernest-hemingway-impossible-to-kill/,web,1
https://www.wearethemighty.com/featured/the-lt-michael-p-murphy-navy-seal-museum-is-now-open-in-new-york/,web,1
https://www.wearethemighty.com/popular/d-21-drone/,web,1
https://www.wearethemighty.com/articles/today-in-military-history-gulf-of-tonkin-incident/,web,1
https://www.wearethemighty.com/articles/the-youngest-nco-in-army-history-shot-a-confederate-officer-at-age-12/,web,1
https://www.wearethemighty.com/articles/4-tips-for-taking-care-of-your-pet-russian/,web,1
https://www.wearethemighty.com/mighty-funny/a-10-for-the-win-and-9-other-hilarious-military-tiktoks/,web,1
https://www.wearethemighty.com/popular/these-are-the-battles-mentioned-in-the-marines-hymn/,web,1
https://www.wearethemighty.com/mighty-culture/5-reasons-your-leaders-are-hard-on-you/,web,1
https://www.wearethemighty.com/mighty-culture/5-phrases-that-cause-nostalgic-flashbacks-in-marines/,web,1
https://www.wearethemighty.com/popular/mercy-dogs/,web,1
https://www.wearethemighty.com/mighty-culture/top-5-historical-military-destinations-for-your-summer-road-trip/,web,1
https://www.wearethemighty.com/popular/persian-immortals-mastered-psychological-warfare/,web,1
https://www.wearethemighty.com/articles/this-french-military-officer-was-the-real-life-last-samurai/,web,1
https://www.wearethemighty.com/mighty-trending/son-of-a-gun-origins/,web,1
https://www.wearethemighty.com/articles/the-time-an-air-force-academy-ceremony-ended-in-property-damage-and-15-injuries/,web,1
https://www.wearethemighty.com/mighty-history/picket-duty-was-the-most-dangerous-military-job-during-the-civil-war/,web,1
https://www.wearethemighty.com/mighty-movies/this-is-why-you-cannot-hide-your-heat-signature-like-schwarzenegger-in-predator/,web,1
https://www.wearethemighty.com/articles/5-ways-russia-trolled-the-us-on-july-4th/,web,1
https://www.wearethemighty.com/articles/today-in-military-history-last-us-ground-forces-leave-vietnam/,web,1
https://www.wearethemighty.com/mighty-moments/watch-these-videos-of-the-marine-corps-silent-drill-team-perform-perfectly/,web,1
https://www.wearethemighty.com/mighty-trending/the-54th-massachusetts-glory-memorial-was-rededicated-after-it-was-vandalized/,web,1
https://www.wearethemighty.com/articles/vin-scully-voice-of-the-dodgers-and-navy-veteran-dies-at-94/,web,1
https://www.wearethemighty.com/mighty-history/hitlers-watch-sold-for-1-1-million-in-a-controversial-auction/,web,1
https://www.wearethemighty.com/articles/the-navy-converted-side-wheel-paddle-steamers-into-wwii-aircraft-carriers/,web,1
https://www.wearethemighty.com/articles/5-civilian-products-adapted-for-military-use/,web,1
https://www.wearethemighty.com/popular/guns-used-for-longest-sniper-kills/,web,1
https://www.wearethemighty.com/popular/breathing-when-lifting-heavy-2/,web,1
https://www.wearethemighty.com/articles/this-star-spangled-banner-is-the-most-incredible-merica-thing-youll-ever-hear-or-see/,web,1
https://www.wearethemighty.com/mighty-culture/top-10-military-photos-of-the-week-16/,web,1
https://www.wearethemighty.com/popular/working-dogs-saved-the-day/,web,1
https://www.wearethemighty.com/mighty-culture/the-complete-guide-to-patrick-space-force-base/,web,1
https://www.wearethemighty.com/mighty-trending/bless-your-civilian-heart/,web,1
https://www.wearethemighty.com/popular/that-time-william-speakman-held-back-6000-enemy-troops-with-beer-bottles/,web,1
https://www.wearethemighty.com/popular/white-house-badger-teddy-roosevelt/,web,1
https://www.wearethemighty.com/articles/the-top-8-ways-to-throw-an-epic-barracks-party/,web,1
https://www.wearethemighty.com/mighty-history/wwii-pilot-piggy-backed-wingman/,web,1
https://www.wearethemighty.com/popular/that-time-the-navy-considered-flying-harriers-off-the-iowa-class-battleships/,web,1
https://www.wearethemighty.com/popular/holocaust-caused-pows-fight-axis/,web,1
https://www.wearethemighty.com/articles/this-is-how-general-patton-built-up-his-tank-division-into-the-most-formidable-armored-force-of-world-war-ii/,web,1
https://www.wearethemighty.com/mighty-tactical/why-the-soviets-trained-attack-dolphins/,web,1
https://www.wearethemighty.com/articles/these-airmen-made-the-first-non-stop-helicopter-flight-across-the-atlantic/,web,1
https://www.wearethemighty.com/popular/father-son-pairs-medals-honor/,web,1
https://www.wearethemighty.com/mighty-lifestyle/best-and-worst-military-towns-for-families/,web,1
https://www.wearethemighty.com/popular/arrow-around-corners/,web,1
https://www.wearethemighty.com/popular/cider-cocktails-revolutionary-war/,web,1
https://www.wearethemighty.com/popular/fbi-captured-3-kgb-agents/,web,1
https://www.wearethemighty.com/popular/this-is-how-the-alamo-scouts-became-the-first-special-forces/,web,1
https://www.wearethemighty.com/popular/nazi-germany-nuclear-reactors-ww2/,web,1
https://www.wearethemighty.com/popular/this-was-the-air-forces-plan-to-turn-a-boeing-747-into-an-airborne-aircraft-carrier/,web,1
https://www.wearethemighty.com/articles/how-an-air-force-fighter-jet-managed-to-shoot-itself-down/,web,1
https://www.wearethemighty.com/articles/this-is-why-you-would-want-jay-gatsby-as-your-commanding-officer/,web,1
https://www.wearethemighty.com/popular/medieval-warrior-now-famous-insult/,web,1
https://www.wearethemighty.com/popular/this-is-why-enlisted-marines-should-wear-rank-on-their-sleeves/,web,1
https://www.wearethemighty.com/articles/why-the-battlecruiser-peter-the-great-is-russias-most-impressive-warship/,web,1
https://www.wearethemighty.com/articles/old-salt-coffee/,web,1
https://www.wearethemighty.com/articles/today-in-military-history-battle-of-little-bighorn-begins/,web,1
https://www.wearethemighty.com/mighty-history/5-of-the-worlds-best-war-correspondents/,web,1
https://www.wearethemighty.com/articles/a-gamer-leaked-classified-information-about-the-challenger-ii-tank-to-prove-a-point/,web,1
https://www.wearethemighty.com/mighty-culture/7-fun-and-free-activities-for-your-military-family/,web,1
https://www.wearethemighty.com/mighty-trending/british-manned-torpedo-chariot-ww2/,web,1
https://www.wearethemighty.com/articles/today-in-military-history-first-female-officer-in-the-us-army/,web,1
https://www.wearethemighty.com/mighty-history/most-annoying-enemy-aircraft-ever/,web,1
https://www.wearethemighty.com/mighty-culture/the-complete-guide-to-fort-leonard-wood/,web,1
https://www.wearethemighty.com/articles/why-japan-didnt-invade-the-soviet-union-in-world-war-ii/,web,1
https://www.wearethemighty.com/mighty-culture/the-complete-lackland-air-force-base-guide/,web,1
https://www.wearethemighty.com/popular/toolkit-spies-carried-butts-espionage/,web,1
https://www.wearethemighty.com/popular/first-military-pt-test/,web,1
https://www.wearethemighty.com/articles/the-soviet-union-produced-commercials-for-products-that-never-existed/,web,1
https://www.wearethemighty.com/mighty-trending/submarine-rescue-crete-torbay-ww2/,web,1
https://www.wearethemighty.com/mighty-history/top-5-myths-about-us-presidents-that-arent-true/,web,1
https://www.wearethemighty.com/mighty-movies/5-of-the-most-overrated-modern-war-movies-ever-made/,web,1
https://www.wearethemighty.com/articles/that-time-president-jackson-threw-a-rager-at-the-white-house/,web,1
https://www.wearethemighty.com/mighty-heroes/first-native-american-woman-in-space/,web,1
https://www.wearethemighty.com/popular/naughty-document-churchill-stalin-ww2/,web,1
https://www.wearethemighty.com/mighty-heroes/this-is-why-lt-col-lee-archer-is-one-of-the-most-famous-pilots-in-history/,web,1
https://www.wearethemighty.com/popular/the-last-shots-of-the-american-civil-war-were-fired-in-russia/,web,1
https://www.wearethemighty.com/articles/4-lopsided-battles-lost-because-of-excessive-pride/,web,1
https://www.wearethemighty.com/articles/how-german-troops-at-stalingrad-behaved-when-they-were-on-leave-from-the-battle/,web,1
https://www.wearethemighty.com/articles/lend-lease-what-was-old-is-new-again-with-an-ironic-twist/,web,1
https://www.wearethemighty.com/popular/this-top-secret-jet-bomber-spied-on-americans-in-normandy/,web,1
https://www.wearethemighty.com/articles/the-air-force-used-a-dog-doo-transmitter-in-vietnam/,web,1
https://www.wearethemighty.com/mighty-culture/thinking-about-joining-the-navy-heres-what-boot-camp-is-like/,web,1
https://www.wearethemighty.com/articles/why-world-war-i-zeppelins-were-harder-to-kill-than-you-think/,web,1
https://www.wearethemighty.com/mighty-history/british-paratroopers-grenade-gammon-bomb/,web,1
https://www.wearethemighty.com/articles/today-in-military-history-luftwaffe-pilot-mistakenly-lands-in-england/,web,1
https://www.wearethemighty.com/articles/the-best-cold-war-communist-military-technology-was-all-stolen-from-the-west/,web,1
https://www.wearethemighty.com/articles/green-beret-moh/,web,1
https://www.wearethemighty.com/articles/the-wreck-of-the-first-u-s-navy-destroyer-lost-to-enemy-action-has-been-found/,web,1
https://www.wearethemighty.com/articles/this-cannon-has-been-in-service-since-wwii/,web,1
https://www.wearethemighty.com/mighty-lifestyle/top-5-activities-more-dangerous-than-combat/,web,1
https://www.wearethemighty.com/mighty-culture/the-complete-keesler-air-force-base-guide/,web,1
https://www.wearethemighty.com/mighty-culture/the-complete-guide-to-fort-rucker/,web,1
https://www.wearethemighty.com/articles/the-f-14-tomcat-was-designed-around-its-engines-radar-and-missiles/,web,1
https://www.wearethemighty.com/mighty-history/the-cias-precursor-agency-enlisted-aunt-jemima-to-fight-the-japanese-in-wwii/,web,1
https://www.wearethemighty.com/articles/this-experimental-wwii-tank-was-like-a-sherman-on-steroids/,web,1
https://www.wearethemighty.com/mighty-trending/slave-escaped-joined-the-union/,web,1
https://www.wearethemighty.com/articles/a-wwi-hungarian-soldier-turned-out-to-be-a-serial-killer/,web,1
https://www.wearethemighty.com/mighty-culture/the-4-things-american-troops-fear-the-most-in-the-world/,web,1
https://www.wearethemighty.com/popular/america-stop-planets-rotation-rockets/,web,1
https://www.wearethemighty.com/articles/this-commander-prepped-for-war-by-organizing-a-beard-growing-contest/,web,1
https://www.wearethemighty.com/mighty-money/5-ways-veterans-can-protect-their-finances-from-the-upcoming-recession/,web,1
https://www.wearethemighty.com/mighty-culture/your-ultimate-conus-duty-station-wish-list/,web,1
https://www.wearethemighty.com/articles/4-reasons-why-the-battles-depicted-in-braveheart-were-total-bunk/,web,1
https://www.wearethemighty.com/popular/this-forgotten-soldier-survived-4-months-in-dunkirk-by-himself/,web,1
https://www.wearethemighty.com/articles/24-military-movies-to-watch-over-fourth-of-july-weekend/,web,1
https://www.wearethemighty.com/mighty-history/the-heavy-history-of-navy-anchors-on-the-high-seas/,web,1
https://www.wearethemighty.com/articles/small-town-strong/,web,1
https://www.wearethemighty.com/articles/this-is-why-the-1961-bay-of-pigs-operation-in-cuba-failed/,web,1
https://www.wearethemighty.com/articles/how-the-phrase-god-is-my-co-pilot-started-with-the-world-war-ii-air-forces/,web,1
https://www.wearethemighty.com/articles/the-unsolved-murder-of-a-west-german-border-guard-might-have-been-communist-revenge/,web,1
https://www.wearethemighty.com/articles/the-best-prequel-star-wars-vehicle-for-each-branch-of-the-military/,web,1
https://www.wearethemighty.com/articles/the-time-a-british-fighter-jet-landed-on-a-civilian-container-ship/,web,1
https://www.wearethemighty.com/mighty-culture/the-complete-fort-sill-base-guide/,web,1
https://www.wearethemighty.com/articles/the-army-just-relaxed-its-tattoo-policy/,web,1
https://www.wearethemighty.com/popular/basic-training/,web,1
https://www.wearethemighty.com/articles/this-original-top-gun-stunt-pilot-became-an-astronaut/,web,1
https://www.wearethemighty.com/popular/arm-exercises-ready-for-beach/,web,1
https://www.wearethemighty.com/mighty-lifestyle/if-you-love-staying-inside-these-4-duty-stations-are-for-you/,web,1
https://www.wearethemighty.com/articles/an-air-force-pilot-used-a-commercial-gps-system-during-the-iraq-war/,web,1
https://www.wearethemighty.com/articles/6-of-the-biggest-failed-gambles-of-world-war-ii/,web,1
https://www.wearethemighty.com/articles/the-last-casualty-of-the-civil-war-died-of-his-wounds-in-1914/,web,1
https://www.wearethemighty.com/articles/6-signs-of-human-trafficking-and-how-to-take-action/,web,1
https://www.wearethemighty.com/articles/winston-churchill-initially-hated-the-tank-that-was-named-after-him/,web,1
https://www.wearethemighty.com/articles/paratroopers-carry-reserve-chutes-and-sometimes-flotation-devices/,web,1
https://www.wearethemighty.com/articles/comanches-renamed-a-medicine-man-when-his-magical-prediction-failed-in-combat/,web,1
https://www.wearethemighty.com/articles/top-5-marine-corps-war-torn-battlefields/,web,1
https://www.wearethemighty.com/intel/5-important-differences-between-china-and-russias-military-planning/,web,1
https://www.wearethemighty.com/mighty-culture/level-up-your-monday-with-this-motivational-speech/,web,1
https://www.wearethemighty.com/popular/okinawa-world-war2-carrier-kamikaze/,web,1
https://www.wearethemighty.com/popular/missions-of-confederate-secret-service/,web,1
https://www.wearethemighty.com/popular/7-military-things-that-somehow-get-you-fired-in-the-civilian-world/,web,1
https://www.wearethemighty.com/articles/the-czech-republic-donated-these-iconic-helicopter-gunships-to-ukraine/,web,1
https://www.wearethemighty.com/articles/why-a-woman-was-convicted-under-a-witchcraft-law-during-world-war-ii/,web,1
https://www.wearethemighty.com/mighty-culture/the-complete-mcguire-air-force-base-guide/,web,1
https://www.wearethemighty.com/articles/this-finnish-soldier-overdosed-on-meth-to-escape-the-soviets-during-wwii/,web,1
https://www.wearethemighty.com/articles/how-to-fly-a-supersonic-russian-mig-29-fulcrum-right-now/,web,1
https://www.wearethemighty.com/articles/this-revolutionary-war-battle-was-fought-between-patriot-and-loyalist-colonists/,web,1
https://www.wearethemighty.com/mighty-culture/top-10-soundtracks-troops-listened-to-during-oif-oef/,web,1
https://www.wearethemighty.com/articles/5-failed-voyages-doomed-from-the-start/,web,1
https://www.wearethemighty.com/mighty-lifestyle/military-lifestyle-tips-civilians-should-embrace/,web,1
https://www.wearethemighty.com/articles/4-times-a-military-laughed-in-the-face-of-the-enemy/,web,1
https://www.wearethemighty.com/popular/fighter-pilots-pushed-wingmen/,web,1
https://www.wearethemighty.com/popular/why-diplomatic-immunity-doesnt-work/,web,1
https://www.wearethemighty.com/popular/fbi-responded-to-biological-attack/,web,1
https://www.wearethemighty.com/articles/top-3-tactical-withdrawals-in-military-history/,web,1
https://www.wearethemighty.com/popular/specialist-michael-fitzmaurice-vietnam/,web,1
https://www.wearethemighty.com/mighty-culture/top-10-military-photos-of-the-week-15/,web,1
https://www.wearethemighty.com/popular/this-was-the-air-forces-super-fighter-that-never-flew/,web,1
https://www.wearethemighty.com/articles/today-in-military-history-us-drops-atomic-bomb-on-hiroshima/,web,1
https://www.wearethemighty.com/articles/this-carrier-launched-the-fighters-that-scored-the-first-and-last-kills-on-north-vietnamese-migs/,web,1
https://www.wearethemighty.com/mighty-history/when-dirty-harry-rescued-real-life-hostages/,web,1
https://www.wearethemighty.com/mighty-tactical/this-landmine-can-hit-enemy-vehicles-from-above/,web,1
https://www.wearethemighty.com/articles/the-soviet-union-used-a-massive-plane-to-spread-twitter-like-propaganda/,web,1
https://www.wearethemighty.com/mighty-history/3-dirty-tricks-canada-used-to-gain-control-of-the-great-lakes-during-the-war-of-1812/,web,1
https://www.wearethemighty.com/popular/latin-america-korean-war/,web,1
https://www.wearethemighty.com/mighty-trending/marine-scout-sniper-aerial-training/,web,1
https://www.wearethemighty.com/mighty-funny/christmas-in-july-ultimate-army-fails-compilation-videos/,web,1
https://www.wearethemighty.com/popular/7-ways-enlisted-can-rip-on-officers-and-get-away-with-it-probably/,web,1
https://www.wearethemighty.com/mighty-history/how-fort-bennings-namesake-inspired-the-novel-st-elmo/,web,1
https://www.wearethemighty.com/articles/california-almost-used-nukes-to-bypass-route-66/,web,1
https://www.wearethemighty.com/popular/4-epic-rivalries-between-military-commanders-on-the-same-side/,web,1
https://www.wearethemighty.com/articles/5-bizarre-events-that-should-have-happened-before-general-mattis-was-married-in-vegas/,web,1
https://www.wearethemighty.com/articles/these-gigantic-weapons-helped-train-troops-during-wwii/,web,1
https://www.wearethemighty.com/popular/that-time-american-and-russian-tanks-faced-off-in-divided-berlin/,web,1
https://www.wearethemighty.com/articles/a-belgian-officer-took-nazi-aggression-personally-and-got-revenge/,web,1
https://www.wearethemighty.com/mighty-history/why-medieval-knights-trained-and-worked-out-in-full-suits-of-armor/,web,1
https://www.wearethemighty.com/articles/today-in-military-history-us-forces-invade-guadalcanal/,web,1
https://www.wearethemighty.com/mighty-history/how-a-3rd-string-quarterback-made-football-history-before-his-army-career/,web,1
https://www.wearethemighty.com/popular/kilroy-was-here-was-the-wwii-era-viral-meme/,web,1
https://www.wearethemighty.com/articles/the-skeleton-army-was-the-salvation-armys-primary-enemy/,web,1
https://www.wearethemighty.com/articles/the-marine-corps-used-doom-ii-to-train-marines-to-work-together-on-missions/,web,1
https://www.wearethemighty.com/mighty-culture/the-complete-post-guide-to-fort-sam-houston/,web,1
https://www.wearethemighty.com/articles/4-types-of-robots-currently-used-to-aid-first-responders/,web,1
https://www.wearethemighty.com/mighty-heroes/why-the-patriot-guard-riders-escorted-a-marines-remains-across-2000-miles/,web,1
https://www.wearethemighty.com/popular/movie-weapons-would-kill-user/,web,1
https://www.wearethemighty.com/articles/why-russias-typhoon-class-submarines-are-so-massive/,web,1
https://www.wearethemighty.com/articles/this-navy-heros-descendants-were-baptized-on-the-ship-named-after-him/,web,1
https://www.wearethemighty.com/mighty-tactical/china-has-been-building-multistage-ballistic-missiles-for-centuries/,web,1
https://www.wearethemighty.com/popular/chiune-sugihara-saved-jews/,web,1
https://www.wearethemighty.com/articles/how-a-500-mile-cavalry-charge-helped-end-world-war-i/,web,1
https://www.wearethemighty.com/articles/how-the-british-army-trolled-the-colonists-after-leaving-new-york/,web,1
https://www.wearethemighty.com/articles/it-was-once-against-military-code-to-curse-in-uniform/,web,1
https://www.wearethemighty.com/popular/buffalo-soldiers-must-be-remembered/,web,1
https://www.wearethemighty.com/mighty-history/the-civil-war-created-soldiers-disease-a-morphine-addiction-problem-among-veterans/,web,1
https://www.wearethemighty.com/articles/the-big-red-one-led-the-fight-from-wwi-to-iraq/,web,1
https://www.wearethemighty.com/mighty-history/pegasus-bridge-world-war-2-airborne-commandos/,web,1
https://www.wearethemighty.com/mighty-culture/the-best-military-photos-of-the-week/,web,1
https://www.wearethemighty.com/mighty-funny/you-really-want-to-thank-me-for-my-service-heres-how/,web,1
https://www.wearethemighty.com/mighty-history/this-is-how-hitlers-drug-addiction-may-have-caused-him-to-lose-the-war/,web,1
https://www.wearethemighty.com/articles/this-is-why-the-soviet-union-was-one-of-the-most-evil-governments-ever-created/,web,1
https://www.wearethemighty.com/articles/this-undercover-ukrainian-nazi-killer-proves-ukraine-will-always-fight-against-aggression/,web,1
https://www.wearethemighty.com/articles/9-photos-that-show-how-the-coast-guard-fights-fires-at-sea/,web,1
https://www.wearethemighty.com/articles/here-are-8-of-the-american-est-things-you-can-do-to-celebrate-the-4th-of-july/,web,1
https://www.wearethemighty.com/popular/7-tips-for-getting-away-with-fraternization/,web,1
https://www.wearethemighty.com/articles/miranda-cosgrove-partners-with-usaa-to-bring-innovation-and-space-camp-to-military-families/,web,1
https://www.wearethemighty.com/articles/heres-how-astronauts-do-their-laundry-in-space/,web,1
https://www.wearethemighty.com/mighty-history/craziest-moments-in-army-history/,web,1
https://www.wearethemighty.com/articles/heres-how-the-usps-delivered-12-million-letters-a-week-during-wwi/,web,1
https://www.wearethemighty.com/articles/messerschmitt-made-micro-cars-after-wwii/,web,1
https://www.wearethemighty.com/mighty-movies/before-top-gun-tony-scott-directed-this-supersonic-saab-commercial/,web,1
https://www.wearethemighty.com/popular/war-comics-great-movies/,web,1
https://www.wearethemighty.com/mighty-history/how-the-first-commercial-plane-shot-down-in-combat-also-became-the-third-one/,web,1
https://www.wearethemighty.com/articles/today-in-military-history-picketts-charge-in-the-battle-of-gettysburg/,web,1
https://www.wearethemighty.com/articles/this-was-germanys-only-military-operation-in-north-america-during-world-war-ii/,web,1
https://www.wearethemighty.com/articles/top-9-songs-for-the-4th-of-july-that-arent-by-toby-keith-or-lee-greenwood/,web,1
https://www.wearethemighty.com/military-life/the-complete-langley-air-force-base-guide/,web,1
https://www.wearethemighty.com/mighty-history/this-common-household-item-was-an-acceptable-form-of-payment-for-a-roman-soldier/,web,1
https://www.wearethemighty.com/articles/the-british-military-is-training-10000-ukrainian-troops-to-fight-russia/,web,1
https://www.wearethemighty.com/mighty-moments/watch-5-awesome-moments-of-us-presidents-showing-respect-to-troops/,web,1
https://www.wearethemighty.com/mighty-culture/the-complete-post-guide-to-fort-polk/,web,1
https://www.wearethemighty.com/articles/top-5-world-leaders-whose-beliefs-led-to-their-assassinations/,web,1
https://www.wearethemighty.com/mighty-money/everything-you-need-to-know-about-the-thrift-savings-plan/,web,1
https://www.wearethemighty.com/mighty-history/this-is-how-navies-conducted-man-overboard-drills-during-the-golden-age-of-sail/,web,1
https://www.wearethemighty.com/popular/this-lone-soviet-tank-was-ready-to-fight-the-entire-nazi-invasion-of-russia/,web,1
https://www.wearethemighty.com/mighty-culture/the-complete-tinker-air-force-base-guide/,web,1
https://www.wearethemighty.com/articles/5-times-using-food-as-a-weapon-helped-turn-the-tide-of-a-battle/,web,1
https://www.wearethemighty.com/mighty-history/5-famous-franchises-founded-by-veterans/,web,1
https://www.wearethemighty.com/veterans/this-church-of-patton-immortalized-the-general-and-his-third-army-in-stained-glass/,web,1
https://www.wearethemighty.com/articles/5-advantages-of-being-vertically-challenged-on-active-duty/,web,1
https://www.wearethemighty.com/articles/this-wwii-tank-could-be-launched-from-a-submarine-underwater/,web,1
https://www.wearethemighty.com/articles/this-is-what-these-three-flowers-represent-resting-on-the-graves-of-the-fallen/,web,1
https://www.wearethemighty.com/articles/rock-the-green-beret/,web,1
https://www.wearethemighty.com/popular/7-awesome-things-didnt-know-coast-guard/,web,1
https://www.wearethemighty.com/articles/after-69-years-korean-war-veterans-memorial-unveiled-on-wars-armistice-d/,web,1
https://www.wearethemighty.com/popular/military-language-in-wwi-were-the-masters-of-the-fck/,web,1
https://www.wearethemighty.com/popular/7-undeniable-signs-youre-a-super-pog/,web,1
https://www.wearethemighty.com/articles/everything-you-need-to-know-about-the-civil-reserve-air-fleet/,web,1
https://www.wearethemighty.com/mighty-funny/best-military-tiktoks-of-the-week/,web,1
https://www.wearethemighty.com/articles/this-former-military-weapon-blinded-its-enemies/,web,1
https://www.wearethemighty.com/articles/this-experimental-flying-platform-was-straight-out-of-1950s-sci-fi/,web,1
https://www.wearethemighty.com/articles/the-real-reason-you-joined-the-military/,web,1
https://www.wearethemighty.com/articles/today-in-military-history-marines-launch-operation-prairie-in-vietnam/,web,1
https://www.wearethemighty.com/mighty-heroes/hershel-woody-williams-the-last-wwii-medal-of-honor-recipient-passed-away-at-98/,web,1
https://www.wearethemighty.com/articles/this-vietnam-vet-has-a-unique-way-of-giving-back/,web,1
https://www.wearethemighty.com/articles/korean-war-medal-of-honor-recipient-robert-simanek-dies-at-92/,web,1
https://www.wearethemighty.com/popular/nuclear-suicide-bomber-paratroopers/,web,1
https://www.wearethemighty.com/mighty-history/this-is-why-shell-shock-was-redefined-as-post-traumatic-stress-disorder/,web,1
https://www.wearethemighty.com/popular/nixon-almost-sparked-invasion-venezuela/,web,1
https://www.wearethemighty.com/mighty-history/the-history-behind-the-24-notes-in-taps/,web,1
https://www.wearethemighty.com/articles/top-5-coolest-forms-of-camouflage-developed-by-mother-nature/,web,1
https://www.wearethemighty.com/articles/chinas-huge-anti-ship-missile-has-to-be-launched-from-a-aircraft-sling/,web,1
https://www.wearethemighty.com/mighty-culture/top-10-military-photos-of-the-week-17/,web,1
https://www.wearethemighty.com/popular/titanic-survivor-rescues-troops-dunkirk/,web,1
https://www.wearethemighty.com/mighty-culture/heading-to-the-beach-check-this-list-first/,web,1
https://www.wearethemighty.com/mighty-culture/top-10-military-photos-of-the-week-12/,web,1
https://www.wearethemighty.com/articles/why-a-french-pig-stood-trial-and-was-executed/,web,1
https://www.wearethemighty.com/articles/why-a-marine-made-the-powerful-drama-dark-winds/,web,1
https://www.wearethemighty.com/popular/4-important-training-exercises-that-seem-useless-at-first-glance/,web,1
https://www.wearethemighty.com/articles/watch-these-combat-veterans-launch-a-comedic-play/,web,1
https://www.wearethemighty.com/articles/skinny-dipping-and-more-weird-hobbies-from-these-10-presidents-of-the-past/,web,1
https://www.wearethemighty.com/military-life/the-complete-guide-to-hill-air-force-base/,web,1
https://www.wearethemighty.com/articles/the-5-vehicles-that-were-most-crucial-to-winning-world-war-ii/,web,1
https://www.wearethemighty.com/articles/today-in-military-history-marines-tested-in-operation-starlite/,web,1
https://www.wearethemighty.com/articles/the-real-man-behind-the-fake-body-used-in-operation-mincemeat/,web,1
https://www.wearethemighty.com/mighty-fit/top-5-sports-to-incorporate-into-group-pt-in-2022/,web,1
https://www.wearethemighty.com/articles/the-germans-tried-to-use-an-armored-tractor-as-a-mine-clearer/,web,1
https://www.wearethemighty.com/mighty-movies/how-top-gun-and-pepsi-changed-the-home-video-market/,web,1
https://www.wearethemighty.com/articles/read-mark-twains-the-war-prayer/,web,1
https://www.wearethemighty.com/mighty-culture/enjoy-sun-and-fun-year-round-at-these-7-military-installations/,web,1
https://www.wearethemighty.com/articles/the-usdas-beagle-brigade-is-americas-first-line-of-defense-against-agricultural-warfare/,web,1
https://www.wearethemighty.com/popular/that-time-the-air-force-landed-bombers-on-tank-treads/,web,1
https://www.wearethemighty.com/popular/soviet-nuke-civil-defense-plan/,web,1
https://www.wearethemighty.com/articles/the-5-fastest-conquests-of-france-in-military-history/,web,1
https://www.wearethemighty.com/mighty-culture/the-complete-vandenberg-space-force-base-guide/,web,1
https://www.wearethemighty.com/mighty-money/pros-and-cons-of-investing-near-a-military-installation/,web,1
https://www.wearethemighty.com/articles/did-this-british-soldier-have-9-lives/,web,1
https://www.wearethemighty.com/articles/the-kibbutznik-spymaster-that-came-in-from-the-cold/,web,1
https://www.wearethemighty.com/articles/5-historical-chinese-military-leaders-you-should-know-about/,web,1
https://www.wearethemighty.com/articles/how-the-fall-of-the-berlin-wall-affected-techno-music/,web,1
https://www.wearethemighty.com/mighty-history/when-youre-in-a-hopeless-situation-pray-for-shackleton/,web,1
https://www.wearethemighty.com/articles/protecting-military-families-from-scammers-and-shady-business-practices/,web,1
https://www.wearethemighty.com/mighty-culture/top-10-military-photos-of-the-week-13/,web,1
https://www.wearethemighty.com/articles/what-it-was-like-to-fight-in-spanish-american-war-according-to-witnesses-who-were-there/,web,1
https://www.wearethemighty.com/articles/this-daring-commando-raids-only-injury-was-from-a-negligent-discharge/,web,1
https://www.wearethemighty.com/articles/grover-cleveland-had-surgery-on-a-yacht-to-keep-his-cancer-a-secret/,web,1
https://www.wearethemighty.com/articles/today-in-military-history-union-victory-at-mobile-bay/,web,1
https://www.wearethemighty.com/articles/before-the-attack-helicopter-this-wwii-plane-was-named-the-apache/,web,1
https://www.wearethemighty.com/articles/this-marine-veteran-was-captured-by-terrorists-fought-back-and-lived-to-come-home/,web,1
https://www.wearethemighty.com/articles/5-common-leadership-pitfalls/,web,1
https://www.wearethemighty.com/mighty-heroes/this-marine-survived-the-bataan-death-march-a-ship-sinking-and-a-nuclear-bomb/,web,1
https://www.wearethemighty.com/mighty-culture/the-complete-whiteman-air-force-base-guide/,web,1
https://www.wearethemighty.com/articles/today-in-military-history-first-american-killed-in-korean-wart/,web,1
https://www.wearethemighty.com/mighty-money/how-to-build-residual-income-and-passive-revenue-streams/,web,1
https://www.wearethemighty.com/popular/rick-sanchez-john-von-neumann/,web,1
https://www.wearethemighty.com/articles/today-in-military-history-battle-of-bull-run/,web,1
https://www.wearethemighty.com/popular/combat-search-rescue-royal-navy/,web,1
https://www.wearethemighty.com/articles/everything-you-need-to-know-about-the-battle-of-midway-the-turning-point-of-wwii/,web,1
https://www.wearethemighty.com/mighty-history/these-warriors-were-the-leper-knights-of-the-crusader-kingdoms/,web,1
https://www.wearethemighty.com/articles/this-american-bomber-killing-missile-had-a-nuclear-punch/,web,1
https://www.wearethemighty.com/articles/today-in-military-history-largest-tank-battle-in-history-ends/,web,1
https://www.wearethemighty.com/military-life/the-complete-post-guide-to-fort-huachuca/,web,1
https://www.wearethemighty.com/articles/5-of-the-greatest-writers-in-history-also-served-in-the-military/,web,1
https://www.wearethemighty.com/mighty-heroes/the-unknown-story-of-air-force-medal-of-honor-recipient-richard-l-etchberger/,web,1
https://www.wearethemighty.com/articles/today-in-military-history-women-inducted-into-us-naval-academy/,web,1
https://www.wearethemighty.com/articles/3-foreign-generals-who-became-honorary-u-s-citizens/,web,1
https://www.wearethemighty.com/articles/how-this-tech-staffing-company-is-investing-heavily-in-veterans/,web,1
https://www.wearethemighty.com/mighty-humor/how-don-rickles-honed-his-craft/,web,1
https://www.wearethemighty.com/articles/the-nazis-once-planned-a-giant-sun-laser-beam/,web,1
https://www.wearethemighty.com/articles/how-the-u-s-smuggled-weapons-grade-uranium-out-of-the-former-soviet-union/,web,1
https://www.wearethemighty.com/mighty-culture/military-family-brings-spirit-of-pacific-islander-culture-to-awestruck-audiences/,web,1
https://www.wearethemighty.com/mighty-culture/the-complete-tyndall-air-force-base-guide/,web,1
https://www.wearethemighty.com/popular/african-american-troops-in-britain/,web,1
https://www.wearethemighty.com/articles/the-airbus-zephyr-completed-the-longest-recorded-drone-flight-during-an-army-test/,web,1
https://www.wearethemighty.com/mighty-culture/5-hilarious-drill-instructor-episodes/,web,1
https://www.wearethemighty.com/articles/today-in-military-history-president-garfield-is-shot/,web,1
https://www.wearethemighty.com/mighty-culture/top-9-campgrounds-for-military-families/,web,1
https://www.wearethemighty.com/mighty-history/top-5-battles-commemorated-by-coins/,web,1
https://www.wearethemighty.com/articles/warrior-rising/,web,1
https://www.wearethemighty.com/articles/today-in-military-history-medal-of-honor-is-created/,web,1
https://www.wearethemighty.com/articles/the-sr-71-blackbird-was-almost-the-most-versatile-fighter-plane-ever/,web,1
https://www.wearethemighty.com/articles/today-in-military-history-nasa-is-formed/,web,1
https://www.wearethemighty.com/mighty-humor/these-are-the-best-military-tiktoks-this-week/,web,1
https://www.wearethemighty.com/articles/today-in-military-history-detroit-surrenders-without-a-fight/,web,1
https://www.wearethemighty.com/mighty-trending/how-vets-do-independence-day/,web,1
https://www.wearethemighty.com/articles/movies-and-shows-you-forgot-featured-key-milspouses/,web,1
https://www.wearethemighty.com/articles/this-wwi-navy-vet-stole-the-1920-olympic-flag/,web,1
https://www.wearethemighty.com/mighty-history/american-news-reel-of-the-liberation-of-sicily/,web,1
https://www.wearethemighty.com/mighty-movies/5-great-film-composers-who-served-in-the-military/,web,1
https://www.wearethemighty.com/articles/there-was-once-a-plan-for-pcsing-on-the-moon/,web,1
https://www.wearethemighty.com/articles/black-americans-volunteered-to-fight-axis-italy-in-droves-before-the-us-entered-world-war-ii/,web,1
https://www.wearethemighty.com/mighty-culture/the-complete-kirtland-air-force-base-guide/,web,1
https://www.wearethemighty.com/popular/14-word-message-pearl-harbor/,web,1
https://www.wearethemighty.com/mighty-history/this-flag-made-by-a-wwii-pow-is-in-the-smithsonian-museum/,web,1
https://www.wearethemighty.com/articles/new-amelia-earhart-statue-added-to-us-capitols-statuary-hall-collection/,web,1
https://www.wearethemighty.com/mighty-history/who-the-original-buffalo-soldiers-were-and-how-they-got-their-nickname/,web,1
https://www.wearethemighty.com/mighty-fit/treat-yourself-and-your-milspouse-to-these-top-5-massages/,web,1
https://www.wearethemighty.com/articles/the-black-chamber-how-the-ladies-of-early-american-codebreaking-helped-win-the-battle-of-midway/,web,1
https://www.wearethemighty.com/mighty-money/thrift-savings-plan-strategies-to-employ-today/,web,1
https://www.wearethemighty.com/articles/today-in-military-history-armistice-ends-the-korean-war/,web,1
https://www.wearethemighty.com/mighty-culture/the-complete-seymour-johnson-air-force-base-guide/,web,1
https://www.wearethemighty.com/articles/today-in-military-history-battle-of-bunker-hill-began/,web,1
https://www.wearethemighty.com/mighty-money/house-hacking-for-military-families/,web,1
https://www.wearethemighty.com/articles/today-in-military-history-ernest-hemingway-wounded-on-the-italian-front/,web,1
https://www.wearethemighty.com/mighty-heroes/aces-high-over-the-volga-with-lydia-litvyak/,web,1
https://www.wearethemighty.com/popular/commander-in-chiefs-desk/,web,1
https://www.wearethemighty.com/articles/army-vets-come-together/,web,1
https://www.wearethemighty.com/articles/today-in-military-history-us-senate-repeals-tonkin-gulf-resolution/,web,1
https://www.wearethemighty.com/articles/today-in-military-history-mein-kampf-is-published/,web,1
https://www.wearethemighty.com/articles/first-lady-jill-biden-senior-military-leaders-and-academic-experts-headline-military-child-education-coalition-global-summit/,web,1
https://www.wearethemighty.com/popular/gaither-cold-war-missile-gap/,web,1
https://www.wearethemighty.com/articles/veteran-fund/,web,1
https://www.wearethemighty.com/military-life/the-complete-guide-to-holloman-air-force-base/,web,1
https://www.wearethemighty.com/mighty-culture/more-top-franchises-created-by-veteran-service-members/,web,1
https://www.wearethemighty.com/featured/tuskegee-airman-lt-col-alexander-jefferson-passed-away-at-100/,web,1
https://www.wearethemighty.com/mighty-history/these-were-the-first-successful-bioterrorists-in-the-u-s/,web,1
https://www.wearethemighty.com/mighty-culture/the-complete-base-guide-to-the-air-forces-hurlburt-field/,web,1
https://www.wearethemighty.com/featured/the-independence-fund/,web,1
https://www.wearethemighty.com/articles/dr-seuss-and-other-great-writers-who-served-in-the-armed-forces/,web,1
https://www.wearethemighty.com/popular/tips-strengthen-long-distance-relationships/,web,1
https://www.wearethemighty.com/mighty-history/the-complete-offutt-air-force-base-guide/,web,1
https://www.wearethemighty.com/mighty-lifestyle/adventure-seekers-this-pcs-list-is-for-you/,web,1
https://www.wearethemighty.com/featured/this-charity-provides-assistance-dogs-to-vets-active-duty-and-first-responders-free-of-charge/,web,1
https://www.wearethemighty.com/mighty-money/investment-terms-made-easy/,web,1
https://www.wearethemighty.com/mighty-lifestyle/monday-motivation-with-coach-pain/,web,1
https://www.wearethemighty.com/mighty-money/va-loan-inspections-what-to-expect/,web,1
https://www.wearethemighty.com/articles/kenobi-finale-recap-prequel-fans-rejoice/,web,1
https://www.wearethemighty.com/mighty-money/why-the-va-loan-is-the-best-secret-of-the-military/,web,1
https://www.wearethemighty.com/articles/today-in-military-history-america-declares-her-independence/,web,1
https://www.wearethemighty.com/tech/what-veterans-need-to-know-about-healthcare-tech/,web,1
https://www.wearethemighty.com/mighty-culture/take-back-control-of-your-life-with-vuca/,web,1
https://www.wearethemighty.com/mighty-history/why-world-war-i-pilot-eddie-rickenbacker-is-such-a-legendary-aviation-hero/,web,1
https://www.wearethemighty.com/articles/today-in-military-history-british-womens-auxiliary-army-corps-established/,web,1
https://www.wearethemighty.com/mighty-milspouse/military-pcs-kids/,web,1
https://www.wearethemighty.com/articles/6-things-to-research-before-choosing-where-to-live-after-military-retirement/,web,1
https://www.wearethemighty.com/mighty-culture/10-military-tiktoks-to-start-your-weekend-off-right/,web,1
https://www.wearethemighty.com/articles/top-5-toys-veterans-played-with-as-kids/,web,1
https://www.wearethemighty.com/military-life/the-complete-post-guide-to-fort-lee/,web,1
https://www.wearethemighty.com/articles/today-in-military-history-us-constitution-ratified/,web,1
https://www.wearethemighty.com/mighty-movies/the-first-film-to-win-an-oscar-for-best-picture-was-this-silent-war-movie-with-a-veteran-cast/,web,1
https://www.wearethemighty.com/mighty-trending/military-entrepreneurs-make-best-friends/,web,1
https://www.wearethemighty.com/mighty-culture/the-complete-guide-to-naval-station-great-lakes/,web,1
https://www.wearethemighty.com/mighty-culture/the-complete-travis-air-force-base-guide/,web,1
https://www.wearethemighty.com/mighty-culture/the-complete-scott-air-force-base-guide/,web,1
https://www.wearethemighty.com/articles/combined-arms-brings-military-nonprofit-resources-and-veterans-together-in-one-place/,web,1
https://www.wearethemighty.com/articles/winston-churchills-plan-to-get-teddy-roosevelt-into-world-war-i/,web,1
https://www.wearethemighty.com/articles/exclusive-interview-with-new-film-its-vuca-star-mike-schindler/,web,1
https://www.wearethemighty.com/mighty-funny/watch-are-our-favorite-cringeworthy-vehicle-fails/,web,1
https://www.wearethemighty.com/articles/today-in-military-history-fdr-signs-the-gi-bill-into-law/,web,1
https://www.wearethemighty.com/articles/today-in-military-history-archduke-franz-ferdinand-of-austria-is-killed-sparking-wwi/,web,1
https://www.wearethemighty.com/articles/today-in-military-history-germanys-failed-march-on-soviet-union/,web,1
https://www.wearethemighty.com/articles/madison-calls-for-navy-officers-to-fight-the-british/,web,1
https://www.wearethemighty.com/articles/how-one-soviet-agent-single-handedly-changed-the-course-of-world-war-ii/,web,1
https://www.wearethemighty.com/articles/today-in-military-history-battle-of-gettysburg-begins/,web,1
https://www.wearethemighty.com/articles/today-in-military-history-atom-bomb-successfully-tested/,web,1
https://www.wearethemighty.com/mighty-history/today-in-military-history-nazis-begin-warsaw-deportations/,web,1
https://www.wearethemighty.com/articles/top-film-executives-and-agents-with-military-service-backgrounds/,web,1
https://www.wearethemighty.com/mighty-history/the-only-sitting-us-congressman-killed-in-combat-died-in-the-civil-war/,web,1
https://www.wearethemighty.com/articles/these-are-the-religious-duties-of-a-navy-chaplain/,web,1
https://www.wearethemighty.com/mighty-culture/top-gun-navy-bar/,web,1
https://www.wearethemighty.com/mighty-culture/these-11-simple-military-hacks-will-make-your-life-way-easier/,web,1
https://www.wearethemighty.com/articles/a-black-marine-fought-for-greek-independence-after-fighting-the-barbary-war/,web,1
https://www.wearethemighty.com/mighty-history/army-rangers-tacoma/,web,1
https://www.wearethemighty.com/mighty-culture/3-fantastic-road-trips-for-your-military-family/,web,1
https://www.wearethemighty.com/mighty-money/how-service-members-should-invest-today-for-a-strong-tomorrow/,web,1
https://www.wearethemighty.com/articles/skinwalker-ranch-season-3/,web,1
https://www.wearethemighty.com/mighty-money/why-every-veteran-and-service-member-needs-to-track-their-net-worth/,web,1
https://www.wearethemighty.com/mighty-funny/watch-cringe-worthy-military-mistakes/,web,1
https://www.wearethemighty.com/mighty-milspouse/top-6-vacation-spots-for-your-military-family/,web,1
https://www.wearethemighty.com/mighty-culture/top-10-military-photos-of-the-week-14/,web,1
https://www.wearethemighty.com/articles/5-amazing-shows-to-watch-this-month-from-game-of-thrones-to-the-sandman/,web,1
https://www.wearethemighty.com/mighty-culture/parris-island-base-guide/,web,1
https://www.wearethemighty.com/articles/taps-and-surviving-military-families-to-attend-the-pact-act-signing/,web,1
https://www.wearethemighty.com/mighty-culture/coolest-call-signs/,web,1
https://www.wearethemighty.com/articles/chernobyl-russia/,web,1
https://www.wearethemighty.com/mighty-history/first-submarine-to-sail-around-the-world/,web,1
https://www.wearethemighty.com/mighty-brave/how-wounded-vets-can-earn-solo-skydiving-licenses/,web,1
https://www.wearethemighty.com/mighty-history/the-insane-battlefield-myth-of-a-teenager-getting-pregnant-from-a-civil-war-bullet/,web,1
https://www.wearethemighty.com/mighty-history/the-us-house-of-representatives-maintains-order-using-a-giant-mace/,web,1
https://www.wearethemighty.com/articles/new-novel-brings-wwii-wasps-to-classrooms/,web,1
https://www.wearethemighty.com/mighty-culture/the-complete-guide-to-hanscom-air-force-base/,web,1
https://www.wearethemighty.com/popular/mistress-in-my-own-marriage/,web,1
https://www.wearethemighty.com/popular/a-10-autocannon/,web,1
