https://wordpress.futurism.com/images/the-robotic-residents-of-mars-infographic,https://wordpress.futurism.com/wp/wp-login.php?redirect_to=https%3A%2F%2Fwordpress.futurism.com%2Fimages%2Fthe-robotic-residents-of-mars-infographic&reauth=1
https://wordpress.futurism.com/images/the-evolution-of-human-understanding-of-the-universe-infographic,https://wordpress.futurism.com/wp/wp-login.php?redirect_to=https%3A%2F%2Fwordpress.futurism.com%2Fimages%2Fthe-evolution-of-human-understanding-of-the-universe-infographic&reauth=1
https://wordpress.futurism.com/images/the-laws-of-robotics-infographic,https://wordpress.futurism.com/wp/wp-login.php?redirect_to=https%3A%2F%2Fwordpress.futurism.com%2Fimages%2Fthe-laws-of-robotics-infographic&reauth=1
https://wordpress.futurism.com/images/in-the-footsteps-of-zika-the-next-critter-borne-viruses-infographic,https://wordpress.futurism.com/wp/wp-login.php?redirect_to=https%3A%2F%2Fwordpress.futurism.com%2Fimages%2Fin-the-footsteps-of-zika-the-next-critter-borne-viruses-infographic&reauth=1
https://wordpress.futurism.com/images/universal-basic-income-answer-automation,https://wordpress.futurism.com/wp/wp-login.php?redirect_to=https%3A%2F%2Fwordpress.futurism.com%2Fimages%2Funiversal-basic-income-answer-automation&reauth=1
https://wordpress.futurism.com/images/our-virtual-future-the-virtual-reality-headsets-of-today-and-tomorrow,https://wordpress.futurism.com/wp/wp-login.php?redirect_to=https%3A%2F%2Fwordpress.futurism.com%2Fimages%2Four-virtual-future-the-virtual-reality-headsets-of-today-and-tomorrow&reauth=1
https://wordpress.futurism.com/images/supercomputers-moores-law,https://wordpress.futurism.com/wp/wp-login.php?redirect_to=https%3A%2F%2Fwordpress.futurism.com%2Fimages%2Fsupercomputers-moores-law&reauth=1
https://wordpress.futurism.com/images/the-story-of-how-vaccines-changed-the-world,https://wordpress.futurism.com/wp/wp-login.php?redirect_to=https%3A%2F%2Fwordpress.futurism.com%2Fimages%2Fthe-story-of-how-vaccines-changed-the-world&reauth=1
https://wordpress.futurism.com/images/living-off-the-land-a-practical-guide-to-settling-mars-red-planet,https://wordpress.futurism.com/wp/wp-login.php?redirect_to=https%3A%2F%2Fwordpress.futurism.com%2Fimages%2Fliving-off-the-land-a-practical-guide-to-settling-mars-red-planet&reauth=1
https://wordpress.futurism.com/images/the-x-plane-program-infographic,https://wordpress.futurism.com/wp/wp-login.php?redirect_to=https%3A%2F%2Fwordpress.futurism.com%2Fimages%2Fthe-x-plane-program-infographic&reauth=1
https://wordpress.futurism.com/images/bioprinting-how-3d-printing-is-changing-medicine,https://wordpress.futurism.com/wp/wp-login.php?redirect_to=https%3A%2F%2Fwordpress.futurism.com%2Fimages%2Fbioprinting-how-3d-printing-is-changing-medicine&reauth=1
https://wordpress.futurism.com/images/star-wars-starfighters-the-best-designs-from-a-galaxy-far-far-away,https://wordpress.futurism.com/wp/wp-login.php?redirect_to=https%3A%2F%2Fwordpress.futurism.com%2Fimages%2Fstar-wars-starfighters-the-best-designs-from-a-galaxy-far-far-away&reauth=1
https://wordpress.futurism.com/images/types-of-ai-from-reactive-to-self-aware-infographic,https://wordpress.futurism.com/wp/wp-login.php?redirect_to=https%3A%2F%2Fwordpress.futurism.com%2Fimages%2Ftypes-of-ai-from-reactive-to-self-aware-infographic&reauth=1
https://wordpress.futurism.com/images/pill-robots-the-future-of-non-invasive-surgery-infographic,https://wordpress.futurism.com/wp/wp-login.php?redirect_to=https%3A%2F%2Fwordpress.futurism.com%2Fimages%2Fpill-robots-the-future-of-non-invasive-surgery-infographic&reauth=1
https://wordpress.futurism.com/wp/wp-admin/post.php?post=303128&action=edit,https://wordpress.futurism.com/wp/wp-login.php?redirect_to=https%3A%2F%2Fwordpress.futurism.com%2Fwp%2Fwp-admin%2Fpost.php%3Fpost%3D303128%26action%3Dedit&reauth=1
https://wordpress.futurism.com/images/an-infographic-highlighting-all-you-need-to-know-about-the-hyperloop,https://wordpress.futurism.com/wp/wp-login.php?redirect_to=https%3A%2F%2Fwordpress.futurism.com%2Fimages%2Fan-infographic-highlighting-all-you-need-to-know-about-the-hyperloop&reauth=1
https://wordpress.futurism.com/images/the-rockets-that-put-us-into-space-infographic,https://wordpress.futurism.com/wp/wp-login.php?redirect_to=https%3A%2F%2Fwordpress.futurism.com%2Fimages%2Fthe-rockets-that-put-us-into-space-infographic&reauth=1
https://wordpress.futurism.com/images/7-incredibly-ambitious-virtual-reality-projects,https://wordpress.futurism.com/wp/wp-login.php?redirect_to=https%3A%2F%2Fwordpress.futurism.com%2Fimages%2F7-incredibly-ambitious-virtual-reality-projects&reauth=1
https://wordpress.futurism.com/images/the-entire-history-of-bitcoin-in-a-single-infographic,https://wordpress.futurism.com/wp/wp-login.php?redirect_to=https%3A%2F%2Fwordpress.futurism.com%2Fimages%2Fthe-entire-history-of-bitcoin-in-a-single-infographic&reauth=1
https://wordpress.futurism.com/images/search-extraterrestrial-intelligence,https://wordpress.futurism.com/wp/wp-login.php?redirect_to=https%3A%2F%2Fwordpress.futurism.com%2Fimages%2Fsearch-extraterrestrial-intelligence&reauth=1
https://wordpress.futurism.com/images/invaders-from-earth-how-elon-musk-plans-to-conquer-mars,https://wordpress.futurism.com/wp/wp-login.php?redirect_to=https%3A%2F%2Fwordpress.futurism.com%2Fimages%2Finvaders-from-earth-how-elon-musk-plans-to-conquer-mars&reauth=1
https://wordpress.futurism.com/images/fighting-fake-news-can-technology-stem-the-tide,https://wordpress.futurism.com/wp/wp-login.php?redirect_to=https%3A%2F%2Fwordpress.futurism.com%2Fimages%2Ffighting-fake-news-can-technology-stem-the-tide&reauth=1
https://wordpress.futurism.com/images/why-havent-we-found-aliens-an-analysis-of-the-problem-infographic,https://wordpress.futurism.com/wp/wp-login.php?redirect_to=https%3A%2F%2Fwordpress.futurism.com%2Fimages%2Fwhy-havent-we-found-aliens-an-analysis-of-the-problem-infographic&reauth=1
https://wordpress.futurism.com/images/will-automation-steal-my-job,https://wordpress.futurism.com/wp/wp-login.php?redirect_to=https%3A%2F%2Fwordpress.futurism.com%2Fimages%2Fwill-automation-steal-my-job&reauth=1
https://wordpress.futurism.com/images/21908,https://wordpress.futurism.com/wp/wp-login.php?redirect_to=https%3A%2F%2Fwordpress.futurism.com%2Fimages%2F21908&reauth=1
https://wordpress.futurism.com/images/the-worlds-top-space-agencies-infographic,https://wordpress.futurism.com/wp/wp-login.php?redirect_to=https%3A%2F%2Fwordpress.futurism.com%2Fimages%2Fthe-worlds-top-space-agencies-infographic&reauth=1
https://wordpress.futurism.com/images/white-house-ai-report-everything-you-need-to-know-infographic,https://wordpress.futurism.com/wp/wp-login.php?redirect_to=https%3A%2F%2Fwordpress.futurism.com%2Fimages%2Fwhite-house-ai-report-everything-you-need-to-know-infographic&reauth=1
https://wordpress.futurism.com/images/2040-a-space-odyssey-infographic,https://wordpress.futurism.com/wp/wp-login.php?redirect_to=https%3A%2F%2Fwordpress.futurism.com%2Fimages%2F2040-a-space-odyssey-infographic&reauth=1
https://wordpress.futurism.com/images/understanding-machine-learning-infographic,https://wordpress.futurism.com/wp/wp-login.php?redirect_to=https%3A%2F%2Fwordpress.futurism.com%2Fimages%2Funderstanding-machine-learning-infographic&reauth=1
https://wordpress.futurism.com/images/communications-next-frontier,https://wordpress.futurism.com/wp/wp-login.php?redirect_to=https%3A%2F%2Fwordpress.futurism.com%2Fimages%2Fcommunications-next-frontier&reauth=1
https://wordpress.futurism.com/images/the-evolution-of-brain-computer-interfaces-infographic,https://wordpress.futurism.com/wp/wp-login.php?redirect_to=https%3A%2F%2Fwordpress.futurism.com%2Fimages%2Fthe-evolution-of-brain-computer-interfaces-infographic&reauth=1
https://wordpress.futurism.com/images/universal-basic-income-ubi-pilot-programs-around-the-world,https://wordpress.futurism.com/wp/wp-login.php?redirect_to=https%3A%2F%2Fwordpress.futurism.com%2Fimages%2Funiversal-basic-income-ubi-pilot-programs-around-the-world&reauth=1
https://wordpress.futurism.com/images/comparing-the-best-ai-assistants-on-the-market,https://wordpress.futurism.com/wp/wp-login.php?redirect_to=https%3A%2F%2Fwordpress.futurism.com%2Fimages%2Fcomparing-the-best-ai-assistants-on-the-market&reauth=1
https://wordpress.futurism.com/images/breakthrough-initiatives-infographic,https://wordpress.futurism.com/wp/wp-login.php?redirect_to=https%3A%2F%2Fwordpress.futurism.com%2Fimages%2Fbreakthrough-initiatives-infographic&reauth=1
https://wordpress.futurism.com/images/bio-robots-animal-inspired-machines,https://wordpress.futurism.com/wp/wp-login.php?redirect_to=https%3A%2F%2Fwordpress.futurism.com%2Fimages%2Fbio-robots-animal-inspired-machines&reauth=1
https://wordpress.futurism.com/images/technological-fixes-for-climate-change,https://wordpress.futurism.com/wp/wp-login.php?redirect_to=https%3A%2F%2Fwordpress.futurism.com%2Fimages%2Ftechnological-fixes-for-climate-change&reauth=1
https://wordpress.futurism.com/images/so-you-want-to-live-forever-infographic,https://wordpress.futurism.com/wp/wp-login.php?redirect_to=https%3A%2F%2Fwordpress.futurism.com%2Fimages%2Fso-you-want-to-live-forever-infographic&reauth=1
https://wordpress.futurism.com/images/bionics-the-astonishing-future-of-the-human-body,https://wordpress.futurism.com/wp/wp-login.php?redirect_to=https%3A%2F%2Fwordpress.futurism.com%2Fimages%2Fbionics-the-astonishing-future-of-the-human-body&reauth=1
https://wordpress.futurism.com/images/alien-or-natural-strangest-sounds-signals-detected-from-space,https://wordpress.futurism.com/wp/wp-login.php?redirect_to=https%3A%2F%2Fwordpress.futurism.com%2Fimages%2Falien-or-natural-strangest-sounds-signals-detected-from-space&reauth=1
https://wordpress.futurism.com/images/9-physics-questions-baffling-scientists-infographic,https://wordpress.futurism.com/wp/wp-login.php?redirect_to=https%3A%2F%2Fwordpress.futurism.com%2Fimages%2F9-physics-questions-baffling-scientists-infographic&reauth=1
https://wordpress.futurism.com/images/privacy-and-the-internet-of-things,https://wordpress.futurism.com/wp/wp-login.php?redirect_to=https%3A%2F%2Fwordpress.futurism.com%2Fimages%2Fprivacy-and-the-internet-of-things&reauth=1
https://wordpress.futurism.com/images/our-robot-overlords-top-10-books-highlighting-the-rise-of-ai,https://wordpress.futurism.com/wp/wp-login.php?redirect_to=https%3A%2F%2Fwordpress.futurism.com%2Fimages%2Four-robot-overlords-top-10-books-highlighting-the-rise-of-ai&reauth=1
https://wordpress.futurism.com/images/chinas-biggest-scitech-projects-infographic,https://wordpress.futurism.com/wp/wp-login.php?redirect_to=https%3A%2F%2Fwordpress.futurism.com%2Fimages%2Fchinas-biggest-scitech-projects-infographic&reauth=1
https://wordpress.futurism.com/images/global-warming-scenarios,https://wordpress.futurism.com/wp/wp-login.php?redirect_to=https%3A%2F%2Fwordpress.futurism.com%2Fimages%2Fglobal-warming-scenarios&reauth=1
https://wordpress.futurism.com/images/take-virtual-tour-international-space-station,https://wordpress.futurism.com/wp/wp-login.php?redirect_to=https%3A%2F%2Fwordpress.futurism.com%2Fimages%2Ftake-virtual-tour-international-space-station&reauth=1
https://wordpress.futurism.com/images/hurricanes-have-been-enhanced-by-climate-change,https://wordpress.futurism.com/wp/wp-login.php?redirect_to=https%3A%2F%2Fwordpress.futurism.com%2Fimages%2Fhurricanes-have-been-enhanced-by-climate-change&reauth=1
https://wordpress.futurism.com/images/the-rise-of-vertical-farms-infographic,https://wordpress.futurism.com/wp/wp-login.php?redirect_to=https%3A%2F%2Fwordpress.futurism.com%2Fimages%2Fthe-rise-of-vertical-farms-infographic&reauth=1
https://wordpress.futurism.com/images/renewable-energy-sources-of-the-future-infographic,https://wordpress.futurism.com/wp/wp-login.php?redirect_to=https%3A%2F%2Fwordpress.futurism.com%2Fimages%2Frenewable-energy-sources-of-the-future-infographic&reauth=1
https://wordpress.futurism.com/images/there-will-be-no-mars-generation-without-these-technologies,https://wordpress.futurism.com/wp/wp-login.php?redirect_to=https%3A%2F%2Fwordpress.futurism.com%2Fimages%2Fthere-will-be-no-mars-generation-without-these-technologies&reauth=1
https://wordpress.futurism.com/images/how-crispr-works-the-future-of-genetic-engineering,https://wordpress.futurism.com/wp/wp-login.php?redirect_to=https%3A%2F%2Fwordpress.futurism.com%2Fimages%2Fhow-crispr-works-the-future-of-genetic-engineering&reauth=1
https://wordpress.futurism.com/images/the-top-19-artificial-intelligence-movies-of-all-time,https://wordpress.futurism.com/wp/wp-login.php?redirect_to=https%3A%2F%2Fwordpress.futurism.com%2Fimages%2Fthe-top-19-artificial-intelligence-movies-of-all-time&reauth=1
https://wordpress.futurism.com/images/could-climate-change-transform-earth-into-venus,https://wordpress.futurism.com/wp/wp-login.php?redirect_to=https%3A%2F%2Fwordpress.futurism.com%2Fimages%2Fcould-climate-change-transform-earth-into-venus&reauth=1
https://wordpress.futurism.com/images/deep-ocean-dwellers-infographic,https://wordpress.futurism.com/wp/wp-login.php?redirect_to=https%3A%2F%2Fwordpress.futurism.com%2Fimages%2Fdeep-ocean-dwellers-infographic&reauth=1
https://wordpress.futurism.com/images/the-technologies-that-power-self-driving-cars-infographic,https://wordpress.futurism.com/wp/wp-login.php?redirect_to=https%3A%2F%2Fwordpress.futurism.com%2Fimages%2Fthe-technologies-that-power-self-driving-cars-infographic&reauth=1
https://wordpress.futurism.com/images/juno-mission-to-jupiter-nasa-lego-infographic,https://wordpress.futurism.com/wp/wp-login.php?redirect_to=https%3A%2F%2Fwordpress.futurism.com%2Fimages%2Fjuno-mission-to-jupiter-nasa-lego-infographic&reauth=1
https://wordpress.futurism.com/images/can-we-come-back-from-climate-changes-brink,https://wordpress.futurism.com/wp/wp-login.php?redirect_to=https%3A%2F%2Fwordpress.futurism.com%2Fimages%2Fcan-we-come-back-from-climate-changes-brink&reauth=1
https://wordpress.futurism.com/images/the-worlds-worst-mass-extinctions,https://wordpress.futurism.com/wp/wp-login.php?redirect_to=https%3A%2F%2Fwordpress.futurism.com%2Fimages%2Fthe-worlds-worst-mass-extinctions&reauth=1
https://wordpress.futurism.com/images/a-timeline-of-future-space-exploration-part-i-infographic,https://wordpress.futurism.com/wp/wp-login.php?redirect_to=https%3A%2F%2Fwordpress.futurism.com%2Fimages%2Fa-timeline-of-future-space-exploration-part-i-infographic&reauth=1
https://wordpress.futurism.com/images/a-timeline-of-future-space-exploration-part-ii-infographic,https://wordpress.futurism.com/wp/wp-login.php?redirect_to=https%3A%2F%2Fwordpress.futurism.com%2Fimages%2Fa-timeline-of-future-space-exploration-part-ii-infographic&reauth=1
https://wordpress.futurism.com/images/paris-climate-agreement,https://wordpress.futurism.com/wp/wp-login.php?redirect_to=https%3A%2F%2Fwordpress.futurism.com%2Fimages%2Fparis-climate-agreement&reauth=1
https://wordpress.futurism.com/images/quest-lifelike-robots,https://wordpress.futurism.com/wp/wp-login.php?redirect_to=https%3A%2F%2Fwordpress.futurism.com%2Fimages%2Fquest-lifelike-robots&reauth=1
https://wordpress.futurism.com/images/how-musks-tunnel-boring-would-work,https://wordpress.futurism.com/wp/wp-login.php?redirect_to=https%3A%2F%2Fwordpress.futurism.com%2Fimages%2Fhow-musks-tunnel-boring-would-work&reauth=1
https://wordpress.futurism.com/,https://wordpress.futurism.com/wp/wp-login.php?redirect_to=https%3A%2F%2Fwordpress.futurism.com%2F&reauth=1
https://wordpress.futurism.com/images/reverse-aging,https://wordpress.futurism.com/wp/wp-login.php?redirect_to=https%3A%2F%2Fwordpress.futurism.com%2Fimages%2Freverse-aging&reauth=1
https://wordpress.futurism.com/images/robot-companions-a-new-breed-of-social-machines-infographic,https://wordpress.futurism.com/wp/wp-login.php?redirect_to=https%3A%2F%2Fwordpress.futurism.com%2Fimages%2Frobot-companions-a-new-breed-of-social-machines-infographic&reauth=1
https://wordpress.futurism.com/images/our-warming-world-the-future-of-climate-change-infographic,https://wordpress.futurism.com/wp/wp-login.php?redirect_to=https%3A%2F%2Fwordpress.futurism.com%2Fimages%2Four-warming-world-the-future-of-climate-change-infographic&reauth=1
https://wordpress.futurism.com/images/autonomous-public-transport-the-future-of-the-urban-commute-infographic,https://wordpress.futurism.com/wp/wp-login.php?redirect_to=https%3A%2F%2Fwordpress.futurism.com%2Fimages%2Fautonomous-public-transport-the-future-of-the-urban-commute-infographic&reauth=1
https://wordpress.futurism.com/images/when-did-life-on-earth-first-appear,https://wordpress.futurism.com/wp/wp-login.php?redirect_to=https%3A%2F%2Fwordpress.futurism.com%2Fimages%2Fwhen-did-life-on-earth-first-appear&reauth=1
https://wordpress.futurism.com/images/technology-for-good-how-edtech-startups-are-democratizing-education,https://wordpress.futurism.com/wp/wp-login.php?redirect_to=https%3A%2F%2Fwordpress.futurism.com%2Fimages%2Ftechnology-for-good-how-edtech-startups-are-democratizing-education&reauth=1
https://wordpress.futurism.com/images/if-our-universe-is-so-old-and-vast-then-where-are-all-the-aliens,https://wordpress.futurism.com/wp/wp-login.php?redirect_to=https%3A%2F%2Fwordpress.futurism.com%2Fimages%2Fif-our-universe-is-so-old-and-vast-then-where-are-all-the-aliens&reauth=1
https://wordpress.futurism.com/images/age-automation-welcome-next-great-revolution,https://wordpress.futurism.com/wp/wp-login.php?redirect_to=https%3A%2F%2Fwordpress.futurism.com%2Fimages%2Fage-automation-welcome-next-great-revolution&reauth=1
https://wordpress.futurism.com/images/other-earths-the-best-exoplanet-candidates-for-life-infographic,https://wordpress.futurism.com/wp/wp-login.php?redirect_to=https%3A%2F%2Fwordpress.futurism.com%2Fimages%2Fother-earths-the-best-exoplanet-candidates-for-life-infographic&reauth=1
https://wordpress.futurism.com/images/top-8-confirmed-exoplanets-that-could-host-alien-life,https://wordpress.futurism.com/wp/wp-login.php?redirect_to=https%3A%2F%2Fwordpress.futurism.com%2Fimages%2Ftop-8-confirmed-exoplanets-that-could-host-alien-life&reauth=1
https://wordpress.futurism.com/images/10-things-about-the-future-sci-fi-writers-got-right,https://wordpress.futurism.com/wp/wp-login.php?redirect_to=https%3A%2F%2Fwordpress.futurism.com%2Fimages%2F10-things-about-the-future-sci-fi-writers-got-right&reauth=1
https://wordpress.futurism.com/images/fastest-internet-planet,https://wordpress.futurism.com/wp/wp-login.php?redirect_to=https%3A%2F%2Fwordpress.futurism.com%2Fimages%2Ffastest-internet-planet&reauth=1
https://wordpress.futurism.com/images/vaccine-myths-2,https://wordpress.futurism.com/wp/wp-login.php?redirect_to=https%3A%2F%2Fwordpress.futurism.com%2Fimages%2Fvaccine-myths-2&reauth=1
https://wordpress.futurism.com/images/are-we-making-forest-fires-stronger,https://wordpress.futurism.com/wp/wp-login.php?redirect_to=https%3A%2F%2Fwordpress.futurism.com%2Fimages%2Fare-we-making-forest-fires-stronger&reauth=1
https://wordpress.futurism.com/images/meet-kuiper-belt-one-solar-systems-biggest-mysteries,https://wordpress.futurism.com/wp/wp-login.php?redirect_to=https%3A%2F%2Fwordpress.futurism.com%2Fimages%2Fmeet-kuiper-belt-one-solar-systems-biggest-mysteries&reauth=1
https://wordpress.futurism.com/images/all-electric-cars-whats-my-range-infographic,https://wordpress.futurism.com/wp/wp-login.php?redirect_to=https%3A%2F%2Fwordpress.futurism.com%2Fimages%2Fall-electric-cars-whats-my-range-infographic&reauth=1
https://wordpress.futurism.com/images/future-food-menu-of-2030,https://wordpress.futurism.com/wp/wp-login.php?redirect_to=https%3A%2F%2Fwordpress.futurism.com%2Fimages%2Ffuture-food-menu-of-2030&reauth=1
https://wordpress.futurism.com/images/animals-that-went-extinct-in-the-21st-century-infographic,https://wordpress.futurism.com/wp/wp-login.php?redirect_to=https%3A%2F%2Fwordpress.futurism.com%2Fimages%2Fanimals-that-went-extinct-in-the-21st-century-infographic&reauth=1
https://wordpress.futurism.com/images/a-timeline-of-organ-transplant-milestones,https://wordpress.futurism.com/wp/wp-login.php?redirect_to=https%3A%2F%2Fwordpress.futurism.com%2Fimages%2Fa-timeline-of-organ-transplant-milestones&reauth=1
https://wordpress.futurism.com/images/seeing-double-the-history-of-cloning,https://wordpress.futurism.com/wp/wp-login.php?redirect_to=https%3A%2F%2Fwordpress.futurism.com%2Fimages%2Fseeing-double-the-history-of-cloning&reauth=1
https://wordpress.futurism.com/images/the-olympics-for-cyborgs-infographic,https://wordpress.futurism.com/wp/wp-login.php?redirect_to=https%3A%2F%2Fwordpress.futurism.com%2Fimages%2Fthe-olympics-for-cyborgs-infographic&reauth=1
https://wordpress.futurism.com/images/technology-and-privacy-forecast-2017,https://wordpress.futurism.com/wp/wp-login.php?redirect_to=https%3A%2F%2Fwordpress.futurism.com%2Fimages%2Ftechnology-and-privacy-forecast-2017&reauth=1
https://wordpress.futurism.com/images/flying-cars-of-tomorrow-infographic,https://wordpress.futurism.com/wp/wp-login.php?redirect_to=https%3A%2F%2Fwordpress.futurism.com%2Fimages%2Fflying-cars-of-tomorrow-infographic&reauth=1
https://wordpress.futurism.com/images/alan-turing-the-father-of-computing-infographic,https://wordpress.futurism.com/wp/wp-login.php?redirect_to=https%3A%2F%2Fwordpress.futurism.com%2Fimages%2Falan-turing-the-father-of-computing-infographic&reauth=1
https://wordpress.futurism.com/images/the-science-of-searching-for-exoplanets-infographic,https://wordpress.futurism.com/wp/wp-login.php?redirect_to=https%3A%2F%2Fwordpress.futurism.com%2Fimages%2Fthe-science-of-searching-for-exoplanets-infographic&reauth=1
https://wordpress.futurism.com/images/things-to-come-a-timeline-of-future-technology-infographic,https://wordpress.futurism.com/wp/wp-login.php?redirect_to=https%3A%2F%2Fwordpress.futurism.com%2Fimages%2Fthings-to-come-a-timeline-of-future-technology-infographic&reauth=1
https://wordpress.futurism.com/images/what-is-dark-matter,https://wordpress.futurism.com/wp/wp-login.php?redirect_to=https%3A%2F%2Fwordpress.futurism.com%2Fimages%2Fwhat-is-dark-matter&reauth=1
https://wordpress.futurism.com/images/kardashev-scale-the-kinds-of-alien-civilizations-in-our-universe,https://wordpress.futurism.com/wp/wp-login.php?redirect_to=https%3A%2F%2Fwordpress.futurism.com%2Fimages%2Fkardashev-scale-the-kinds-of-alien-civilizations-in-our-universe&reauth=1
https://wordpress.futurism.com/images/warfare-2040-the-future-of-military-technology-infographic,https://wordpress.futurism.com/wp/wp-login.php?redirect_to=https%3A%2F%2Fwordpress.futurism.com%2Fimages%2Fwarfare-2040-the-future-of-military-technology-infographic&reauth=1
https://wordpress.futurism.com/images/an-ocean-of-plastic-pollution-great-pacific-garbage-patch-infographic,https://wordpress.futurism.com/wp/wp-login.php?redirect_to=https%3A%2F%2Fwordpress.futurism.com%2Fimages%2Fan-ocean-of-plastic-pollution-great-pacific-garbage-patch-infographic&reauth=1
https://wordpress.futurism.com/images/the-future-of-pain-management,https://wordpress.futurism.com/wp/wp-login.php?redirect_to=https%3A%2F%2Fwordpress.futurism.com%2Fimages%2Fthe-future-of-pain-management&reauth=1
https://wordpress.futurism.com/images/amber-encased-prehistoric-creatures-found-in-2016,https://wordpress.futurism.com/wp/wp-login.php?redirect_to=https%3A%2F%2Fwordpress.futurism.com%2Fimages%2Famber-encased-prehistoric-creatures-found-in-2016&reauth=1
https://wordpress.futurism.com/images/2015-in-review-the-year-artificial-intelligence-went-mainstream,https://wordpress.futurism.com/wp/wp-login.php?redirect_to=https%3A%2F%2Fwordpress.futurism.com%2Fimages%2F2015-in-review-the-year-artificial-intelligence-went-mainstream&reauth=1
https://wordpress.futurism.com/images/vr-ar-and-mr-whats-the-difference-infographic-2,https://wordpress.futurism.com/wp/wp-login.php?redirect_to=https%3A%2F%2Fwordpress.futurism.com%2Fimages%2Fvr-ar-and-mr-whats-the-difference-infographic-2&reauth=1
https://wordpress.futurism.com/images/there-and-back-again-a-timeline-of-space-planes-infographic,https://wordpress.futurism.com/wp/wp-login.php?redirect_to=https%3A%2F%2Fwordpress.futurism.com%2Fimages%2Fthere-and-back-again-a-timeline-of-space-planes-infographic&reauth=1
https://wordpress.futurism.com/images/so-you-want-to-kill-a-tardigrade-web-comic,https://wordpress.futurism.com/wp/wp-login.php?redirect_to=https%3A%2F%2Fwordpress.futurism.com%2Fimages%2Fso-you-want-to-kill-a-tardigrade-web-comic&reauth=1
https://wordpress.futurism.com/images/beyond-hubble-the-space-telescopes-tomorrow-infographic,https://wordpress.futurism.com/wp/wp-login.php?redirect_to=https%3A%2F%2Fwordpress.futurism.com%2Fimages%2Fbeyond-hubble-the-space-telescopes-tomorrow-infographic&reauth=1
https://wordpress.futurism.com/images/wearable-technology,https://wordpress.futurism.com/wp/wp-login.php?redirect_to=https%3A%2F%2Fwordpress.futurism.com%2Fimages%2Fwearable-technology&reauth=1
https://wordpress.futurism.com/images/these-theoretical-propulsion-systems-might-make-interstellar-travel-a-reality,https://wordpress.futurism.com/wp/wp-login.php?redirect_to=https%3A%2F%2Fwordpress.futurism.com%2Fimages%2Fthese-theoretical-propulsion-systems-might-make-interstellar-travel-a-reality&reauth=1
https://wordpress.futurism.com/?post_type=image&p=58365,https://wordpress.futurism.com/wp/wp-login.php?redirect_to=https%3A%2F%2Fwordpress.futurism.com%2F&reauth=1
https://wordpress.futurism.com/images/all-about-ibms-watson-infographic,https://wordpress.futurism.com/wp/wp-login.php?redirect_to=https%3A%2F%2Fwordpress.futurism.com%2Fimages%2Fall-about-ibms-watson-infographic&reauth=1
https://wordpress.futurism.com/images/seven-wonders-solar-system,https://wordpress.futurism.com/wp/wp-login.php?redirect_to=https%3A%2F%2Fwordpress.futurism.com%2Fimages%2Fseven-wonders-solar-system&reauth=1
https://wordpress.futurism.com/images/melting-permafrost,https://wordpress.futurism.com/wp/wp-login.php?redirect_to=https%3A%2F%2Fwordpress.futurism.com%2Fimages%2Fmelting-permafrost&reauth=1
https://wordpress.futurism.com/images/alien-worlds-meet-the-most-remarkable-moons-in-our-solar-system,https://wordpress.futurism.com/wp/wp-login.php?redirect_to=https%3A%2F%2Fwordpress.futurism.com%2Fimages%2Falien-worlds-meet-the-most-remarkable-moons-in-our-solar-system&reauth=1
https://wordpress.futurism.com/images/eyesinspace,https://wordpress.futurism.com/wp/wp-login.php?redirect_to=https%3A%2F%2Fwordpress.futurism.com%2Fimages%2Feyesinspace&reauth=1
https://wordpress.futurism.com/images/terraforming-mars-practical-guide,https://wordpress.futurism.com/wp/wp-login.php?redirect_to=https%3A%2F%2Fwordpress.futurism.com%2Fimages%2Fterraforming-mars-practical-guide&reauth=1
https://wordpress.futurism.com/images/telly-volution-story-television-infographic,https://wordpress.futurism.com/wp/wp-login.php?redirect_to=https%3A%2F%2Fwordpress.futurism.com%2Fimages%2Ftelly-volution-story-television-infographic&reauth=1
https://wordpress.futurism.com/images/history-future-high-speed-rail,https://wordpress.futurism.com/wp/wp-login.php?redirect_to=https%3A%2F%2Fwordpress.futurism.com%2Fimages%2Fhistory-future-high-speed-rail&reauth=1
https://wordpress.futurism.com/images/future-moonshots-infographic,https://wordpress.futurism.com/wp/wp-login.php?redirect_to=https%3A%2F%2Fwordpress.futurism.com%2Fimages%2Ffuture-moonshots-infographic&reauth=1
https://wordpress.futurism.com/images/the-sword-of-damocles-the-worlds-first-virtual-reality-headset-infographic,https://wordpress.futurism.com/wp/wp-login.php?redirect_to=https%3A%2F%2Fwordpress.futurism.com%2Fimages%2Fthe-sword-of-damocles-the-worlds-first-virtual-reality-headset-infographic&reauth=1
https://wordpress.futurism.com/images/fusion-energy-a-practical-guide-infographic,https://wordpress.futurism.com/wp/wp-login.php?redirect_to=https%3A%2F%2Fwordpress.futurism.com%2Fimages%2Ffusion-energy-a-practical-guide-infographic&reauth=1
https://wordpress.futurism.com/images/ten-equations-changed-world,https://wordpress.futurism.com/wp/wp-login.php?redirect_to=https%3A%2F%2Fwordpress.futurism.com%2Fimages%2Ften-equations-changed-world&reauth=1
https://wordpress.futurism.com/images/8-smart-technologies-that-exist-today,https://wordpress.futurism.com/wp/wp-login.php?redirect_to=https%3A%2F%2Fwordpress.futurism.com%2Fimages%2F8-smart-technologies-that-exist-today&reauth=1
https://wordpress.futurism.com/images/cheap-tech-fixes-that-could-transform-life-in-developing-countries,https://wordpress.futurism.com/wp/wp-login.php?redirect_to=https%3A%2F%2Fwordpress.futurism.com%2Fimages%2Fcheap-tech-fixes-that-could-transform-life-in-developing-countries&reauth=1
https://wordpress.futurism.com/images/planets-of-doom-the-strange-worlds-of-dead-and-dying-stars-infographic,https://wordpress.futurism.com/wp/wp-login.php?redirect_to=https%3A%2F%2Fwordpress.futurism.com%2Fimages%2Fplanets-of-doom-the-strange-worlds-of-dead-and-dying-stars-infographic&reauth=1
https://wordpress.futurism.com/images/a-brief-history-of-technology,https://wordpress.futurism.com/wp/wp-login.php?redirect_to=https%3A%2F%2Fwordpress.futurism.com%2Fimages%2Fa-brief-history-of-technology&reauth=1
https://wordpress.futurism.com/images/most-awaited-space-science-missions-of-2017,https://wordpress.futurism.com/wp/wp-login.php?redirect_to=https%3A%2F%2Fwordpress.futurism.com%2Fimages%2Fmost-awaited-space-science-missions-of-2017&reauth=1
https://wordpress.futurism.com/images/potential-for-cannabis,https://wordpress.futurism.com/wp/wp-login.php?redirect_to=https%3A%2F%2Fwordpress.futurism.com%2Fimages%2Fpotential-for-cannabis&reauth=1
https://wordpress.futurism.com/images/futuristic-weapons-how-we-will-fight-in-the-future,https://wordpress.futurism.com/wp/wp-login.php?redirect_to=https%3A%2F%2Fwordpress.futurism.com%2Fimages%2Ffuturistic-weapons-how-we-will-fight-in-the-future&reauth=1
https://wordpress.futurism.com/images/the-kardashev-scale-alien-intelligence-are-we-advanced-yet-comic,https://wordpress.futurism.com/wp/wp-login.php?redirect_to=https%3A%2F%2Fwordpress.futurism.com%2Fimages%2Fthe-kardashev-scale-alien-intelligence-are-we-advanced-yet-comic&reauth=1
https://wordpress.futurism.com/images/these-are-the-worst-nuclear-disasters-in-history-infographic,https://wordpress.futurism.com/wp/wp-login.php?redirect_to=https%3A%2F%2Fwordpress.futurism.com%2Fimages%2Fthese-are-the-worst-nuclear-disasters-in-history-infographic&reauth=1
https://wordpress.futurism.com/images/where-might-there-be-alien-life-in-our-solar-system,https://wordpress.futurism.com/wp/wp-login.php?redirect_to=https%3A%2F%2Fwordpress.futurism.com%2Fimages%2Fwhere-might-there-be-alien-life-in-our-solar-system&reauth=1
https://wordpress.futurism.com/images/solar-sailing-how-we-could-harness-the-power-of-the-sun-to-travel-to-the-stars,https://wordpress.futurism.com/wp/wp-login.php?redirect_to=https%3A%2F%2Fwordpress.futurism.com%2Fimages%2Fsolar-sailing-how-we-could-harness-the-power-of-the-sun-to-travel-to-the-stars&reauth=1
https://wordpress.futurism.com/images/top-10-countries-using-solar-power,https://wordpress.futurism.com/wp/wp-login.php?redirect_to=https%3A%2F%2Fwordpress.futurism.com%2Fimages%2Ftop-10-countries-using-solar-power&reauth=1
https://wordpress.futurism.com/images/super-materials-of-tomorrow-infographic,https://wordpress.futurism.com/wp/wp-login.php?redirect_to=https%3A%2F%2Fwordpress.futurism.com%2Fimages%2Fsuper-materials-of-tomorrow-infographic&reauth=1
https://wordpress.futurism.com/images/heres-what-people-in-1900-thought-the-year-2000-would-look-like,https://wordpress.futurism.com/wp/wp-login.php?redirect_to=https%3A%2F%2Fwordpress.futurism.com%2Fimages%2Fheres-what-people-in-1900-thought-the-year-2000-would-look-like&reauth=1
https://wordpress.futurism.com/wp-content/uploads/2018/01/NatureMovie_720.m4v,https://wordpress.futurism.com/wp/wp-login.php?redirect_to=https%3A%2F%2Fwordpress.futurism.com%2F&reauth=1
https://wordpress.futurism.com/images/megaprojects-the-biggest-builds-in-the-world-infographic,https://wordpress.futurism.com/wp/wp-login.php?redirect_to=https%3A%2F%2Fwordpress.futurism.com%2Fimages%2Fmegaprojects-the-biggest-builds-in-the-world-infographic&reauth=1
https://wordpress.futurism.com/images/want-to-go-to-space-this-is-how-much-it-will-cost,https://wordpress.futurism.com/wp/wp-login.php?redirect_to=https%3A%2F%2Fwordpress.futurism.com%2Fimages%2Fwant-to-go-to-space-this-is-how-much-it-will-cost&reauth=1
https://wordpress.futurism.com/images/ancient-supernovae-it-came-from-outer-space-infographic,https://wordpress.futurism.com/wp/wp-login.php?redirect_to=https%3A%2F%2Fwordpress.futurism.com%2Fimages%2Fancient-supernovae-it-came-from-outer-space-infographic&reauth=1
https://wordpress.futurism.com/images/human-evolution-a-timeline-of-the-near-and-far-future-infographic,https://wordpress.futurism.com/wp/wp-login.php?redirect_to=https%3A%2F%2Fwordpress.futurism.com%2Fimages%2Fhuman-evolution-a-timeline-of-the-near-and-far-future-infographic&reauth=1
https://wordpress.futurism.com/images/ai-forecast-for-2017,https://wordpress.futurism.com/wp/wp-login.php?redirect_to=https%3A%2F%2Fwordpress.futurism.com%2Fimages%2Fai-forecast-for-2017&reauth=1
https://wordpress.futurism.com/images/a-comprehensive-list-of-elon-musks-breakthroughs-in-2017,https://wordpress.futurism.com/wp/wp-login.php?redirect_to=https%3A%2F%2Fwordpress.futurism.com%2Fimages%2Fa-comprehensive-list-of-elon-musks-breakthroughs-in-2017&reauth=1
https://wordpress.futurism.com/images/exoskeletons-the-journey-from-science-fiction-to-science-fact,https://wordpress.futurism.com/wp/wp-login.php?redirect_to=https%3A%2F%2Fwordpress.futurism.com%2Fimages%2Fexoskeletons-the-journey-from-science-fiction-to-science-fact&reauth=1
https://wordpress.futurism.com/images/will-humans-ever-control-the-weather,https://wordpress.futurism.com/wp/wp-login.php?redirect_to=https%3A%2F%2Fwordpress.futurism.com%2Fimages%2Fwill-humans-ever-control-the-weather&reauth=1
https://wordpress.futurism.com/images/next-big-solar-storm-apocalyptic-timeline,https://wordpress.futurism.com/wp/wp-login.php?redirect_to=https%3A%2F%2Fwordpress.futurism.com%2Fimages%2Fnext-big-solar-storm-apocalyptic-timeline&reauth=1
https://wordpress.futurism.com/images/how-does-the-large-hadron-collider-work-infographic,https://wordpress.futurism.com/wp/wp-login.php?redirect_to=https%3A%2F%2Fwordpress.futurism.com%2Fimages%2Fhow-does-the-large-hadron-collider-work-infographic&reauth=1
https://wordpress.futurism.com/images/weather-satellites,https://wordpress.futurism.com/wp/wp-login.php?redirect_to=https%3A%2F%2Fwordpress.futurism.com%2Fimages%2Fweather-satellites&reauth=1
https://wordpress.futurism.com/images/energy-future-harnessing-power-earth,https://wordpress.futurism.com/wp/wp-login.php?redirect_to=https%3A%2F%2Fwordpress.futurism.com%2Fimages%2Fenergy-future-harnessing-power-earth&reauth=1
https://wordpress.futurism.com/images/what-are-algorithms,https://wordpress.futurism.com/wp/wp-login.php?redirect_to=https%3A%2F%2Fwordpress.futurism.com%2Fimages%2Fwhat-are-algorithms&reauth=1
https://wordpress.futurism.com/images/autonomous-car-forecasts-when-will-they-actually-be-on-our-roads,https://wordpress.futurism.com/wp/wp-login.php?redirect_to=https%3A%2F%2Fwordpress.futurism.com%2Fimages%2Fautonomous-car-forecasts-when-will-they-actually-be-on-our-roads&reauth=1
https://wordpress.futurism.com/images/meet-powerful-computers-world,https://wordpress.futurism.com/wp/wp-login.php?redirect_to=https%3A%2F%2Fwordpress.futurism.com%2Fimages%2Fmeet-powerful-computers-world&reauth=1
https://wordpress.futurism.com/images/the-future-according-to-h-g-wells-infographic,https://wordpress.futurism.com/wp/wp-login.php?redirect_to=https%3A%2F%2Fwordpress.futurism.com%2Fimages%2Fthe-future-according-to-h-g-wells-infographic&reauth=1
https://wordpress.futurism.com/images/the-autonomous-revolution-what-else-is-going-driverless-infographic,https://wordpress.futurism.com/wp/wp-login.php?redirect_to=https%3A%2F%2Fwordpress.futurism.com%2Fimages%2Fthe-autonomous-revolution-what-else-is-going-driverless-infographic&reauth=1
http://wordpress.futurism.com/wp-admin/post.php?post=138438&action=edit,https://wordpress.futurism.com/wp/wp-login.php?redirect_to=https%3A%2F%2Fwordpress.futurism.com%2F&reauth=1
https://wordpress.futurism.com/images/graphene-the-wonder-material-of-the-future-infographic,https://wordpress.futurism.com/wp/wp-login.php?redirect_to=https%3A%2F%2Fwordpress.futurism.com%2Fimages%2Fgraphene-the-wonder-material-of-the-future-infographic&reauth=1
https://wordpress.futurism.com/images/new-horizons-to-pluto-and-beyond-infographic,https://wordpress.futurism.com/wp/wp-login.php?redirect_to=https%3A%2F%2Fwordpress.futurism.com%2Fimages%2Fnew-horizons-to-pluto-and-beyond-infographic&reauth=1
https://wordpress.futurism.com/images/worlds-biggest-factories-facts-figures,https://wordpress.futurism.com/wp/wp-login.php?redirect_to=https%3A%2F%2Fwordpress.futurism.com%2Fimages%2Fworlds-biggest-factories-facts-figures&reauth=1
https://wordpress.futurism.com/images/highrises-and-labs-may-be-the-farms-of-the-future,https://wordpress.futurism.com/wp/wp-login.php?redirect_to=https%3A%2F%2Fwordpress.futurism.com%2Fimages%2Fhighrises-and-labs-may-be-the-farms-of-the-future&reauth=1
https://wordpress.futurism.com/images/the-doomsday-clock-ticks-closer-to-midnight,https://wordpress.futurism.com/wp/wp-login.php?redirect_to=https%3A%2F%2Fwordpress.futurism.com%2Fimages%2Fthe-doomsday-clock-ticks-closer-to-midnight&reauth=1
https://wordpress.futurism.com/images/resurrection-biology-cloning-wooly-mammoth,https://wordpress.futurism.com/wp/wp-login.php?redirect_to=https%3A%2F%2Fwordpress.futurism.com%2Fimages%2Fresurrection-biology-cloning-wooly-mammoth&reauth=1
https://wordpress.futurism.com/images/year-one-dawn-virtual-reality,https://wordpress.futurism.com/wp/wp-login.php?redirect_to=https%3A%2F%2Fwordpress.futurism.com%2Fimages%2Fyear-one-dawn-virtual-reality&reauth=1
https://wordpress.futurism.com/?post_type=image&p=73427,https://wordpress.futurism.com/wp/wp-login.php?redirect_to=https%3A%2F%2Fwordpress.futurism.com%2F&reauth=1
https://wordpress.futurism.com/images/food-waste-an-epidemic-of-abundance,https://wordpress.futurism.com/wp/wp-login.php?redirect_to=https%3A%2F%2Fwordpress.futurism.com%2Fimages%2Ffood-waste-an-epidemic-of-abundance&reauth=1
https://wordpress.futurism.com/images/piece-piece-international-space-station-infographic,https://wordpress.futurism.com/wp/wp-login.php?redirect_to=https%3A%2F%2Fwordpress.futurism.com%2Fimages%2Fpiece-piece-international-space-station-infographic&reauth=1
https://wordpress.futurism.com/images/7-benefits-of-driverless-cars,https://wordpress.futurism.com/wp/wp-login.php?redirect_to=https%3A%2F%2Fwordpress.futurism.com%2Fimages%2F7-benefits-of-driverless-cars&reauth=1
https://wordpress.futurism.com/images/the-history-of-the-universe-infographic,https://wordpress.futurism.com/wp/wp-login.php?redirect_to=https%3A%2F%2Fwordpress.futurism.com%2Fimages%2Fthe-history-of-the-universe-infographic&reauth=1
https://wordpress.futurism.com/images/an-exoplanetary-bestiary-the-weirdest-planets-in-the-universe-infographic,https://wordpress.futurism.com/wp/wp-login.php?redirect_to=https%3A%2F%2Fwordpress.futurism.com%2Fimages%2Fan-exoplanetary-bestiary-the-weirdest-planets-in-the-universe-infographic&reauth=1
https://wordpress.futurism.com/images/predictive-ai-seeing-through-the-chaos,https://wordpress.futurism.com/wp/wp-login.php?redirect_to=https%3A%2F%2Fwordpress.futurism.com%2Fimages%2Fpredictive-ai-seeing-through-the-chaos&reauth=1
https://wordpress.futurism.com/images/life-in-2022,https://wordpress.futurism.com/wp/wp-login.php?redirect_to=https%3A%2F%2Fwordpress.futurism.com%2Fimages%2Flife-in-2022&reauth=1
https://wordpress.futurism.com/images/campi-flegrei-super-crater-the-bubbling-cauldron-of-magma-under-naples,https://wordpress.futurism.com/wp/wp-login.php?redirect_to=https%3A%2F%2Fwordpress.futurism.com%2Fimages%2Fcampi-flegrei-super-crater-the-bubbling-cauldron-of-magma-under-naples&reauth=1
https://wordpress.futurism.com/images/when-the-earth-caught-fire-infographic,https://wordpress.futurism.com/wp/wp-login.php?redirect_to=https%3A%2F%2Fwordpress.futurism.com%2Fimages%2Fwhen-the-earth-caught-fire-infographic&reauth=1
https://wordpress.futurism.com/images/laws-and-ethics-for-autonomous-cars,https://wordpress.futurism.com/wp/wp-login.php?redirect_to=https%3A%2F%2Fwordpress.futurism.com%2Fimages%2Flaws-and-ethics-for-autonomous-cars&reauth=1
https://wordpress.futurism.com/images/uberstats,https://wordpress.futurism.com/wp/wp-login.php?redirect_to=https%3A%2F%2Fwordpress.futurism.com%2Fimages%2Fuberstats&reauth=1
https://wordpress.futurism.com/images/doomsday-vault-the-worlds-seed-bank-backup,https://wordpress.futurism.com/wp/wp-login.php?redirect_to=https%3A%2F%2Fwordpress.futurism.com%2Fimages%2Fdoomsday-vault-the-worlds-seed-bank-backup&reauth=1
https://wordpress.futurism.com/images/see-gallery-art-entirely-machine-made,https://wordpress.futurism.com/wp/wp-login.php?redirect_to=https%3A%2F%2Fwordpress.futurism.com%2Fimages%2Fsee-gallery-art-entirely-machine-made&reauth=1
https://wordpress.futurism.com/images/highlighting-the-most-advanced-anti-drone-technologies-on-the-market-today,https://wordpress.futurism.com/wp/wp-login.php?redirect_to=https%3A%2F%2Fwordpress.futurism.com%2Fimages%2Fhighlighting-the-most-advanced-anti-drone-technologies-on-the-market-today&reauth=1
https://wordpress.futurism.com/images/the-tesla-revolution-infographic,https://wordpress.futurism.com/wp/wp-login.php?redirect_to=https%3A%2F%2Fwordpress.futurism.com%2Fimages%2Fthe-tesla-revolution-infographic&reauth=1
https://wordpress.futurism.com/images/sweet-dreams-are-made-of-this-a-guide-to-urban-living-in-the-80s-infographic,https://wordpress.futurism.com/wp/wp-login.php?redirect_to=https%3A%2F%2Fwordpress.futurism.com%2Fimages%2Fsweet-dreams-are-made-of-this-a-guide-to-urban-living-in-the-80s-infographic&reauth=1
https://wordpress.futurism.com/images/the-history-of-chatbots-infographic,https://wordpress.futurism.com/wp/wp-login.php?redirect_to=https%3A%2F%2Fwordpress.futurism.com%2Fimages%2Fthe-history-of-chatbots-infographic&reauth=1
https://wordpress.futurism.com/images/natural-disasters-science-supervolcanoes,https://wordpress.futurism.com/wp/wp-login.php?redirect_to=https%3A%2F%2Fwordpress.futurism.com%2Fimages%2Fnatural-disasters-science-supervolcanoes&reauth=1
https://wordpress.futurism.com/images/seeing-stars-the-fast-radio-telescope,https://wordpress.futurism.com/wp/wp-login.php?redirect_to=https%3A%2F%2Fwordpress.futurism.com%2Fimages%2Fseeing-stars-the-fast-radio-telescope&reauth=1
https://wordpress.futurism.com/images/journey-to-the-center-of-the-earth-infographic,https://wordpress.futurism.com/wp/wp-login.php?redirect_to=https%3A%2F%2Fwordpress.futurism.com%2Fimages%2Fjourney-to-the-center-of-the-earth-infographic&reauth=1
https://wordpress.futurism.com/images/the-worlds-largest-floating-solar-farm-infographic,https://wordpress.futurism.com/wp/wp-login.php?redirect_to=https%3A%2F%2Fwordpress.futurism.com%2Fimages%2Fthe-worlds-largest-floating-solar-farm-infographic&reauth=1
https://wordpress.futurism.com/?post_type=image&p=108812,https://wordpress.futurism.com/wp/wp-login.php?redirect_to=https%3A%2F%2Fwordpress.futurism.com%2F&reauth=1
https://wordpress.futurism.com/images/costa-rica-pioneering-a-renewable-future-infographic,https://wordpress.futurism.com/wp/wp-login.php?redirect_to=https%3A%2F%2Fwordpress.futurism.com%2Fimages%2Fcosta-rica-pioneering-a-renewable-future-infographic&reauth=1
https://wordpress.futurism.com/images/artificialphotosynthesis,https://wordpress.futurism.com/wp/wp-login.php?redirect_to=https%3A%2F%2Fwordpress.futurism.com%2Fimages%2Fartificialphotosynthesis&reauth=1
https://wordpress.futurism.com/images/the-worlds-police-robots-infographic,https://wordpress.futurism.com/wp/wp-login.php?redirect_to=https%3A%2F%2Fwordpress.futurism.com%2Fimages%2Fthe-worlds-police-robots-infographic&reauth=1
https://wordpress.futurism.com/images/everything-need-know-asteroid-mining,https://wordpress.futurism.com/wp/wp-login.php?redirect_to=https%3A%2F%2Fwordpress.futurism.com%2Fimages%2Feverything-need-know-asteroid-mining&reauth=1
https://wordpress.futurism.com/images/how-we-beat-smallpox-comic-strip,https://wordpress.futurism.com/wp/wp-login.php?redirect_to=https%3A%2F%2Fwordpress.futurism.com%2Fimages%2Fhow-we-beat-smallpox-comic-strip&reauth=1
https://wordpress.futurism.com/images/facebook-10-year-master-plan,https://wordpress.futurism.com/wp/wp-login.php?redirect_to=https%3A%2F%2Fwordpress.futurism.com%2Fimages%2Ffacebook-10-year-master-plan&reauth=1
https://wordpress.futurism.com/images/reprogramming-the-human-mind-heres-how-well-make-humanity-2-0-infographic,https://wordpress.futurism.com/wp/wp-login.php?redirect_to=https%3A%2F%2Fwordpress.futurism.com%2Fimages%2Freprogramming-the-human-mind-heres-how-well-make-humanity-2-0-infographic&reauth=1
https://wordpress.futurism.com/images/highlighting-the-cybathlon-the-bionic-olympics-of-2016,https://wordpress.futurism.com/wp/wp-login.php?redirect_to=https%3A%2F%2Fwordpress.futurism.com%2Fimages%2Fhighlighting-the-cybathlon-the-bionic-olympics-of-2016&reauth=1
https://wordpress.futurism.com/images/resurrection-biology-all-about-de-extinction,https://wordpress.futurism.com/wp/wp-login.php?redirect_to=https%3A%2F%2Fwordpress.futurism.com%2Fimages%2Fresurrection-biology-all-about-de-extinction&reauth=1
https://wordpress.futurism.com/images/heres-everything-you-want-to-know-about-astrophysicist-and-futurist-michio-kaku,https://wordpress.futurism.com/wp/wp-login.php?redirect_to=https%3A%2F%2Fwordpress.futurism.com%2Fimages%2Fheres-everything-you-want-to-know-about-astrophysicist-and-futurist-michio-kaku&reauth=1
https://wordpress.futurism.com/images/11-startups-building-advanced-robots-to-replace-humans,https://wordpress.futurism.com/wp/wp-login.php?redirect_to=https%3A%2F%2Fwordpress.futurism.com%2Fimages%2F11-startups-building-advanced-robots-to-replace-humans&reauth=1
https://wordpress.futurism.com/images/a-brief-history-of-atomic-theory-infographic,https://wordpress.futurism.com/wp/wp-login.php?redirect_to=https%3A%2F%2Fwordpress.futurism.com%2Fimages%2Fa-brief-history-of-atomic-theory-infographic&reauth=1
https://wordpress.futurism.com/images/new-greener-skylines-the-rise-of-wooden-skyscrapers,https://wordpress.futurism.com/wp/wp-login.php?redirect_to=https%3A%2F%2Fwordpress.futurism.com%2Fimages%2Fnew-greener-skylines-the-rise-of-wooden-skyscrapers&reauth=1
https://wordpress.futurism.com/images/the-anatomy-of-a-lab-grown-burger-infographic,https://wordpress.futurism.com/wp/wp-login.php?redirect_to=https%3A%2F%2Fwordpress.futurism.com%2Fimages%2Fthe-anatomy-of-a-lab-grown-burger-infographic&reauth=1
https://wordpress.futurism.com/images/the-dawn-of-the-singularity,https://wordpress.futurism.com/wp/wp-login.php?redirect_to=https%3A%2F%2Fwordpress.futurism.com%2Fimages%2Fthe-dawn-of-the-singularity&reauth=1
https://wordpress.futurism.com/images/heres-3d-printing-changing-world,https://wordpress.futurism.com/wp/wp-login.php?redirect_to=https%3A%2F%2Fwordpress.futurism.com%2Fimages%2Fheres-3d-printing-changing-world&reauth=1
https://wordpress.futurism.com/images/car-tech-forecast-the-next-10-years,https://wordpress.futurism.com/wp/wp-login.php?redirect_to=https%3A%2F%2Fwordpress.futurism.com%2Fimages%2Fcar-tech-forecast-the-next-10-years&reauth=1
https://wordpress.futurism.com/?post_type=image&p=57608,https://wordpress.futurism.com/wp/wp-login.php?redirect_to=https%3A%2F%2Fwordpress.futurism.com%2F&reauth=1
https://wordpress.futurism.com/images/sixth-senses-animal-world,https://wordpress.futurism.com/wp/wp-login.php?redirect_to=https%3A%2F%2Fwordpress.futurism.com%2Fimages%2Fsixth-senses-animal-world&reauth=1
https://wordpress.futurism.com/images/this-is-the-future-of-robotics,https://wordpress.futurism.com/wp/wp-login.php?redirect_to=https%3A%2F%2Fwordpress.futurism.com%2Fimages%2Fthis-is-the-future-of-robotics&reauth=1
https://wordpress.futurism.com/images/traveling-near-the-speed-of-light-infographic,https://wordpress.futurism.com/wp/wp-login.php?redirect_to=https%3A%2F%2Fwordpress.futurism.com%2Fimages%2Ftraveling-near-the-speed-of-light-infographic&reauth=1
https://wordpress.futurism.com/images/the-difference-between-a-hydrogen-bomb-and-an-atom-bomb,https://wordpress.futurism.com/wp/wp-login.php?redirect_to=https%3A%2F%2Fwordpress.futurism.com%2Fimages%2Fthe-difference-between-a-hydrogen-bomb-and-an-atom-bomb&reauth=1
https://wordpress.futurism.com/images/7-technologies-super-soldiers-will-be-using-in-future-warfare,https://wordpress.futurism.com/wp/wp-login.php?redirect_to=https%3A%2F%2Fwordpress.futurism.com%2Fimages%2F7-technologies-super-soldiers-will-be-using-in-future-warfare&reauth=1
https://wordpress.futurism.com/images/spacemissions,https://wordpress.futurism.com/wp/wp-login.php?redirect_to=https%3A%2F%2Fwordpress.futurism.com%2Fimages%2Fspacemissions&reauth=1
https://wordpress.futurism.com/images/countries-with-the-fastest-internet-connection,https://wordpress.futurism.com/wp/wp-login.php?redirect_to=https%3A%2F%2Fwordpress.futurism.com%2Fimages%2Fcountries-with-the-fastest-internet-connection&reauth=1
https://wordpress.futurism.com/images/space-junk-pollution-problem-tomorrow,https://wordpress.futurism.com/wp/wp-login.php?redirect_to=https%3A%2F%2Fwordpress.futurism.com%2Fimages%2Fspace-junk-pollution-problem-tomorrow&reauth=1
https://wordpress.futurism.com/images/the-tech-giants-that-spend-the-most-on-research-and-development,https://wordpress.futurism.com/wp/wp-login.php?redirect_to=https%3A%2F%2Fwordpress.futurism.com%2Fimages%2Fthe-tech-giants-that-spend-the-most-on-research-and-development&reauth=1
https://wordpress.futurism.com/images/skyscraper-concepts-towers-of-tomorrow,https://wordpress.futurism.com/wp/wp-login.php?redirect_to=https%3A%2F%2Fwordpress.futurism.com%2Fimages%2Fskyscraper-concepts-towers-of-tomorrow&reauth=1
https://wordpress.futurism.com/images/8-everyday-items-reinvented-technology,https://wordpress.futurism.com/wp/wp-login.php?redirect_to=https%3A%2F%2Fwordpress.futurism.com%2Fimages%2F8-everyday-items-reinvented-technology&reauth=1
https://wordpress.futurism.com/images/top-10-humanoid-robots,https://wordpress.futurism.com/wp/wp-login.php?redirect_to=https%3A%2F%2Fwordpress.futurism.com%2Fimages%2Ftop-10-humanoid-robots&reauth=1
https://wordpress.futurism.com/images/benefitsofdrones,https://wordpress.futurism.com/wp/wp-login.php?redirect_to=https%3A%2F%2Fwordpress.futurism.com%2Fimages%2Fbenefitsofdrones&reauth=1
https://wordpress.futurism.com/images/our-greatest-innovators-are-working-to-extend-human-life-heres-how,https://wordpress.futurism.com/wp/wp-login.php?redirect_to=https%3A%2F%2Fwordpress.futurism.com%2Fimages%2Four-greatest-innovators-are-working-to-extend-human-life-heres-how&reauth=1
https://wordpress.futurism.com/images/the-worst-bug-bites-in-the-world-infographic,https://wordpress.futurism.com/wp/wp-login.php?redirect_to=https%3A%2F%2Fwordpress.futurism.com%2Fimages%2Fthe-worst-bug-bites-in-the-world-infographic&reauth=1
https://wordpress.futurism.com/images/habitable-planets,https://wordpress.futurism.com/wp/wp-login.php?redirect_to=https%3A%2F%2Fwordpress.futurism.com%2Fimages%2Fhabitable-planets&reauth=1
https://wordpress.futurism.com/?post_type=image&p=37832,https://wordpress.futurism.com/wp/wp-login.php?redirect_to=https%3A%2F%2Fwordpress.futurism.com%2F&reauth=1
https://wordpress.futurism.com/images/next-gen-gmos,https://wordpress.futurism.com/wp/wp-login.php?redirect_to=https%3A%2F%2Fwordpress.futurism.com%2Fimages%2Fnext-gen-gmos&reauth=1
https://wordpress.futurism.com/images/heres-nasa-think-martian-homes-will-look-like,https://wordpress.futurism.com/wp/wp-login.php?redirect_to=https%3A%2F%2Fwordpress.futurism.com%2Fimages%2Fheres-nasa-think-martian-homes-will-look-like&reauth=1
https://wordpress.futurism.com/images/dubai-city-of-the-future-infographic,https://wordpress.futurism.com/wp/wp-login.php?redirect_to=https%3A%2F%2Fwordpress.futurism.com%2Fimages%2Fdubai-city-of-the-future-infographic&reauth=1
https://wordpress.futurism.com/images/30-oculus-rift-games-launching-day-one,https://wordpress.futurism.com/wp/wp-login.php?redirect_to=https%3A%2F%2Fwordpress.futurism.com%2Fimages%2F30-oculus-rift-games-launching-day-one&reauth=1
https://wordpress.futurism.com/images/cubesats-latest-evolution-space-exploration,https://wordpress.futurism.com/wp/wp-login.php?redirect_to=https%3A%2F%2Fwordpress.futurism.com%2Fimages%2Fcubesats-latest-evolution-space-exploration&reauth=1
https://wordpress.futurism.com/images/will-popular-jobs-future,https://wordpress.futurism.com/wp/wp-login.php?redirect_to=https%3A%2F%2Fwordpress.futurism.com%2Fimages%2Fwill-popular-jobs-future&reauth=1
https://wordpress.futurism.com/images/coolest-stem-toys-and-gadgets-of-2016,https://wordpress.futurism.com/wp/wp-login.php?redirect_to=https%3A%2F%2Fwordpress.futurism.com%2Fimages%2Fcoolest-stem-toys-and-gadgets-of-2016&reauth=1
https://wordpress.futurism.com/images/largest-galaxy-known-universe,https://wordpress.futurism.com/wp/wp-login.php?redirect_to=https%3A%2F%2Fwordpress.futurism.com%2Fimages%2Flargest-galaxy-known-universe&reauth=1
https://wordpress.futurism.com/images/the-futurism-guide-to-cosmic-explosions-infographic,https://wordpress.futurism.com/wp/wp-login.php?redirect_to=https%3A%2F%2Fwordpress.futurism.com%2Fimages%2Fthe-futurism-guide-to-cosmic-explosions-infographic&reauth=1
https://wordpress.futurism.com/images/saturns-rings,https://wordpress.futurism.com/wp/wp-login.php?redirect_to=https%3A%2F%2Fwordpress.futurism.com%2Fimages%2Fsaturns-rings&reauth=1
https://wordpress.futurism.com/images/a-tour-of-the-solar-neighborhood-infographic,https://wordpress.futurism.com/wp/wp-login.php?redirect_to=https%3A%2F%2Fwordpress.futurism.com%2Fimages%2Fa-tour-of-the-solar-neighborhood-infographic&reauth=1
https://wordpress.futurism.com/images/this-week-in-science-june-28th-july-5th-2015,https://wordpress.futurism.com/wp/wp-login.php?redirect_to=https%3A%2F%2Fwordpress.futurism.com%2Fimages%2Fthis-week-in-science-june-28th-july-5th-2015&reauth=1
https://wordpress.futurism.com/images/the-evolution-of-robots-comic,https://wordpress.futurism.com/wp/wp-login.php?redirect_to=https%3A%2F%2Fwordpress.futurism.com%2Fimages%2Fthe-evolution-of-robots-comic&reauth=1
https://wordpress.futurism.com/images/future-energy-check-worlds-largest-floating-solar-farm,https://wordpress.futurism.com/wp/wp-login.php?redirect_to=https%3A%2F%2Fwordpress.futurism.com%2Fimages%2Ffuture-energy-check-worlds-largest-floating-solar-farm&reauth=1
https://wordpress.futurism.com/images/hubble-space-telescope-highlight-reel,https://wordpress.futurism.com/wp/wp-login.php?redirect_to=https%3A%2F%2Fwordpress.futurism.com%2Fimages%2Fhubble-space-telescope-highlight-reel&reauth=1
https://wordpress.futurism.com/images/x-ray-navigation,https://wordpress.futurism.com/wp/wp-login.php?redirect_to=https%3A%2F%2Fwordpress.futurism.com%2Fimages%2Fx-ray-navigation&reauth=1
https://wordpress.futurism.com/images/20678,https://wordpress.futurism.com/wp/wp-login.php?redirect_to=https%3A%2F%2Fwordpress.futurism.com%2Fimages%2F20678&reauth=1
https://wordpress.futurism.com/images/will-climate-change-turn-earth-into-venus,https://wordpress.futurism.com/wp/wp-login.php?redirect_to=https%3A%2F%2Fwordpress.futurism.com%2Fimages%2Fwill-climate-change-turn-earth-into-venus&reauth=1
https://wordpress.futurism.com/images/xenotransplantation,https://wordpress.futurism.com/wp/wp-login.php?redirect_to=https%3A%2F%2Fwordpress.futurism.com%2Fimages%2Fxenotransplantation&reauth=1
https://wordpress.futurism.com/images/sci-tech-priorities-in-chinas-latest-five-year-plan,https://wordpress.futurism.com/wp/wp-login.php?redirect_to=https%3A%2F%2Fwordpress.futurism.com%2Fimages%2Fsci-tech-priorities-in-chinas-latest-five-year-plan&reauth=1
https://wordpress.futurism.com/images/the-straddling-bus-chinas-futuristic-transport-system-infographic,https://wordpress.futurism.com/wp/wp-login.php?redirect_to=https%3A%2F%2Fwordpress.futurism.com%2Fimages%2Fthe-straddling-bus-chinas-futuristic-transport-system-infographic&reauth=1
https://wordpress.futurism.com/wp-admin/post.php?post=138438&action=edit,https://wordpress.futurism.com/wp/wp-login.php?redirect_to=https%3A%2F%2Fwordpress.futurism.com%2F&reauth=1
https://wordpress.futurism.com/images/future-fashion-3d-printed-clothing,https://wordpress.futurism.com/wp/wp-login.php?redirect_to=https%3A%2F%2Fwordpress.futurism.com%2Fimages%2Ffuture-fashion-3d-printed-clothing&reauth=1
https://wordpress.futurism.com/images/flying-on-wings-of-plasma-infographic,https://wordpress.futurism.com/wp/wp-login.php?redirect_to=https%3A%2F%2Fwordpress.futurism.com%2Fimages%2Fflying-on-wings-of-plasma-infographic&reauth=1
https://wordpress.futurism.com/images/meet-worlds-talented-robot-artists,https://wordpress.futurism.com/wp/wp-login.php?redirect_to=https%3A%2F%2Fwordpress.futurism.com%2Fimages%2Fmeet-worlds-talented-robot-artists&reauth=1
https://wordpress.futurism.com/images/want-to-be-a-robotics-engineer-heres-what-youll-need,https://wordpress.futurism.com/wp/wp-login.php?redirect_to=https%3A%2F%2Fwordpress.futurism.com%2Fimages%2Fwant-to-be-a-robotics-engineer-heres-what-youll-need&reauth=1
https://wordpress.futurism.com/images/all-about-cryogenics-infographic,https://wordpress.futurism.com/wp/wp-login.php?redirect_to=https%3A%2F%2Fwordpress.futurism.com%2Fimages%2Fall-about-cryogenics-infographic&reauth=1
https://wordpress.futurism.com/images/turning-waste-water-omni-processor-works,https://wordpress.futurism.com/wp/wp-login.php?redirect_to=https%3A%2F%2Fwordpress.futurism.com%2Fimages%2Fturning-waste-water-omni-processor-works&reauth=1
https://wordpress.futurism.com/images/moon-phases-and-phenomena-infographic,https://wordpress.futurism.com/wp/wp-login.php?redirect_to=https%3A%2F%2Fwordpress.futurism.com%2Fimages%2Fmoon-phases-and-phenomena-infographic&reauth=1
https://wordpress.futurism.com/images/high-tech-transports-future-ships,https://wordpress.futurism.com/wp/wp-login.php?redirect_to=https%3A%2F%2Fwordpress.futurism.com%2Fimages%2Fhigh-tech-transports-future-ships&reauth=1
https://wordpress.futurism.com/images/past-and-present-technology-then-and-now-infographic,https://wordpress.futurism.com/wp/wp-login.php?redirect_to=https%3A%2F%2Fwordpress.futurism.com%2Fimages%2Fpast-and-present-technology-then-and-now-infographic&reauth=1
https://wordpress.futurism.com/images/2116-a-look-into-the-future-samsung-infographic,https://wordpress.futurism.com/wp/wp-login.php?redirect_to=https%3A%2F%2Fwordpress.futurism.com%2Fimages%2F2116-a-look-into-the-future-samsung-infographic&reauth=1
