source;target;code
https://www.bobvila.com/articles/best-space-heater-for-bedroom/;https://www.bobvila.com/articles/best-space-heater/;301
https://www.bobvila.com/articles/53-quick-tip-solar-hot-water-systems-save-money/;https://www.bobvila.com/articles/types-of-water-heaters/;301
https://www.bobvila.com/articles/how-to-install-a-pullout-organizer/;https://www.bobvila.com/articles/cost-to-install-pullout-shelves-in-kitchen-cabinets/;301
https://www.bobvila.com/articles/best-indoor-security-camera/;https://www.bobvila.com/articles/best-outdoor-security-camera/;301
https://www.bobvila.com/articles/best-diy-security-system/;https://www.bobvila.com/articles/best-home-security-systems/;301
https://www.bobvila.com/articles/does-homeowners-insurance-cover-mold/;https://www.bobvila.com/articles/what-does-homeowners-insurance-cover/;301
https://www.bobvila.com/articles/best-tool-belt-suspenders/;https://www.bobvila.com/articles/best-tool-belt/;301
https://www.bobvila.com/articles/best-bee-removal-services/;https://www.bobvila.com/articles/best-pest-control-companies/;301
https://www.bobvila.com/articles/does-homeowners-insurance-cover-fences/;https://www.bobvila.com/articles/what-does-homeowners-insurance-cover/;301
https://www.bobvila.com/articles/1066-cold-masonry-and-brick-chisels/;;410
https://www.bobvila.com/slideshow/8-first-aid-supplies-you-can-grow-at-home-50263/;;410
https://www.bobvila.com/slideshow/the-morning-after-13-lifesaving-party-cleanup-tips-46712/;https://www.bobvila.com/slideshow/20-crazy-cleaning-tips-that-actually-work-52423/;301
https://www.bobvila.com/articles/frontpoint-vs-adt/;https://www.bobvila.com/articles/best-home-security-systems/;301
https://www.bobvila.com/articles/how-to-wash-a-weighted-blanket/;https://www.bobvila.com/articles/how-to-do-laundry/;301
https://www.bobvila.com/articles/home-depot-snowstorm-essentials/;https://www.bobvila.com/slideshow/expecting-snow-do-these-7-things-asap-51638/;301
https://www.bobvila.com/articles/how-to-sew-your-own-stuff/;https://www.bobvila.com/articles/how-to-sew-by-hand/;301
https://www.bobvila.com/articles/does-homeowners-insurance-cover-theft/;https://www.bobvila.com/articles/what-does-homeowners-insurance-cover/;301
https://www.bobvila.com/articles/types-of-coffee-makers/;https://www.bobvila.com/slideshow/10-things-a-coffee-maker-can-do-besides-brew-coffee-51304/;301
https://www.bobvila.com/articles/frontpoint-vs-simplisafe/;https://www.bobvila.com/articles/best-home-security-systems/;301
https://www.bobvila.com/articles/types-of-loans-for-a-home/;https://www.bobvila.com/articles/types-of-home-improvement-loans/;301
https://www.bobvila.com/articles/what-to-know-before-flipping-a-house/;https://www.bobvila.com/articles/how-to-flip-a-house/;301
https://www.bobvila.com/articles/how-to-clean-a-blender/;https://www.bobvila.com/slideshow/20-crazy-cleaning-tips-that-actually-work-52423/;301
https://www.bobvila.com/articles/best-tile-floor-installation-services/;https://www.bobvila.com/articles/best-flooring-companies/;301
https://www.bobvila.com/articles/usaa-home-warranty/;https://www.bobvila.com/articles/best-home-warranty-companies/;301
https://www.bobvila.com/articles/mayflower-moving-reviews/;https://www.bobvila.com/articles/best-moving-companies/;301
https://www.bobvila.com/articles/does-homeowners-insurance-cover-earthquakes/;https://www.bobvila.com/articles/what-does-homeowners-insurance-cover/;301
https://www.bobvila.com/articles/how-to-clean-a-waffle-maker/;https://www.bobvila.com/slideshow/20-crazy-cleaning-tips-that-actually-work-52423/;301
https://www.bobvila.com/articles/what-is-a-duvet-cover/;;410
https://www.bobvila.com/articles/can-florida-condo-insurance-exclude-water-damage/;https://www.bobvila.com/articles/what-does-homeowners-insurance-cover/;301
https://www.bobvila.com/articles/vivint-vs-ring/;https://www.bobvila.com/articles/best-home-security-systems/;301
https://www.bobvila.com/articles/best-airbnbs-in-myrtle-beach/;https://www.bobvila.com/slideshow/love-old-houses-these-are-the-15-airbnbs-for-you-51937/;301
https://www.bobvila.com/articles/american-home-shield-vs-choice-warranty/;https://www.bobvila.com/articles/best-home-warranty-companies/;301
https://www.bobvila.com/articles/best-ev-charger-installers/;https://www.bobvila.com/articles/cost-to-install-ev-charger-at-home/;301
https://www.bobvila.com/articles/best-insurance-for-lawn-care-businesses/;https://www.bobvila.com/articles/how-to-start-a-lawn-care-business/;301
https://www.bobvila.com/articles/home-security-cost/;https://www.bobvila.com/articles/are-home-security-systems-worth-it/;301
https://www.bobvila.com/articles/choice-home-warranty-review/;https://www.bobvila.com/articles/best-home-warranty-companies/;301
https://www.bobvila.com/slideshow/how-to-clean-everything-41401/;https://www.bobvila.com/slideshow/20-crazy-cleaning-tips-that-actually-work-52423/;301
https://www.bobvila.com/articles/is-earthquake-insurance-worth-it/;https://www.bobvila.com/articles/what-does-homeowners-insurance-cover/;301
https://www.bobvila.com/articles/best-earthquake-insurance-companies/;https://www.bobvila.com/articles/best-homeowners-insurance/;301
https://www.bobvila.com/articles/best-laminate-flooring-installers/;https://www.bobvila.com/articles/best-flooring-companies/;301
https://www.bobvila.com/articles/best-earthquake-insurance-california/;https://www.bobvila.com/articles/best-homeowners-insurance/;301
https://www.bobvila.com/articles/how-to-clean-an-air-fryer/;https://www.bobvila.com/slideshow/20-crazy-cleaning-tips-that-actually-work-52423/;301
https://www.bobvila.com/articles/how-to-clean-a-pizza-stone/;https://www.bobvila.com/slideshow/20-crazy-cleaning-tips-that-actually-work-52423/;301
https://www.bobvila.com/articles/how-to-clean-a-fish-tank/;https://www.bobvila.com/slideshow/20-crazy-cleaning-tips-that-actually-work-52423/;301
https://www.bobvila.com/articles/how-to-become-a-house-cleaner/;https://www.bobvila.com/articles/how-to-start-a-handyman-business/;301
https://www.bobvila.com/articles/how-does-simplisafe-work/;https://www.bobvila.com/articles/best-home-security-systems/;301
https://www.bobvila.com/articles/indoor-air-quality-myths/;https://www.bobvila.com/articles/how-to-test-air-quality-in-your-home/;301
https://www.bobvila.com/articles/cove-vs-simplisafe/;https://www.bobvila.com/articles/best-home-security-systems/;301
https://www.bobvila.com/articles/how-to-wash-an-electric-blanket/;https://www.bobvila.com/articles/how-to-do-laundry/;301
https://www.bobvila.com/articles/does-vivint-work-with-alexa/;https://www.bobvila.com/articles/best-home-security-systems/;301
https://www.bobvila.com/articles/best-home-warranty-roof/;https://www.bobvila.com/articles/best-home-warranty-companies/;301
https://www.bobvila.com/articles/do-you-need-a-business-license-to-sell-on-etsy/;https://www.bobvila.com/articles/selling-apps/;301
https://www.bobvila.com/articles/how-to-clean-jewelry/;https://www.bobvila.com/slideshow/20-crazy-cleaning-tips-that-actually-work-52423/;301
https://www.bobvila.com/articles/simplisafe-vs-adt/;https://www.bobvila.com/articles/best-home-security-systems/;301
https://www.bobvila.com/articles/how-to-sew-curtains/;https://www.bobvila.com/articles/how-to-sew-by-hand/;301
https://www.bobvila.com/articles/u-haul-vs-home-depot-truck-rental/;https://www.bobvila.com/articles/best-moving-truck-rental-companies/;301
https://www.bobvila.com/articles/who-pays-for-a-home-warranty-buyer-or-seller/;https://www.bobvila.com/articles/what-is-a-home-warranty/;301
https://www.bobvila.com/articles/simplisafe-vs-ring/;https://www.bobvila.com/articles/best-home-security-systems/;301
https://www.bobvila.com/slideshow/what-it-was-like-inside-the-homes-of-the-pilgrims-52463/;;410
https://www.bobvila.com/articles/how-does-ring-work/;https://www.bobvila.com/articles/best-home-security-systems/;301
https://www.bobvila.com/articles/best-handyman-insurance-companies/;https://www.bobvila.com/articles/how-to-start-a-handyman-business/;301
https://www.bobvila.com/slideshow/the-15-best-factory-tours-in-america-52081/;;410
https://www.bobvila.com/articles/how-to-remove-sweat-stains/;https://www.bobvila.com/slideshow/20-crazy-cleaning-tips-that-actually-work-52423/;301
https://www.bobvila.com/slideshow/6-signs-you-need-a-new-furnace-50517/;https://www.bobvila.com/articles/how-long-does-a-furnace-last/;301
https://www.bobvila.com/articles/best-bed-bug-exterminators/;https://www.bobvila.com/articles/best-pest-control-companies/;301
https://www.bobvila.com/articles/products-that-kill-rsv/;https://www.bobvila.com/articles/best-products-to-streamline-cleaning/;301
https://www.bobvila.com/articles/does-homeowners-insurance-cover-tree-removal/;https://www.bobvila.com/articles/what-does-homeowners-insurance-cover/;301
https://www.bobvila.com/articles/piano-removal-cost/;https://www.bobvila.com/articles/how-much-does-it-cost-to-move-a-piano/;301
https://www.bobvila.com/articles/how-to-flip-houses-with-no-money/;https://www.bobvila.com/articles/how-to-flip-a-house/;301
https://www.bobvila.com/slideshow/10-iconic-baseball-stadiums-worth-a-roadtrip-to-see-47780/;;410
https://www.bobvila.com/articles/brinks-vs-adt/;https://www.bobvila.com/articles/best-home-security-systems/;301
https://www.bobvila.com/articles/how-to-clean-nespresso-machine/;https://www.bobvila.com/articles/how-to-descale-a-keurig/;301
https://www.bobvila.com/articles/adt-vs-ring/;https://www.bobvila.com/articles/best-home-security-systems/;301
https://www.bobvila.com/articles/does-home-warranty-cover-plumbing/;https://www.bobvila.com/articles/what-is-a-home-warranty/;301
https://www.bobvila.com/articles/best-replacement-window-companies-in-ohio/;https://www.bobvila.com/articles/best-window-replacement-companies/;301
https://www.bobvila.com/articles/how-much-does-it-cost-to-flip-a-house/;https://www.bobvila.com/articles/how-to-flip-a-house/;301
https://www.bobvila.com/slideshow/10-genius-carry-on-items-to-bring-for-a-better-flight-51870/;;410
https://www.bobvila.com/articles/penske-vs-uhaul/;https://www.bobvila.com/articles/best-moving-truck-rental-companies/;301
https://www.bobvila.com/articles/does-home-warranty-cover-water-damage/;https://www.bobvila.com/articles/what-is-a-home-warranty/;301
https://www.bobvila.com/articles/best-moving-insurance-companies/;https://www.bobvila.com/articles/best-moving-companies/;301
https://www.bobvila.com/articles/how-to-become-a-journeyman-electrician/;https://www.bobvila.com/articles/how-to-become-an-electrician/;301
https://www.bobvila.com/articles/best-home-warranty-for-hvac/;https://www.bobvila.com/articles/best-home-warranty-companies/;301
https://www.bobvila.com/articles/always-pan-dupe/;https://www.bobvila.com/articles/best-cookware-brands/;301
https://www.bobvila.com/articles/does-homeowners-insurance-cover-plumbing/;https://www.bobvila.com/articles/what-does-homeowners-insurance-cover/;301
https://www.bobvila.com/articles/does-homeowners-insurance-cover-water-damage-from-rain/;https://www.bobvila.com/articles/what-does-homeowners-insurance-cover/;301
https://www.bobvila.com/articles/how-to-clean-smelly-shoes/;https://www.bobvila.com/articles/how-to-wash-shoes-in-washing-machine/;301
https://www.bobvila.com/articles/best-rv-rental-companies/;;410
https://www.bobvila.com/slideshow/8-pantry-pests-that-may-be-invading-your-food-stash-577643/;https://www.bobvila.com/articles/how-to-get-rid-of-pantry-moths/;301
https://www.bobvila.com/articles/does-homeowners-insurance-cover-foundation-issues/;https://www.bobvila.com/articles/what-does-homeowners-insurance-cover/;301
https://www.bobvila.com/articles/best-dryer-vent-cleaning-services/;https://www.bobvila.com/articles/who-cleans-dryer-vents/;301
https://www.bobvila.com/articles/does-rv-insurance-cover-water-damage/;https://www.bobvila.com/articles/what-does-homeowners-insurance-cover/;301
https://www.bobvila.com/articles/how-to-sew-a-zipper/;https://www.bobvila.com/articles/how-to-sew-by-hand/;301
https://www.bobvila.com/articles/terrazzo-flooring-cost/;https://www.bobvila.com/articles/terrazzo-floors/;301
https://www.bobvila.com/articles/adt-cost/;https://www.bobvila.com/articles/are-home-security-systems-worth-it/;301
https://www.bobvila.com/articles/best-online-plumbing-courses/;https://www.bobvila.com/articles/how-to-become-a-plumber/;301
https://www.bobvila.com/articles/best-vinyl-for-cricut/;https://www.bobvila.com/articles/what-does-a-cricut-do/;301
https://www.bobvila.com/articles/larceny-vs-theft/;https://www.bobvila.com/articles/my-house-was-broken-into/;301
https://www.bobvila.com/articles/best-bed-rails-for-seniors/;https://www.bobvila.com/articles/aging-in-place-design-tips/;301
https://www.bobvila.com/articles/home-warranty-for-rental-property/;https://www.bobvila.com/articles/home-warranty-worth-it/;301
https://www.bobvila.com/articles/chimney-removal-cost/;https://www.bobvila.com/articles/chimney-repair-cost/;301
https://www.bobvila.com/articles/indoor-pool-cost/;https://www.bobvila.com/articles/how-much-does-it-cost-to-build-a-pool/;301
https://www.bobvila.com/articles/simplisafe-monthly-cost/;https://www.bobvila.com/articles/best-home-security-systems/;301
https://www.bobvila.com/articles/crawl-space-cleaning-cost/;https://www.bobvila.com/articles/deep-cleaning-house-cost/;301
https://www.bobvila.com/articles/attic-cleaning-cost/;https://www.bobvila.com/articles/deep-cleaning-house-cost/;301
https://www.bobvila.com/articles/best-laundry-delivery-services/;;410
https://www.bobvila.com/articles/quicken-loans-vs-rocket-mortgage/;https://www.bobvila.com/articles/how-to-get-a-mortgage/;301
https://www.bobvila.com/articles/does-homeowners-insurance-cover-roof-leaks/;https://www.bobvila.com/articles/what-does-homeowners-insurance-cover/;301
https://www.bobvila.com/slideshow/the-25-most-beautiful-libraries-in-america-52707/;;410
https://www.bobvila.com/articles/glass-garage-door-cost/;https://www.bobvila.com/articles/how-to-choose-a-garage-door/;301
https://www.bobvila.com/articles/garage-heater-installation-cost/;https://www.bobvila.com/articles/heating-the-garage/;301
https://www.bobvila.com/articles/arlo-vs-simplisafe/;https://www.bobvila.com/articles/best-home-security-systems/;301
https://www.bobvila.com/articles/chicken-coop-cost/;https://www.bobvila.com/diy/how-to-build-a-chicken-coop/;301
https://www.bobvila.com/articles/pool-house-cost/;https://www.bobvila.com/articles/home-addition-cost/;301
https://www.bobvila.com/articles/best-wax-warmer/;https://www.bobvila.com/slideshow/11-super-simple-ways-to-make-your-house-smell-fresh-49459/;301
https://www.bobvila.com/articles/how-to-clean-soda-maker/;https://www.bobvila.com/slideshow/20-crazy-cleaning-tips-that-actually-work-52423/;301
https://www.bobvila.com/articles/best-air-filter-subscription/;https://www.bobvila.com/articles/how-often-to-change-a-furnace-filter/;301
https://www.bobvila.com/articles/cost-to-paint-trim/;https://www.bobvila.com/articles/cost-to-paint-a-room/;301
https://www.bobvila.com/articles/plumbing-school-cost/;https://www.bobvila.com/articles/how-to-become-a-plumber/;301
https://www.bobvila.com/articles/where-to-find-crystals/;;410
https://www.bobvila.com/articles/does-homeowners-insurance-cover-frozen-pipes/;https://www.bobvila.com/articles/what-does-homeowners-insurance-cover/;301
https://www.bobvila.com/articles/how-to-change-transmission-fluid/;https://www.bobvila.com/slideshow/13-hacks-every-car-owner-should-know-51138/;301
https://www.bobvila.com/articles/rv-water-damage-repair-costs/;https://www.bobvila.com/articles/water-damage-restoration-cost/;301
https://www.bobvila.com/articles/bowing-basement-wall-repair-cost/;https://www.bobvila.com/articles/foundation-repair-cost/;301
https://www.bobvila.com/articles/how-to-sew-a-button/;https://www.bobvila.com/articles/how-to-sew-by-hand/;301
https://www.bobvila.com/slideshow/7-easy-ways-to-make-your-next-diy-project-less-messy-51993/;https://www.bobvila.com/slideshow/35-tips-for-easy-cleanup-after-every-diy-project-52827/;301
https://www.bobvila.com/articles/best-foreclosure-sites/;https://www.bobvila.com/articles/home-buying-websites/;301
https://www.bobvila.com/articles/cocktail-pool-cost/;https://www.bobvila.com/articles/inground-pool-cost/;301
https://www.bobvila.com/articles/standing-seam-metal-roof-cost/;https://www.bobvila.com/articles/metal-roof-cost/;301
https://www.bobvila.com/articles/who-installs-grab-bars-for-seniors/;https://www.bobvila.com/articles/aging-in-place-design-tips/;301
https://www.bobvila.com/articles/diy-bike-rack/;https://www.bobvila.com/slideshow/15-clever-bicycle-storage-ideas-for-any-space-578346/;301
https://www.bobvila.com/articles/salt-water-pool-cost/;https://www.bobvila.com/articles/saltwater-pool/;301
https://www.bobvila.com/articles/simplisafe-vs-nest/;https://www.bobvila.com/articles/best-home-security-systems/;301
https://www.bobvila.com/articles/1-800-pack-rat-vs-pods/;https://www.bobvila.com/articles/best-moving-container-companies/;301
https://www.bobvila.com/articles/pods-vs-u-haul/;https://www.bobvila.com/articles/best-moving-container-companies/;301
https://www.bobvila.com/articles/best-apartment-security-systems/;https://www.bobvila.com/articles/best-home-security-systems/;301
https://www.bobvila.com/articles/landlord-insurance-cost/;https://www.bobvila.com/articles/landlord-insurance-vs-homeowners-insurance/;301
https://www.bobvila.com/articles/best-rental-listing-sites/;https://www.bobvila.com/articles/home-buying-websites/;301
https://www.bobvila.com/articles/cost-of-landscaping-rocks/;https://www.bobvila.com/articles/types-of-landscaping-rocks/;301
https://www.bobvila.com/articles/how-to-restart-a-router/;https://www.bobvila.com/articles/how-to-be-your-own-tech-support/;301
https://www.bobvila.com/articles/insulated-garage-door-cost/;https://www.bobvila.com/articles/garage-door-replacement-cost/;301
https://www.bobvila.com/articles/steadily-insurance-reviews/;https://www.bobvila.com/articles/best-homeowners-insurance/;301
https://www.bobvila.com/slideshow/35-places-in-america-that-look-like-foreign-countries-52481/;;410
https://www.bobvila.com/articles/when-to-use-glass-metal-ceramic-bakeware/;;410
https://www.bobvila.com/articles/how-to-clean-computer-screen/;https://www.bobvila.com/articles/how-to-clean-electronics/;301
https://www.bobvila.com/articles/laundry-jet-cost/;https://www.bobvila.com/articles/laundry-chute/;301
https://www.bobvila.com/articles/window-prices/;https://www.bobvila.com/articles/window-replacement-cost/;301
https://www.bobvila.com/articles/best-way-to-clean-leather-car-seats/;https://www.bobvila.com/articles/how-to-clean-leather-furniture/;301
https://www.bobvila.com/articles/how-much-do-blinds-cost/;https://www.bobvila.com/articles/best-places-to-buy-blinds-online/;301
https://www.bobvila.com/articles/low-cost-chicken-coops/;https://www.bobvila.com/articles/chicken-coop-plans/;301
https://www.bobvila.com/articles/best-online-welding-courses/;https://www.bobvila.com/articles/how-to-become-a-welder/;301
https://www.bobvila.com/articles/seamless-gutters-cost/;https://www.bobvila.com/articles/gutter-installation-cost/;301
https://www.bobvila.com/articles/does-homeowners-insurance-cover-pipes-that-burst/;https://www.bobvila.com/articles/what-does-homeowners-insurance-cover/;301
https://www.bobvila.com/articles/vivint-pricing/;https://www.bobvila.com/articles/best-home-security-systems/;301
https://www.bobvila.com/articles/fiberglass-pool-cost/;https://www.bobvila.com/articles/inground-pool-cost/;301
https://www.bobvila.com/articles/lap-pool-cost/;https://www.bobvila.com/articles/inground-pool-cost/;301
https://www.bobvila.com/articles/best-vanity-lighting/;https://www.bobvila.com/articles/best-bathroom-lighting/;301
https://www.bobvila.com/articles/does-home-insurance-cover-roof/;https://www.bobvila.com/articles/what-does-homeowners-insurance-cover/;301
https://www.bobvila.com/articles/invisible-fence-cost/;https://www.bobvila.com/articles/fence-installation-cost/;301
https://www.bobvila.com/articles/best-mortgage-protection-insurance/;https://www.bobvila.com/articles/types-of-homeowners-insurance/;301
https://www.bobvila.com/articles/masterclass-review/;;410
https://www.bobvila.com/articles/how-to-darn-a-sock/;https://www.bobvila.com/articles/how-to-sew-a-hole/;301
https://www.bobvila.com/articles/how-to-sew-on-a-patch/;https://www.bobvila.com/articles/how-to-sew-by-hand/;301
https://www.bobvila.com/articles/can-you-buy-land-with-a-va-loan/;https://www.bobvila.com/articles/buying-land-to-build-a-house/;301
https://www.bobvila.com/articles/does-homeowners-insurance-cover-solar-panels/;https://www.bobvila.com/articles/what-does-homeowners-insurance-cover/;301
https://www.bobvila.com/articles/how-much-is-welding-school/;https://www.bobvila.com/articles/how-to-become-a-welder/;301
https://www.bobvila.com/articles/can-tenant-install-security-system-without-landlord-permission/;;410
https://www.bobvila.com/articles/what-license-do-i-need-to-start-a-welding-business/;https://www.bobvila.com/articles/how-to-become-a-welder/;301
https://www.bobvila.com/articles/1074-scrapers/;https://www.bobvila.com/articles/how-to-choose-the-right-scraper/;301
https://www.bobvila.com/articles/diy-security-system/;https://www.bobvila.com/articles/best-home-security-systems/;301
https://www.bobvila.com/articles/best-electric-scissors/;https://www.bobvila.com/articles/best-scissors/;301
https://www.bobvila.com/articles/best-microfiber-mop/;https://www.bobvila.com/articles/best-dust-mop/;301
https://www.bobvila.com/articles/best-alkaline-water-filter-pitcher/;https://www.bobvila.com/articles/best-water-filter/;301
https://www.bobvila.com/slideshow/welcome-home-11-fresh-ways-to-spruce-up-your-front-door-50997/;https://www.bobvila.com/slideshow/10-welcoming-front-door-paint-colors-46830/;301
https://www.bobvila.com/articles/2327-how-to-install-ceramic-tile/;https://www.bobvila.com/articles/280-how-to-install-tile/;301
https://www.bobvila.com/articles/best-zero-voc-paint/;https://www.bobvila.com/articles/best-low-voc-paint/;301
https://www.bobvila.com/slideshow/make-your-bed-16-easy-diy-headboards-44410/;https://www.bobvila.com/slideshow/14-easy-ways-to-make-your-own-headboard-49510/;301
https://www.bobvila.com/articles/1202-nailing-techniques/;https://www.bobvila.com/articles/978-how-to-use-a-hammer/;301
https://www.bobvila.com/slideshow/10-stepping-stone-designs-to-elevate-your-garden-pathway-580288/;https://www.bobvila.com/slideshow/10-diy-step-stones-to-brighten-any-garden-walk-44658/;301
https://www.bobvila.com/articles/2024-drawing-a-workshop-floor-plan/;https://www.bobvila.com/articles/2023-the-ideal-workshop-layout/;301
https://www.bobvila.com/articles/best-dtc-furniture-brands/;https://www.bobvila.com/articles/best-furniture-brands/;301
https://www.bobvila.com/slideshow/on-the-waterfront-10-tiny-lake-houses-47635/;https://www.bobvila.com/slideshow/22-tiny-houses-we-love-33953/;301
https://www.bobvila.com/slideshow/9-inventive-ways-to-build-an-extra-bed-48341/;https://www.bobvila.com/slideshow/sweet-dreams-15-inventive-beds-you-can-make-yourself-45808/;301
https://www.bobvila.com/slideshow/our-25-favorite-tiny-houses-of-all-time-51679/;https://www.bobvila.com/slideshow/22-tiny-houses-we-love-33953/;301
https://www.bobvila.com/articles/gas-furnace-cost/;https://www.bobvila.com/articles/cost-of-new-furnace/;301
https://www.bobvila.com/articles/electric-furnace-cost/;https://www.bobvila.com/articles/cost-of-new-furnace/;301
https://www.bobvila.com/articles/best-construction-knee-pads/;https://www.bobvila.com/articles/best-knee-pads/;301
https://www.bobvila.com/articles/best-door-handles/;https://www.bobvila.com/articles/best-door-knobs/;301
https://www.bobvila.com/articles/best-portable-washing-machine/;https://www.bobvila.com/articles/best-washing-machine-brands/;301
https://www.bobvila.com/articles/best-japanese-knife-set/;https://www.bobvila.com/articles/best-kitchen-knife-brands/;301
https://www.bobvila.com/articles/best-cheese-slicer/;;410
https://www.bobvila.com/articles/best-mattress-in-a-box/;https://www.bobvila.com/articles/best-mattress-brands/;301
https://www.bobvila.com/articles/best-chinese-cleaver/;https://www.bobvila.com/articles/best-kitchen-knife-brands/;301
https://www.bobvila.com/articles/best-wood-cutting-board/;;410
https://www.bobvila.com/articles/best-touchless-vacuums/;https://www.bobvila.com/articles/best-robot-vacuum/;301
https://www.bobvila.com/articles/best-mattresses-for-back-pain/;https://www.bobvila.com/articles/best-mattress-brands/;301
https://www.bobvila.com/articles/best-stovetop-pressure-cooker/;https://www.bobvila.com/articles/best-cookware-brands/;301
https://www.bobvila.com/articles/best-grease-gun/;https://www.bobvila.com/articles/tools-for-diy-car-maintenance/;301
https://www.bobvila.com/articles/best-saute-pan/;https://www.bobvila.com/articles/best-cookware-brands/;301
https://www.bobvila.com/articles/best-outdoor-side-tables/;https://www.bobvila.com/articles/best-places-to-buy-patio-furniture/;301
https://www.bobvila.com/articles/best-lounge-chair/;https://www.bobvila.com/articles/best-places-to-buy-armchairs-accent-chairs/;301
https://www.bobvila.com/articles/best-drywall-stilts/;;410
https://www.bobvila.com/articles/best-low-profile-floor-jack/;https://www.bobvila.com/articles/tools-for-diy-car-maintenance/;301
https://www.bobvila.com/articles/best-precision-screwdriver-set/;https://www.bobvila.com/articles/best-screwdriver-set/;301
https://www.bobvila.com/articles/best-satin-sheets/;https://www.bobvila.com/articles/best-bed-sheets/;301
https://www.bobvila.com/articles/best-smart-smoke-detector/;https://www.bobvila.com/articles/best-smoke-detector/;301
https://www.bobvila.com/articles/best-countertop-dishwashers/;https://www.bobvila.com/articles/buyers-guide-best-dishwashers/;301
https://www.bobvila.com/articles/best-tiki-torch/;;410
https://www.bobvila.com/articles/best-outdoor-sectionals/;https://www.bobvila.com/articles/best-outdoor-furniture-brands/;301
https://www.bobvila.com/articles/best-kneeling-chair/;;410
https://www.bobvila.com/articles/best-airbrush-compressor/;https://www.bobvila.com/articles/best-portable-air-compressor/;301
https://www.bobvila.com/articles/best-bottom-freezer-refrigerator/;https://www.bobvila.com/articles/best-refrigerator-brands/;301
https://www.bobvila.com/articles/best-small-grill/;https://www.bobvila.com/articles/best-portable-grill/;301
https://www.bobvila.com/articles/best-copper-fire-pits/;https://www.bobvila.com/articles/best-fire-pit/;301
https://www.bobvila.com/articles/best-bike-rack/;https://www.bobvila.com/slideshow/15-clever-bicycle-storage-ideas-for-any-space-578346/;301
https://www.bobvila.com/articles/best-fire-pit-covers/;https://www.bobvila.com/articles/best-fire-pit-accessories/;301
https://www.bobvila.com/articles/best-air-purifier-for-wildfire-smoke/;https://www.bobvila.com/articles/best-air-purifiers/;301
https://www.bobvila.com/articles/popular-pool-floats/;https://www.bobvila.com/articles/best-pool-accessories/;301
https://www.bobvila.com/articles/best-moving-blanket/;https://www.bobvila.com/articles/moving-checklist/;301
https://www.bobvila.com/articles/best-beverage-fridge/;https://www.bobvila.com/articles/best-kitchen-appliance-brands/;301
https://www.bobvila.com/articles/popular-patio-furniture-sets/;https://www.bobvila.com/articles/best-places-to-buy-patio-furniture/;301
https://www.bobvila.com/articles/best-runner-rugs/;https://www.bobvila.com/articles/best-washable-rugs/;301
https://www.bobvila.com/articles/best-pool-toys/;https://www.bobvila.com/articles/best-pool-accessories/;301
https://www.bobvila.com/articles/best-l-shaped-desks/;https://www.bobvila.com/articles/best-places-to-buy-a-desk/;301
https://www.bobvila.com/articles/best-shower-mirror/;https://www.bobvila.com/articles/best-bathroom-mirror/;301
https://www.bobvila.com/articles/best-hot-tub-covers/;;410
https://www.bobvila.com/articles/best-moving-boxes/;https://www.bobvila.com/articles/best-place-to-buy-moving-boxes/;301
https://www.bobvila.com/articles/best-bedside-lamps/;https://www.bobvila.com/articles/best-online-lighting-stores/;301
https://www.bobvila.com/articles/best-portable-ice-makers/;https://www.bobvila.com/articles/best-ice-makers/;301
https://www.bobvila.com/articles/best-drill-presses/;https://www.bobvila.com/articles/best-benchtop-drill-press/;301
https://www.bobvila.com/articles/best-gun-safes/;https://www.bobvila.com/articles/best-home-safes/;301
https://www.bobvila.com/articles/best-parallel-clamps/;https://www.bobvila.com/articles/best-woodworking-clamps/;301
https://www.bobvila.com/articles/best-knives-for-cutting-meat/;https://www.bobvila.com/articles/best-kitchen-knife-brands/;301
https://www.bobvila.com/articles/best-smart-dimmer-switch/;https://www.bobvila.com/articles/best-dimmer-switch/;301
https://www.bobvila.com/articles/best-bed-risers/;;410
https://www.bobvila.com/articles/best-furniture-rental-companies/;https://www.bobvila.com/articles/best-online-furniture-stores/;301
https://www.bobvila.com/articles/best-outdoor-furniture-cover/;https://www.bobvila.com/diy/tasks-before-frost/;301
https://www.bobvila.com/articles/best-hand-towels/;https://www.bobvila.com/articles/best-towels-on-amazon/;301
https://www.bobvila.com/articles/best-carbon-steel-wok/;https://www.bobvila.com/articles/best-cookware-brands/;301
https://www.bobvila.com/articles/best-file-cabinet/;;410
https://www.bobvila.com/articles/best-wooden-spoons/;;410
https://www.bobvila.com/articles/best-welding-boots/;https://www.bobvila.com/articles/best-work-boots/;301
https://www.bobvila.com/articles/best-thermal-carafe-coffee-makers/;;410
https://www.bobvila.com/articles/best-trampoline/;https://www.bobvila.com/articles/best-backyard-games/;301
https://www.bobvila.com/articles/best-firewood-rack/;https://www.bobvila.com/articles/how-to-stack-firewood/;301
https://www.bobvila.com/articles/best-slipcovers/;https://www.bobvila.com/articles/10-diy-slipcovers/;301
https://www.bobvila.com/articles/best-yeti-products/;https://www.bobvila.com/articles/best-gifts-for-yeti-lovers/;301
https://www.bobvila.com/articles/best-jigsaw-blades/;https://www.bobvila.com/articles/best-jigsaw/;301
https://www.bobvila.com/articles/best-2-slice-toaster/;https://www.bobvila.com/articles/best-kitchen-appliance-brands/;301
https://www.bobvila.com/articles/best-splitting-maul/;https://www.bobvila.com/articles/best-axe-for-splitting-wood/;301
https://www.bobvila.com/articles/best-heated-socks/;https://www.bobvila.com/slideshow/the-50-best-products-for-surviving-winter-51844/;301
https://www.bobvila.com/articles/best-welding-clamps/;;410
https://www.bobvila.com/articles/best-lint-roller/;;410
https://www.bobvila.com/articles/best-velvet-hangers/;https://www.bobvila.com/articles/best-hangers/;301
https://www.bobvila.com/articles/best-rubber-mallet/;https://www.bobvila.com/articles/best-hammer/;301
https://www.bobvila.com/articles/best-washcloths/;https://www.bobvila.com/articles/best-microfiber-cloth/;301
https://www.bobvila.com/articles/best-curtains/;https://www.bobvila.com/articles/best-place-to-buy-curtains/;301
https://www.bobvila.com/articles/best-rotary-cutter/;;410
https://www.bobvila.com/articles/best-work-boots-for-electricians/;https://www.bobvila.com/articles/best-work-boots/;301
https://www.bobvila.com/articles/best-side-by-side-refrigerator/;https://www.bobvila.com/articles/best-refrigerator-brands/;301
https://www.bobvila.com/articles/best-coffee-percolators/;https://www.bobvila.com/articles/types-of-coffee-makers/;301
https://www.bobvila.com/articles/best-air-hockey-tables/;https://www.bobvila.com/slideshow/14-game-room-ideas-that-are-truly-impressive-578462/;301
https://www.bobvila.com/articles/best-deer-feeders/;;410
https://www.bobvila.com/articles/best-chalk-line/;;410
https://www.bobvila.com/articles/buyers-guide-best-refrigerators/;https://www.bobvila.com/articles/best-refrigerator-brands/;301
https://www.bobvila.com/articles/best-air-hammer/;https://www.bobvila.com/articles/1092-types-of-hammers/;301
https://www.bobvila.com/articles/best-dressers/;https://www.bobvila.com/articles/best-furniture-brands/;301
https://www.bobvila.com/articles/best-placemats/;;410
https://www.bobvila.com/articles/best-bedroom-fan/;https://www.bobvila.com/articles/best-quiet-fan/;301
https://www.bobvila.com/articles/best-router-lift/;https://www.bobvila.com/articles/best-wood-router/;301
https://www.bobvila.com/articles/best-knife-block/;https://www.bobvila.com/slideshow/15-smart-ways-to-store-the-kitchen-necessities-33794/;301
https://www.bobvila.com/articles/best-aluminum-floor-jack/;https://www.bobvila.com/articles/tools-for-diy-car-maintenance/;301
https://www.bobvila.com/articles/best-natural-laundry-detergent/;https://www.bobvila.com/articles/best-laundry-detergent/;301
https://www.bobvila.com/articles/best-cutting-board-for-meat/;;410
https://www.bobvila.com/articles/best-small-cooler/;https://www.bobvila.com/articles/best-coolers/;301
https://www.bobvila.com/articles/best-led-work-light/;https://www.bobvila.com/articles/best-work-light/;301
https://www.bobvila.com/articles/best-wall-sconces/;https://www.bobvila.com/articles/best-online-lighting-stores/;301
https://www.bobvila.com/articles/best-pants-hanger/;https://www.bobvila.com/articles/best-hangers/;301
https://www.bobvila.com/articles/best-fly-swatter/;https://www.bobvila.com/articles/how-to-get-rid-of-flies-in-the-house/;301
https://www.bobvila.com/articles/best-welding-jackets/;;410
https://www.bobvila.com/articles/best-impact-sockets/;https://www.bobvila.com/articles/best-socket-set/;301
https://www.bobvila.com/articles/best-bed-skirt/;;410
https://www.bobvila.com/articles/best-soap-dish/;;410
https://www.bobvila.com/articles/best-bean-bag-chairs/;https://www.bobvila.com/articles/types-of-chairs/;301
https://www.bobvila.com/articles/best-gardening-aprons/;;410
https://www.bobvila.com/articles/best-ice-pack-for-cooler/;;410
https://www.bobvila.com/articles/best-floor-chair/;;410
https://www.bobvila.com/articles/best-bungee-cords/;;410
https://www.bobvila.com/articles/best-sewing-machines-for-beginners/;;410
https://www.bobvila.com/articles/best-blender-food-processor-combo/;;410
https://www.bobvila.com/articles/best-grow-tents/;;410
https://www.bobvila.com/articles/best-fabric-shaver/;;410
https://www.bobvila.com/articles/best-fabric-paint/;;410
https://www.bobvila.com/articles/best-laminating-machine/;;410
https://www.bobvila.com/articles/best-drain-hair-catch/;https://www.bobvila.com/articles/best-shower-drain-hair-catcher/;301
https://www.bobvila.com/articles/comfortable-accent-chair/;https://www.bobvila.com/articles/best-places-to-buy-armchairs-accent-chairs/;301
https://www.bobvila.com/articles/best-couch-covers/;https://www.bobvila.com/slideshow/sofa-so-good-10-creative-ways-to-revive-a-tired-old-couch-49970/;301
https://www.bobvila.com/articles/best-microwave/;https://www.bobvila.com/articles/best-microwave-convection-oven/;301
https://www.bobvila.com/articles/best-mini-sewing-machine/;;410
https://www.bobvila.com/articles/best-respirator/;https://www.bobvila.com/articles/diy-projects-with-n95-mask/;301
https://www.bobvila.com/articles/best-hepa-vacuum/;https://www.bobvila.com/articles/best-vacuums/;301
https://www.bobvila.com/articles/best-shoe-protector-spray/;;410
https://www.bobvila.com/articles/best-sectionals-for-small-spaces/;https://www.bobvila.com/articles/best-couches-under-1000/;301
https://www.bobvila.com/articles/best-insulated-grocery-bag/;https://www.bobvila.com/articles/best-eco-friendly-products/;301
https://www.bobvila.com/articles/best-welding-gloves/;https://www.bobvila.com/articles/best-work-gloves/;301
https://www.bobvila.com/articles/best-cornhole-board/;https://www.bobvila.com/articles/best-backyard-games/;301
https://www.bobvila.com/articles/best-garden-arbors/;https://www.bobvila.com/slideshow/great-entrances-10-welcoming-garden-gates-47556/;301
https://www.bobvila.com/articles/best-concrete-saw/;https://www.bobvila.com/articles/how-to-cut-concrete/;301
https://www.bobvila.com/articles/best-work-boots-for-men/;https://www.bobvila.com/articles/best-work-boots/;301
https://www.bobvila.com/articles/best-water-filter-pitcher/;https://www.bobvila.com/articles/best-water-filter/;301
https://www.bobvila.com/articles/best-dog-gates/;;410
https://www.bobvila.com/articles/best-rugs-for-dining-rooms/;https://www.bobvila.com/articles/best-area-rugs/;301
https://www.bobvila.com/articles/best-outdoor-clock/;;410
https://www.bobvila.com/articles/best-coasters/;;410
https://www.bobvila.com/articles/best-glow-in-the-dark-paint/;https://www.bobvila.com/articles/7-new-paint-types/;301
https://www.bobvila.com/articles/best-swing-sets/;https://www.bobvila.com/articles/backyard-landscaping-ideas/;301
https://www.bobvila.com/articles/best-patio-chairs/;https://www.bobvila.com/articles/best-outdoor-furniture-brands/;301
https://www.bobvila.com/articles/best-dryer-balls/;https://www.bobvila.com/slideshow/the-13-best-things-you-can-buy-for-your-laundry-room-for-under-50-51088/;301
https://www.bobvila.com/articles/best-steam-showers/;https://www.bobvila.com/articles/steam-shower-cost/;301
https://www.bobvila.com/articles/best-freezer-containers/;;410
https://www.bobvila.com/articles/best-stainless-steel-grill/;https://www.bobvila.com/articles/best-grills/;301
https://www.bobvila.com/articles/best-sawzall-blades/;https://www.bobvila.com/articles/best-reciprocating-saw/;301
https://www.bobvila.com/articles/best-duster/;https://www.bobvila.com/articles/how-to-get-rid-of-dust/;301
https://www.bobvila.com/articles/best-transfer-tapes-for-vinyl/;;410
https://www.bobvila.com/articles/best-clock-radio/;;410
https://www.bobvila.com/articles/best-countertop-water-dispenser/;https://www.bobvila.com/articles/best-water-cooler/;301
https://www.bobvila.com/articles/best-loveseat/;https://www.bobvila.com/articles/best-furniture-brands/;301
https://www.bobvila.com/articles/best-massage-chairs/;;410
https://www.bobvila.com/articles/best-cheap-vacuums/;https://www.bobvila.com/articles/best-vacuums/;301
https://www.bobvila.com/articles/best-electronic-door-lock/;https://www.bobvila.com/articles/best-smart-lock/;301
https://www.bobvila.com/articles/best-gifts-for-empty-nesters/;;410
https://www.bobvila.com/articles/best-small-air-fryer/;https://www.bobvila.com/articles/best-air-fryer-toaster-oven/;301
https://www.bobvila.com/articles/best-utility-sink-faucet/;https://www.bobvila.com/articles/best-kitchen-faucet/;301
https://www.bobvila.com/articles/best-fireplace-mantels/;https://www.bobvila.com/articles/fireplace-refacing/;301
https://www.bobvila.com/articles/best-toilet-plunger/;https://www.bobvila.com/articles/best-plunger/;301
https://www.bobvila.com/articles/best-grass-seed-for-michigan/;https://www.bobvila.com/articles/best-grass-seed/;301
https://www.bobvila.com/articles/best-programmable-thermostat/;https://www.bobvila.com/articles/best-home-thermostat/;301
https://www.bobvila.com/articles/best-whistling-tea-kettle/;;410
https://www.bobvila.com/articles/best-cordless-circular-saw/;https://www.bobvila.com/articles/best-circular-saw/;301
https://www.bobvila.com/articles/best-windshield-repair-kit/;https://www.bobvila.com/articles/tools-for-diy-car-maintenance/;301
https://www.bobvila.com/articles/best-plant-food/;https://www.bobvila.com/articles/best-fertilizer-for-indoor-plants/;301
https://www.bobvila.com/articles/best-steel-toe-shoes/;https://www.bobvila.com/articles/best-work-boots/;301
https://www.bobvila.com/articles/best-leather-sofa/;https://www.bobvila.com/articles/best-sofa-brands/;301
https://www.bobvila.com/articles/best-photo-album/;;410
https://www.bobvila.com/articles/best-sandbox-for-kids/;https://www.bobvila.com/articles/best-backyard-games/;301
https://www.bobvila.com/articles/best-ironing-board/;https://www.bobvila.com/slideshow/the-13-best-things-you-can-buy-for-your-laundry-room-for-under-50-51088/;301
https://www.bobvila.com/articles/best-chair-mat/;https://www.bobvila.com/articles/best-chair-mat-for-carpet/;301
https://www.bobvila.com/articles/best-drafting-chairs/;;410
https://www.bobvila.com/articles/best-pond-filter/;https://www.bobvila.com/articles/how-much-does-it-cost-to-build-a-pond/;301
https://www.bobvila.com/articles/best-floor-lamps/;https://www.bobvila.com/articles/best-online-lighting-stores/;301
https://www.bobvila.com/articles/best-orbital-polisher/;https://www.bobvila.com/articles/tools-for-diy-car-maintenance/;301
https://www.bobvila.com/articles/best-electric-pencil-sharpener/;;410
https://www.bobvila.com/articles/best-knife-oil/;;410
https://www.bobvila.com/articles/best-hand-crank-flashlight/;https://www.bobvila.com/articles/best-flashlight/;301
https://www.bobvila.com/articles/best-bread-boxes/;;410
https://www.bobvila.com/articles/best-car-drying-towels/;https://www.bobvila.com/articles/best-microfiber-cloth/;301
https://www.bobvila.com/articles/best-outdoor-rocking-chairs/;https://www.bobvila.com/articles/best-outdoor-furniture-brands/;301
https://www.bobvila.com/articles/best-outdoor-towel-racks/;;410
https://www.bobvila.com/articles/how-to-wash-your-towels/;https://www.bobvila.com/articles/how-to-do-laundry/;301
https://www.bobvila.com/articles/best-lawn-tractor-battery/;;410
https://www.bobvila.com/articles/best-pots-for-succulents/;;410
https://www.bobvila.com/articles/best-porch-swing/;https://www.bobvila.com/articles/porch-swing-plans/;301
https://www.bobvila.com/articles/best-flea-trap/;https://www.bobvila.com/articles/best-flea-fogger/;301
https://www.bobvila.com/articles/best-window-well-covers/;https://www.bobvila.com/articles/basement-window-leaks/;301
https://www.bobvila.com/articles/best-swivel-chair/;https://www.bobvila.com/articles/types-of-chairs/;301
https://www.bobvila.com/articles/best-breaker-bar/;https://www.bobvila.com/articles/tools-for-diy-car-maintenance/;301
https://www.bobvila.com/articles/best-sleeper-sofa/;https://www.bobvila.com/articles/best-sofa-brands/;301
https://www.bobvila.com/articles/best-large-air-fryer/;https://www.bobvila.com/articles/best-air-fryer-toaster-oven/;301
https://www.bobvila.com/articles/best-pendant-lights/;https://www.bobvila.com/articles/best-online-lighting-stores/;301
https://www.bobvila.com/articles/best-shower-curtains/;;410
https://www.bobvila.com/articles/best-pool-tile-cleaners/;https://www.bobvila.com/articles/how-to-maintain-a-pool/;301
https://www.bobvila.com/articles/best-small-dehumidifier/;https://www.bobvila.com/articles/best-dehumidifier/;301
https://www.bobvila.com/articles/best-table-runners/;;410
https://www.bobvila.com/articles/best-couches-for-kids/;https://www.bobvila.com/articles/best-couches-under-1000/;301
https://www.bobvila.com/articles/best-pond-fountains/;https://www.bobvila.com/articles/how-much-does-it-cost-to-build-a-pond/;301
https://www.bobvila.com/articles/best-gardening-stools/;https://www.bobvila.com/articles/best-garden-kneelers/;301
https://www.bobvila.com/articles/best-vacuum-under-200/;https://www.bobvila.com/articles/best-vacuums/;301
https://www.bobvila.com/articles/best-all-in-one-washer-dryer/;https://www.bobvila.com/articles/best-washing-machine-brands/;301
https://www.bobvila.com/articles/best-solar-charge-controllers/;;410
https://www.bobvila.com/articles/outdoor-dining-set/;https://www.bobvila.com/articles/best-outdoor-furniture-brands/;301
https://www.bobvila.com/articles/best-pond-liners/;https://www.bobvila.com/articles/how-much-does-it-cost-to-build-a-pond/;301
https://www.bobvila.com/articles/best-hybrid-grills/;https://www.bobvila.com/articles/best-grills/;301
https://www.bobvila.com/articles/best-folding-chair/;https://www.bobvila.com/articles/best-outdoor-furniture-brands/;301
https://www.bobvila.com/articles/best-chicken-waterer/;https://www.bobvila.com/articles/essentials-for-raising-backyard-chickens/;301
https://www.bobvila.com/articles/sewage-ejector-pump-cost/;https://www.bobvila.com/articles/best-sewage-pump/;301
https://www.bobvila.com/slideshow/sitting-pretty-11-amazing-chair-makeovers-47777/;https://www.bobvila.com/articles/renew-old-wood-furniture/;301
https://www.bobvila.com/articles/best-welding-helmets/;;410
https://www.bobvila.com/articles/best-outdoor-kitchen-sinks/;https://www.bobvila.com/articles/best-kitchen-sink-brands/;301
https://www.bobvila.com/articles/best-sewing-chair/;https://www.bobvila.com/articles/types-of-chairs/;301
https://www.bobvila.com/articles/best-fabric-dye/;;410
https://www.bobvila.com/articles/can-you-put-pots-and-pans-in-dishwasher/;https://www.bobvila.com/articles/do-not-put-in-dishwasher/;301
https://www.bobvila.com/articles/best-home-ev-charger/;https://www.bobvila.com/articles/cost-to-install-ev-charger-at-home/;301
https://www.bobvila.com/articles/best-floor-safe/;https://www.bobvila.com/articles/best-home-safes/;301
https://www.bobvila.com/articles/best-personal-air-conditioner/;https://www.bobvila.com/articles/best-portable-air-conditioner/;301
https://www.bobvila.com/articles/electric-fireplace-heater/;https://www.bobvila.com/articles/best-electric-fireplace/;301
https://www.bobvila.com/articles/best-portable-air-purifiers/;https://www.bobvila.com/articles/best-air-purifiers/;301
https://www.bobvila.com/articles/best-smart-blinds/;;410
https://www.bobvila.com/articles/best-outdoor-benches/;https://www.bobvila.com/articles/best-outdoor-furniture-brands/;301
https://www.bobvila.com/articles/best-mig-welders/;https://www.bobvila.com/articles/best-welders-for-beginners/;301
https://www.bobvila.com/articles/how-to-wash-polyester/;https://www.bobvila.com/articles/how-to-do-laundry/;301
https://www.bobvila.com/articles/best-heated-bird-bath/;https://www.bobvila.com/articles/best-bird-bath/;301
https://www.bobvila.com/articles/best-over-the-toilet-storage/;https://www.bobvila.com/articles/best-bathroom-storage-organizers/;301
https://www.bobvila.com/articles/best-spray-bottle/;;410
https://www.bobvila.com/articles/best-home-theater-projectors/;;410
https://www.bobvila.com/articles/best-bidet/;https://www.bobvila.com/articles/best-bidet-toilet-seats/;301
https://www.bobvila.com/articles/best-hidden-deck-fasteners/;https://www.bobvila.com/articles/best-deck-screws/;301
https://www.bobvila.com/articles/how-to-store-eggs/;;410
https://www.bobvila.com/articles/best-drafting-table/;;410
https://www.bobvila.com/articles/best-trundle-beds/;https://www.bobvila.com/slideshow/14-five-star-bed-frames-that-fit-any-budget-52808/;301
https://www.bobvila.com/articles/best-roof-vents/;https://www.bobvila.com/articles/attic-ventilation/;301
https://www.bobvila.com/articles/best-gnat-trap/;https://www.bobvila.com/articles/how-to-get-rid-of-gnats/;301
https://www.bobvila.com/articles/best-towel-bars/;;410
https://www.bobvila.com/articles/best-portable-water-filter/;;410
https://www.bobvila.com/articles/best-work-socks/;;410
https://www.bobvila.com/articles/best-pellet-grills-under-500/;https://www.bobvila.com/articles/best-pellet-grills/;301
https://www.bobvila.com/articles/best-electric-cooktop/;https://www.bobvila.com/articles/best-electric-range/;301
https://www.bobvila.com/articles/best-pocket-radio/;https://www.bobvila.com/articles/best-emergency-radio/;301
https://www.bobvila.com/articles/best-electric-fence-charger/;;410
https://www.bobvila.com/articles/best-trenching-shovels/;https://www.bobvila.com/articles/best-shovel/;301
https://www.bobvila.com/articles/best-shower-grab-bar/;https://www.bobvila.com/articles/aging-in-place-design-tips/;301
https://www.bobvila.com/articles/best-electric-coolers/;https://www.bobvila.com/articles/best-coolers/;301
https://www.bobvila.com/articles/best-reading-light/;;410
https://www.bobvila.com/articles/best-washing-machine/;https://www.bobvila.com/articles/best-washing-machine-brands/;301
https://www.bobvila.com/articles/best-box-spring/;https://www.bobvila.com/articles/best-mattress-brands/;301
https://www.bobvila.com/articles/best-outdoor-tv-covers/;;410
https://www.bobvila.com/articles/best-air-fryer-grill-combo/;https://www.bobvila.com/articles/best-air-fryer-toaster-oven/;301
https://www.bobvila.com/articles/best-portable-pellet-grills/;https://www.bobvila.com/articles/best-pellet-grills/;301
https://www.bobvila.com/articles/best-glues-for-felt/;https://www.bobvila.com/articles/best-fabric-glue/;301
https://www.bobvila.com/articles/best-pellet-grills-under-1000/;https://www.bobvila.com/articles/best-pellet-grills/;301
https://www.bobvila.com/articles/best-manual-tile-cutter/;https://www.bobvila.com/articles/best-tile-cutter/;301
https://www.bobvila.com/articles/best-solar-batteries/;;410
https://www.bobvila.com/articles/best-infrared-saunas/;https://www.bobvila.com/articles/best-home-saunas/;301
https://www.bobvila.com/articles/best-blackout-shades/;https://www.bobvila.com/articles/best-blackout-curtains/;301
https://www.bobvila.com/articles/best-corded-circular-saw/;https://www.bobvila.com/articles/best-circular-saw/;301
https://www.bobvila.com/articles/best-maytag-washing-machines/;https://www.bobvila.com/articles/best-washing-machine-brands/;301
https://www.bobvila.com/articles/best-outdoor-refrigerators/;https://www.bobvila.com/articles/best-refrigerator-brands/;301
https://www.bobvila.com/articles/best-locks-for-storage-units/;https://www.bobvila.com/articles/best-padlock/;301
https://www.bobvila.com/articles/best-candle-making-kit/;https://www.bobvila.com/articles/craft-kits-for-adults/;301
https://www.bobvila.com/articles/best-upholstered-beds/;https://www.bobvila.com/slideshow/14-five-star-bed-frames-that-fit-any-budget-52808/;301
https://www.bobvila.com/articles/best-cordless-finish-nailer/;https://www.bobvila.com/articles/best-finish-nailer/;301
https://www.bobvila.com/articles/best-dual-zone-wine-fridges/;https://www.bobvila.com/articles/best-kitchen-appliance-brands/;301
https://www.bobvila.com/articles/best-gas-cooktop/;https://www.bobvila.com/articles/best-kitchen-appliance-brands/;301
https://www.bobvila.com/articles/best-black-mulch/;https://www.bobvila.com/articles/best-mulch/;301
https://www.bobvila.com/articles/best-top-freezer-refrigerator/;https://www.bobvila.com/articles/best-refrigerator-brands/;301
https://www.bobvila.com/articles/best-track-lighting/;https://www.bobvila.com/articles/track-lighting-101/;301
https://www.bobvila.com/articles/best-fly-repellent/;https://www.bobvila.com/articles/how-to-get-rid-of-flies-outside/;301
https://www.bobvila.com/articles/best-puzzle-glue/;https://www.bobvila.com/articles/best-glues-for-cardboard/;301
https://www.bobvila.com/articles/gifts-for-wine-lovers/;https://www.bobvila.com/articles/best-gifts-under-50/;301
https://www.bobvila.com/articles/best-pots-for-aloe-plants/;https://www.bobvila.com/articles/best-self-watering-planter/;301
https://www.bobvila.com/articles/best-ceiling-tv-mount/;https://www.bobvila.com/articles/tv-mount-installation-cost/;301
https://www.bobvila.com/articles/best-non-programmable-thermostat/;https://www.bobvila.com/articles/best-home-thermostat/;301
https://www.bobvila.com/articles/best-air-purifier-for-allergies/;https://www.bobvila.com/articles/best-air-purifiers/;301
https://www.bobvila.com/articles/best-pond-pump/;https://www.bobvila.com/articles/best-pool-pump/;301
https://www.bobvila.com/articles/best-snow-sleds/;;410
https://www.bobvila.com/articles/best-gas-range/;https://www.bobvila.com/articles/best-kitchen-appliance-brands/;301
https://www.bobvila.com/articles/best-lift-top-coffee-tables/;https://www.bobvila.com/articles/best-furniture-brands/;301
https://www.bobvila.com/articles/best-vacuum-for-shag-carpet/;https://www.bobvila.com/articles/best-vacuum-for-thick-carpet/;301
https://www.bobvila.com/articles/best-weed-eater-head/;https://www.bobvila.com/articles/best-string-trimmer/;301
https://www.bobvila.com/articles/inflatable-pools-for-adults/;https://www.bobvila.com/articles/best-inflatable-pool/;301
https://www.bobvila.com/articles/best-fences-for-dogs/;;410
https://www.bobvila.com/articles/best-teak-outdoor-furniture/;https://www.bobvila.com/articles/best-outdoor-furniture-brands/;301
https://www.bobvila.com/articles/best-stick-welders/;https://www.bobvila.com/articles/best-welders-for-beginners/;301
https://www.bobvila.com/articles/best-dry-erase-board/;https://www.bobvila.com/articles/best-home-office-essentials/;301
https://www.bobvila.com/articles/best-door-hinges/;https://www.bobvila.com/slideshow/the-10-types-of-hinges-every-diyer-needs-to-know-46388/;301
https://www.bobvila.com/articles/best-floor-jack-for-trucks/;https://www.bobvila.com/articles/tools-for-diy-car-maintenance/;301
https://www.bobvila.com/articles/best-recycled-plastic-outdoor-furniture/;https://www.bobvila.com/articles/best-outdoor-furniture-brands/;301
https://www.bobvila.com/articles/best-bath-mat/;;410
https://www.bobvila.com/articles/best-reclining-sofa/;https://www.bobvila.com/articles/best-sofa-brands/;301
https://www.bobvila.com/articles/best-chandeliers/;https://www.bobvila.com/articles/best-online-lighting-stores/;301
https://www.bobvila.com/articles/best-medicine-cabinets/;https://www.bobvila.com/articles/best-bathroom-storage-organizers/;301
https://www.bobvila.com/articles/best-storage-shed/;https://www.bobvila.com/articles/best-sheds/;301
https://www.bobvila.com/articles/best-tig-welders/;https://www.bobvila.com/articles/best-welders-for-beginners/;301
https://www.bobvila.com/articles/best-night-light/;;410
https://www.bobvila.com/articles/best-hypoallergenic-sheets/;https://www.bobvila.com/articles/best-bed-sheets/;301
https://www.bobvila.com/articles/best-rollaway-bed/;https://www.bobvila.com/slideshow/14-five-star-bed-frames-that-fit-any-budget-52808/;301
https://www.bobvila.com/articles/best-french-fry-cutter/;;410
https://www.bobvila.com/articles/best-bamboo-toilet-paper/;https://www.bobvila.com/articles/best-toilet-paper-for-septic/;301
https://www.bobvila.com/articles/best-over-the-sink-dish-rack/;https://www.bobvila.com/articles/best-dish-drying-rack/;301
https://www.bobvila.com/articles/best-door-mats-for-dogs/;https://www.bobvila.com/articles/best-outdoor-doormats/;301
https://www.bobvila.com/articles/best-vanity-mirrors-with-lights/;https://www.bobvila.com/articles/best-bathroom-mirror/;301
https://www.bobvila.com/articles/best-portable-saunas/;https://www.bobvila.com/articles/best-home-saunas/;301
https://www.bobvila.com/articles/best-ionic-air-purifiers/;https://www.bobvila.com/articles/best-air-purifiers/;301
https://www.bobvila.com/articles/best-countertop-oven/;https://www.bobvila.com/articles/best-air-fryer-toaster-oven/;301
https://www.bobvila.com/articles/best-wine-fridges/;https://www.bobvila.com/articles/best-kitchen-appliance-brands/;301
https://www.bobvila.com/articles/best-shower-benches/;;410
https://www.bobvila.com/articles/best-ceramic-heater/;https://www.bobvila.com/articles/best-energy-efficient-space-heater/;301
https://www.bobvila.com/articles/best-projection-alarm-clock/;;410
https://www.bobvila.com/articles/best-laundry-detergent-for-odors/;https://www.bobvila.com/articles/best-laundry-detergent/;301
https://www.bobvila.com/articles/best-coaxial-cable/;https://www.bobvila.com/articles/tech-gifts/;301
https://www.bobvila.com/articles/best-reusable-k-cup/;https://www.bobvila.com/articles/best-eco-friendly-products/;301
https://www.bobvila.com/articles/best-inflatable-hot-tub/;https://www.bobvila.com/articles/best-hot-tub-brands/;301
https://www.bobvila.com/articles/best-inground-pool-slides/;https://www.bobvila.com/articles/best-pool-accessories/;301
https://www.bobvila.com/articles/best-screen-door-closer/;https://www.bobvila.com/articles/how-to-replace-a-door-closer/;301
https://www.bobvila.com/articles/best-gas-can/;https://www.bobvila.com/articles/how-to-store-gasoline/;301
https://www.bobvila.com/articles/how-to-wash-bath-mats/;https://www.bobvila.com/articles/how-to-do-laundry/;301
https://www.bobvila.com/articles/best-cheap-robotic-pool-cleaner/;https://www.bobvila.com/articles/best-robotic-pool-cleaner/;301
https://www.bobvila.com/articles/best-reclining-loveseats/;https://www.bobvila.com/articles/best-furniture-brands/;301
https://www.bobvila.com/articles/best-electric-pizza-ovens/;https://www.bobvila.com/reviews/ooni-pizza-oven-review/;301
https://www.bobvila.com/articles/best-kerosene-heater/;https://www.bobvila.com/articles/best-space-heater/;301
https://www.bobvila.com/articles/cordless-lamp/;https://www.bobvila.com/articles/best-online-lighting-stores/;301
https://www.bobvila.com/articles/best-ozone-generator/;;410
https://www.bobvila.com/articles/best-wind-chimes/;;410
https://www.bobvila.com/articles/best-top-loading-washing-machine/;https://www.bobvila.com/articles/best-washing-machine-brands/;301
https://www.bobvila.com/articles/best-lightweight-vacuum-cleaners-for-elderly-people/;https://www.bobvila.com/articles/best-lightweight-vacuum/;301
https://www.bobvila.com/articles/best-hypoallergenic-laundry-detergent/;https://www.bobvila.com/articles/best-laundry-detergent/;301
https://www.bobvila.com/articles/best-rocker-recliner/;https://www.bobvila.com/articles/best-recliners/;301
https://www.bobvila.com/articles/best-artificial-grass-for-dogs/;https://www.bobvila.com/articles/best-artificial-grass/;301
https://www.bobvila.com/articles/best-single-serve-coffee-makers/;;410
https://www.bobvila.com/articles/best-natural-gas-grills/;https://www.bobvila.com/articles/best-grills/;301
https://www.bobvila.com/articles/best-sofa-bed-mattress/;https://www.bobvila.com/articles/best-mattress-brands/;301
https://www.bobvila.com/articles/best-foldable-mattress/;https://www.bobvila.com/articles/best-mattress-brands/;301
https://www.bobvila.com/articles/best-recliners-for-sleeping/;https://www.bobvila.com/articles/best-recliners/;301
https://www.bobvila.com/articles/best-invisible-dog-fence/;;410
https://www.bobvila.com/articles/best-soil-for-pothos/;https://www.bobvila.com/articles/pothos-plant-care/;301
https://www.bobvila.com/articles/how-to-glue-a-puzzle/;https://www.bobvila.com/articles/best-glues-for-cardboard/;301
https://www.bobvila.com/articles/best-storage-ottomans/;https://www.bobvila.com/articles/best-furniture-brands/;301
https://www.bobvila.com/articles/best-wax-rings-for-toilets/;https://www.bobvila.com/articles/how-to-replace-wax-ring-on-toilet/;301
https://www.bobvila.com/articles/best-blinds/;https://www.bobvila.com/articles/best-places-to-buy-blinds-online/;301
https://www.bobvila.com/articles/best-recliners-for-back-pain/;https://www.bobvila.com/articles/best-recliners/;301
https://www.bobvila.com/articles/best-laundry-scent-booster/;https://www.bobvila.com/slideshow/the-13-best-things-you-can-buy-for-your-laundry-room-for-under-50-51088/;301
https://www.bobvila.com/articles/best-whirlpool-refrigerators/;https://www.bobvila.com/articles/best-refrigerator-brands/;301
https://www.bobvila.com/articles/best-pool-table-brands/;;410
https://www.bobvila.com/articles/best-samsung-refrigerators/;https://www.bobvila.com/articles/best-refrigerator-brands/;301
https://www.bobvila.com/articles/best-small-microwave/;https://www.bobvila.com/articles/best-microwave-convection-oven/;301
https://www.bobvila.com/articles/best-over-the-range-microwave/;https://www.bobvila.com/articles/best-built-in-microwave/;301
https://www.bobvila.com/articles/best-automatic-soap-dispensers/;https://www.bobvila.com/articles/best-dish-soap-dispenser/;301
https://www.bobvila.com/articles/wayfair-spring-sale/;https://www.bobvila.com/articles/shopper-loved-wayfair-items/;301
https://www.bobvila.com/articles/wayfair-end-of-year-sale-deals-news/;https://www.bobvila.com/articles/shopper-loved-wayfair-items/;301
https://www.bobvila.com/articles/way-day-popular-wayfair-deals/;https://www.bobvila.com/articles/shopper-loved-wayfair-items/;301
https://www.bobvila.com/articles/wayfair-way-day-best-deals-under-50/;https://www.bobvila.com/articles/shopper-loved-wayfair-items/;301
https://www.bobvila.com/articles/way-day-2023-deals/;https://www.bobvila.com/articles/shopper-loved-wayfair-items/;301
https://www.bobvila.com/articles/wayfair-fresh-start-sale/;https://www.bobvila.com/articles/shopper-loved-wayfair-items/;301
https://www.bobvila.com/articles/jackery-solar-generator-sale/;https://www.bobvila.com/articles/best-time-to-buy-a-generator/;301
https://www.bobvila.com/articles/target-circle-week-deals-2022/;;410
https://www.bobvila.com/articles/target-holiday-best-deals-news/;;410
https://www.bobvila.com/articles/wayday-2023-patio-deals/;https://www.bobvila.com/articles/shopper-loved-wayfair-items/;301
https://www.bobvila.com/articles/lowes-spring-deals/;https://www.bobvila.com/articles/best-lowes-tools/;301
https://www.bobvila.com/articles/wayfair-wayday-deals-2023/;https://www.bobvila.com/articles/shopper-loved-wayfair-items/;301
https://www.bobvila.com/articles/home-depot-christmas-decor-deals-2022/;https://www.bobvila.com/articles/best-christmas-decorations/;301
https://www.bobvila.com/articles/simplisafe-new-security-camera-july-4-sale/;https://www.bobvila.com/articles/best-outdoor-security-camera/;301
https://www.bobvila.com/articles/prime-day-chicken-coop-deals/;;410
https://www.bobvila.com/articles/best-target-circle-week-deals-2023/;;410
https://www.bobvila.com/articles/best-sleep-week-2022-deals/;https://www.bobvila.com/articles/best-time-to-buy-a-mattress/;301
https://www.bobvila.com/articles/best-december-deals-2022/;https://www.bobvila.com/articles/best-things-to-buy-in-december/;301
https://www.bobvila.com/articles/american-home-shield-memorial-day-sales-event/;https://www.bobvila.com/articles/best-home-warranty-companies/;301
https://www.bobvila.com/articles/way-day-2022-furniture-deals/;https://www.bobvila.com/articles/shopper-loved-wayfair-items/;301
https://www.bobvila.com/articles/lowes-august-deals/;https://www.bobvila.com/articles/best-lowes-tools/;301
https://www.bobvila.com/articles/wayfair-deals-early-way-day-2022/;https://www.bobvila.com/articles/shopper-loved-wayfair-items/;301
https://www.bobvila.com/articles/aiper-seagull-pro-robotic-pool-cleaner-labor-day-sale-2023/;https://www.bobvila.com/articles/best-robotic-pool-cleaner/;301
https://www.bobvila.com/articles/best-sofas-deals/;https://www.bobvila.com/articles/best-sofa-brands/;301
https://www.bobvila.com/articles/best-new-year-sale-2022/;https://www.bobvila.com/articles/best-things-to-buy-in-january/;301
https://www.bobvila.com/articles/prep-your-outdoor-space-for-fall/;https://www.bobvila.com/slideshow/15-ways-to-warm-up-to-outdoor-living-in-fall-52374/;301
https://www.bobvila.com/articles/house-flipping-in-a-cooling-market/;https://www.bobvila.com/articles/how-to-flip-a-house/;301
https://www.bobvila.com/articles/last-minute-christmas-deals-ace-hardware/;https://www.bobvila.com/articles/best-things-to-buy-in-december/;301
https://www.bobvila.com/articles/simplisafe-memorial-day-weekend-sale/;https://www.bobvila.com/articles/best-home-security-systems/;301
https://www.bobvila.com/articles/best-way-day-deals-wayfair-2022/;https://www.bobvila.com/articles/shopper-loved-wayfair-items/;301
https://www.bobvila.com/articles/sleep-week-deals-2023/;https://www.bobvila.com/articles/best-place-to-buy-a-mattress/;301
https://www.bobvila.com/articles/sunday-lawn-care-spring-sale/;https://www.bobvila.com/articles/get-sunday-lawn-care-review/;301
https://www.bobvila.com/articles/wayfair-way-day-outdoor-furniture-deals/;https://www.bobvila.com/articles/shopper-loved-wayfair-items/;301
https://www.bobvila.com/articles/how-to-hire-leaf-removal-near-me/;https://www.bobvila.com/articles/fall-cleanup-cost/;301
https://www.bobvila.com/articles/questions-for-planning-dream-deck/;https://www.bobvila.com/slideshow/23-design-ideas-to-make-your-deck-a-destination-49965/;301
https://www.bobvila.com/articles/lowes-last-minute-christmas-decoration-deals/;https://www.bobvila.com/articles/best-christmas-decorations/;301
https://www.bobvila.com/articles/blackstone-flat-top-grill-sale/;https://www.bobvila.com/articles/best-outdoor-griddle/;301
https://www.bobvila.com/articles/simplisafe-vs-vivint/;https://www.bobvila.com/articles/best-home-security-systems/;301
https://www.bobvila.com/articles/amazon-greenworks-outdoor-tool-deals/;;410
https://www.bobvila.com/articles/window-awnings-save-energy/;https://www.bobvila.com/articles/best-retractable-awnings/;301
https://www.bobvila.com/slideshow/9-renovation-tips-to-boost-resale-value-34409/;https://www.bobvila.com/slideshow/the-cheapest-ways-to-boost-your-home-s-value-48015/;301
https://www.bobvila.com/articles/harbor-freight-christmas-coupon-deals/;;410
https://www.bobvila.com/slideshow/the-9-best-house-hunting-apps-all-buyers-and-sellers-should-know-580549/;https://www.bobvila.com/articles/home-buying-websites/;301
https://www.bobvila.com/articles/ace-hardware-traeger-grill-sale/;https://www.bobvila.com/articles/best-grill-deals/;301
https://www.bobvila.com/slideshow/the-best-ways-to-improve-your-home-s-value-in-2022-51788/;https://www.bobvila.com/slideshow/the-cheapest-ways-to-boost-your-home-s-value-48015/;301
https://www.bobvila.com/articles/best-dumpster-rental-companies/;https://www.bobvila.com/articles/dumpster-rules/;301
https://www.bobvila.com/articles/the-best-filters-for-household-water-supply/;https://www.bobvila.com/articles/best-whole-house-water-filter/;301
https://www.bobvila.com/articles/makita-xml03-home-depot-sale/;https://www.bobvila.com/articles/makita-lawn-mower-review/;301
https://www.bobvila.com/articles/best-platform-bed-frame/;https://www.bobvila.com/slideshow/14-five-star-bed-frames-that-fit-any-budget-52808/;301
https://www.bobvila.com/articles/how-to-hire-lawn-mowing-service-near-me/;https://www.bobvila.com/articles/average-lawn-mowing-cost/;301
https://www.bobvila.com/articles/first-american-home-warranty-vs-american-home-shield/;https://www.bobvila.com/articles/best-home-warranty-companies/;301
https://www.bobvila.com/articles/betta-robotic-pool-cleaner-sale/;https://www.bobvila.com/articles/best-robotic-pool-cleaner/;301
https://www.bobvila.com/articles/best-sewing-table/;https://www.bobvila.com/articles/diy-workbenches/;301
https://www.bobvila.com/articles/apartment-security/;https://www.bobvila.com/articles/apartment-door-security/;301
https://www.bobvila.com/articles/home-insurance-discount-for-security-system/;https://www.bobvila.com/articles/are-home-security-systems-worth-it/;301
https://www.bobvila.com/articles/winterize-your-apartment/;https://www.bobvila.comslideshow/11-ways-to-winterize-your-home-on-a-budget-10169/;301
https://www.bobvila.com/articles/best-real-estate-websites/;https://www.bobvila.com/articles/home-buying-websites/;301
https://www.bobvila.com/articles/jackery-explorer-1000-april-sale/;https://www.bobvila.com/articles/best-time-to-buy-a-generator/;301
https://www.bobvila.com/articles/fall-cleanup-cost/;https://www.bobvila.com/articles/yard-cleanup-cost/;301
https://www.bobvila.com/articles/best-headboard/;https://www.bobvila.com/slideshow/14-easy-ways-to-make-your-own-headboard-49510/;301
https://www.bobvila.com/articles/best-cordless-iron/;https://www.bobvila.com/slideshow/the-13-best-things-you-can-buy-for-your-laundry-room-for-under-50-51088/;301
https://www.bobvila.com/slideshow/10-reasons-you-shouldn-t-toss-silica-gel-packets-51628/;https://www.bobvila.com/slideshow/16-insanely-clever-ways-to-reuse-household-junk-51388/;301
https://www.bobvila.com/articles/how-to-hire-chimney-inspection-near-me/;https://www.bobvila.com/articles/chimney-inspection-cost/;301
https://www.bobvila.com/articles/target-circle-week-deals-2024/;;410
https://www.bobvila.com/articles/39-choosing-an-hvac-system/;https://www.bobvila.com/articles/best-hvac-brands/;301
https://www.bobvila.com/articles/build-a-pergola/;https://www.bobvila.com/articles/pergola-plans/;301
https://www.bobvila.com/articles/what-to-look-for-in-a-home-security-camera-system/;https://www.bobvila.com/articles/best-outdoor-security-camera/;301
https://www.bobvila.com/articles/duluth-trading-company-spring-sale/;;410
https://www.bobvila.com/slideshow/you-ve-got-mail-11-inventive-diy-mailboxes-45546/;https://www.bobvila.com/articles/best-locking-mailbox/;301
https://www.bobvila.com/articles/frontpoint-vs-vivint/;https://www.bobvila.com/articles/best-home-security-systems/;301
https://www.bobvila.com/articles/home-warranty-cost/;https://www.bobvila.com/articles/home-warranty-worth-it/;301
https://www.bobvila.com/articles/best-rat-cage/;;410
https://www.bobvila.com/articles/best-flatware-sets/;;410
https://www.bobvila.com/articles/best-flameless-candles/;https://www.bobvila.com/articles/best-home-decor-stores/;301
https://www.bobvila.com/articles/best-vacation-rental-sites/;https://www.bobvila.com/articles/vrbo-vs-airbnb/;301
https://www.bobvila.com/articles/best-electric-can-opener/;https://www.bobvila.com/articles/best-can-openers-for-seniors/;301
https://www.bobvila.com/slideshow/11-products-that-will-finally-bring-your-home-peace-and-quiet-53247/;https://www.bobvila.com/articles/best-soundproofing-material/;301
https://www.bobvila.com/articles/best-machete/;https://www.bobvila.com/articles/best-hori-hori-knives/;301
https://www.bobvila.com/articles/types-of-security-cameras/;https://www.bobvila.com/articles/wired-vs-wireless-security-cameras/;301
https://www.bobvila.com/articles/how-do-you-get-bed-bugs/;https://www.bobvila.com/articles/what-attracts-bed-bugs/;301
https://www.bobvila.com/articles/best-plumbing-software/;;410
https://www.bobvila.com/articles/how-much-does-it-cost-to-stage-a-house/;https://www.bobvila.com/slideshow/13-simple-home-staging-tips-every-seller-should-know-42537/;301
https://www.bobvila.com/articles/certified-electrician-vs-licensed-electrician/;https://www.bobvila.com/articles/how-to-get-an-electrician-license/;301
https://www.bobvila.com/articles/genius-diy-draft-stopper/;https://www.bobvila.com/slideshow/draft-dodgers-8-diy-creations-to-keep-out-the-cold-46522/;301
https://www.bobvila.com/articles/best-vinyl-plank-flooring-installers/;https://www.bobvila.com/articles/best-flooring-companies/;301
https://www.bobvila.com/articles/best-real-estate-websites-california/;https://www.bobvila.com/articles/home-buying-websites/;301
https://www.bobvila.com/articles/diy-sled/;;410
https://www.bobvila.com/articles/279-design-a-home-gym/;https://www.bobvila.com/articles/home-gym-cost/;301
https://www.bobvila.com/articles/home-security-adt-deal-visa-google-nest/;;410
https://www.bobvila.com/articles/ego-power-mower-ace-hardware-sale/;https://www.bobvila.com/articles/best-time-to-buy-a-lawn-mower/;301
https://www.bobvila.com/articles/best-welder/;https://www.bobvila.com/articles/best-welders-for-beginners/;301
https://www.bobvila.com/articles/best-hardwood-flooring-installation-companies/;https://www.bobvila.com/articles/best-flooring-companies/;301
https://www.bobvila.com/slideshow/6-signs-you-need-new-gutters-48910/;https://www.bobvila.com/articles/choosing-the-best-gutters-for-your-home/;301
https://www.bobvila.com/articles/extended-home-warranty/;https://www.bobvila.com/articles/home-warranty-worth-it/;301
https://www.bobvila.com/articles/earthquake-retrofit-cost/;;410
https://www.bobvila.com/articles/does-a-handyman-need-a-license/;https://www.bobvila.com/articles/how-to-start-a-handyman-business/;301
https://www.bobvila.com/slideshow/13-unexpected-ways-to-use-contact-paper-around-the-house-47393/;https://www.bobvila.com/diy/easy-home-improvement-projects/;301
https://www.bobvila.com/articles/446-cut-nails-hammering-home-authenticity/;https://www.bobvila.com/articles/types-of-nails/;301
https://www.bobvila.com/articles/best-furniture-removal-services/;https://www.bobvila.com/articles/best-junk-removal-services/;301
https://www.bobvila.com/articles/buying-land/;https://www.bobvila.com/articles/buying-land-to-build-a-house/;301
https://www.bobvila.com/articles/can-you-buy-a-home-warranty-after-closing/;https://www.bobvila.com/articles/what-is-a-home-warranty/;301
https://www.bobvila.com/articles/does-a-home-warranty-cover-water-heaters/;https://www.bobvila.com/articles/what-is-a-home-warranty/;301
https://www.bobvila.com/articles/sunday-deal-free-wildflower-seeds/;https://www.bobvila.com/articles/flowers-from-seed/;301
https://www.bobvila.com/articles/best-natural-dishwasher-detergent/;https://www.bobvila.com/articles/best-dishwasher-detergent/;301
https://www.bobvila.com/articles/sellers-home-warranty/;https://www.bobvila.com/articles/what-is-a-home-warranty/;301
https://www.bobvila.com/articles/best-outdoor-projector-screen/;https://www.bobvila.com/articles/backyard-movie-night/;301
https://www.bobvila.com/articles/best-wireless-meat-thermometer/;https://www.bobvila.com/articles/best-grill-thermometer/;301
https://www.bobvila.com/articles/hidden-costs-of-owning-an-electric-car/;;410
https://www.bobvila.com/articles/best-metal-detector/;https://www.bobvila.com/articles/best-metal-detectors-for-beginners/;301
https://www.bobvila.com/articles/salt-water-pool-vs-chlorine-cost/;https://www.bobvila.com/articles/saltwater-pool/;301
https://www.bobvila.com/articles/handyman-insurance-cost/;https://www.bobvila.com/articles/how-to-start-a-handyman-business/;301
https://www.bobvila.com/articles/best-mailbox/;https://www.bobvila.com/articles/best-locking-mailbox/;301
https://www.bobvila.com/articles/how-to-wash-a-comforter/;https://www.bobvila.com/articles/how-to-do-laundry/;301
https://www.bobvila.com/articles/best-pool-loans/;https://www.bobvila.com/articles/how-to-finance-a-pool/;301
https://www.bobvila.com/articles/best-design-software-for-interior-designers/;https://www.bobvila.com/articles/best-home-design-software/;301
https://www.bobvila.com/slideshow/16-designs-for-a-low-cost-diy-coffee-table-45579/;https://www.bobvila.com/articles/coffee-table-plans/;301
https://www.bobvila.com/slideshow/12-cheap-home-upgrades-to-help-you-age-in-place-without-a-full-remodel-577622/;https://www.bobvila.com/articles/aging-in-place-design-tips/;301
https://www.bobvila.com/articles/backyard-putting-green-cost/;https://www.bobvila.com/slideshow/11-backyard-putting-greens-that-ll-make-your-neighbors-envious-580340/;301
https://www.bobvila.com/articles/best-attic-antenna/;https://www.bobvila.com/articles/best-outdoor-tv-antenna/;301
https://www.bobvila.com/articles/best-filterless-humidifier/;https://www.bobvila.com/articles/best-air-humidifier-and-purifier/;301
https://www.bobvila.com/articles/best-rv-sewer-hoses/;;410
https://www.bobvila.com/articles/cork-flooring-cost/;https://www.bobvila.com/articles/pros-and-cons-of-cork-flooring/;301
https://www.bobvila.com/articles/security-camera-installation-cost/;https://www.bobvila.com/articles/how-to-install-security-cameras/;301
https://www.bobvila.com/articles/diy-crib/;https://www.bobvila.com/slideshow/20-insanely-easy-ways-to-build-your-own-furniture-49790/;301
https://www.bobvila.com/articles/amazon-outlet-deals-news-2022/;;410
https://www.bobvila.com/slideshow/5-overlooked-ways-to-cool-down-a-hot-room-49137/;https://www.bobvila.com/articles/how-to-stay-cool-without-ac/;301
https://www.bobvila.com/articles/best-shower-mat/;;410
https://www.bobvila.com/slideshow/14-inventive-ideas-for-a-perfect-porch-45791/;https://www.bobvila.com/articles/front-porch-ideas/;301
https://www.bobvila.com/articles/how-much-does-a-real-estate-agent-make-per-sale/;https://www.bobvila.com/slideshow/how-to-find-a-real-estate-agent-17-tips-for-success-48753/;301
https://www.bobvila.com/slideshow/10-essential-tips-to-avoid-bed-bugs-when-traveling-49055/;https://www.bobvila.com/articles/what-attracts-bed-bugs/;301
https://www.bobvila.com/slideshow/11-easy-diy-fixes-for-annoying-house-problems-47740/;https://www.bobvila.com/articles/easy-home-repairs/;301
https://www.bobvila.com/articles/how-many-security-cameras-do-i-need/;https://www.bobvila.com/articles/where-to-place-security-cameras/;301
https://www.bobvila.com/articles/1138-wrenches/;https://www.bobvila.com/articles/types-of-wrenches/;301
https://www.bobvila.com/articles/best-broom-for-hardwood-floors/;https://www.bobvila.com/articles/best-broom/;301
https://www.bobvila.com/articles/best-couches-for-dogs/;;410
https://www.bobvila.com/articles/best-airbnb-management-companies/;https://www.bobvila.com/articles/vrbo-vs-airbnb-for-hosts/;301
https://www.bobvila.com/slideshow/door-knobs-of-distinction-21-stunning-styles-for-your-home-s-doors-47183/;https://www.bobvila.com/articles/best-door-knobs/;301
https://www.bobvila.com/articles/chimney-repair-near-me/;https://www.bobvila.com/articles/chimney-repair-cost/;301
https://www.bobvila.com/articles/animal-in-attic-removal-cost/;https://www.bobvila.com/articles/wildlife-removal-cost/;301
https://www.bobvila.com/slideshow/these-6-companies-have-created-the-ultimate-green-grass-2412/;https://www.bobvila.com/articles/best-artificial-grass/;301
https://www.bobvila.com/articles/choosing-a-ceiling-fan/;https://www.bobvila.com/articles/best-ceiling-fans/;301
https://www.bobvila.com/articles/automatic-pool-cover-cost/;https://www.bobvila.com/articles/best-solar-pool-cover/;301
https://www.bobvila.com/articles/diy-kitchen-countertop-re-surfacing/;https://www.bobvila.com/articles/refinishing-laminate-countertops/;301
https://www.bobvila.com/articles/garden-window-cost/;https://www.bobvila.com/articles/bay-window-cost/;301
https://www.bobvila.com/articles/gunite-pool-cost/;https://www.bobvila.com/articles/inground-pool-cost/;301
https://www.bobvila.com/articles/best-chimney-caps-for-rain/;https://www.bobvila.com/articles/chimney-cap-cost/;301
https://www.bobvila.com/articles/spring-car-maintenance/;https://www.bobvila.com/slideshow/13-hacks-every-car-owner-should-know-51138/;301
https://www.bobvila.com/articles/radiant-surfaces-heat-where-you-least-expect-it/;https://www.bobvila.com/articles/the-pros-and-cons-of-radiant-heat/;301
https://www.bobvila.com/articles/storage-unit-prices/;;410
https://www.bobvila.com/articles/coffered-ceiling-cost/;https://www.bobvila.com/articles/coffered-ceilings/;301
https://www.bobvila.com/articles/best-home-remodeling-estimating-software/;https://www.bobvila.com/articles/best-home-design-software/;301
https://www.bobvila.com/articles/brick-mailbox-cost/;https://www.bobvila.com/articles/best-locking-mailbox/;301
https://www.bobvila.com/articles/best-portable-closet/;https://www.bobvila.com/slideshow/this-is-where-to-store-your-stuff-when-you-run-out-of-closet-space-53284/;301
https://www.bobvila.com/articles/best-serger/;;410
https://www.bobvila.com/articles/what-causes-low-water-pressure/;https://www.bobvila.com/articles/low-water-pressure/;301
https://www.bobvila.com/articles/dumpster-rental-prices/;https://www.bobvila.com/articles/dumpster-rules/;301
https://www.bobvila.com/articles/best-toilet-paper-holder/;https://www.bobvila.com/articles/best-bathroom-storage-organizers/;301
https://www.bobvila.com/articles/best-yarn-winders/;;410
https://www.bobvila.com/articles/diy-chicken-coop/;https://www.bobvila.com/diy/how-to-build-a-chicken-coop/;301
https://www.bobvila.com/articles/homemade-wood-floor-cleaner/;https://www.bobvila.com/articles/homemade-hardwood-floor-cleaner/;301
https://www.bobvila.com/articles/diy-clothesline/;https://www.bobvila.com/articles/best-clotheslines/;301
https://www.bobvila.com/articles/2054-the-basic-workbench/;https://www.bobvila.com/articles/diy-workbenches/;301
https://www.bobvila.com/articles/winter-generator-sale/;https://www.bobvila.com/articles/best-time-to-buy-a-generator/;301
https://www.bobvila.com/articles/does-homeowners-insurance-cover-water-damage/;https://www.bobvila.com/articles/what-does-homeowners-insurance-cover/;301
https://www.bobvila.com/articles/best-kitchen-design-software/;https://www.bobvila.com/articles/best-home-design-software/;301
https://www.bobvila.com/articles/best-foosball-table/;https://www.bobvila.com/slideshow/14-game-room-ideas-that-are-truly-impressive-578462/;301
https://www.bobvila.com/articles/best-flea-fogger/;https://www.bobvila.com/articles/best-flea-spray/;301
https://www.bobvila.com/articles/palm-tree-removal-cost/;https://www.bobvila.com/articles/how-much-does-it-cost-to-remove-a-tree/;301
https://www.bobvila.com/slideshow/no-pro-needed-6-concrete-repairs-you-can-fix-on-your-own-580586/;https://www.bobvila.com/articles/concrete-repair/;301
https://www.bobvila.com/articles/cost-to-install-bathroom-fan/;https://www.bobvila.com/articles/who-installs-bathroom-exhaust-fans/;301
https://www.bobvila.com/articles/best-microwave-cover/;;410
https://www.bobvila.com/articles/best-laundry-detergent-for-hard-water/;https://www.bobvila.com/articles/best-laundry-detergent/;301
https://www.bobvila.com/slideshow/14-spaces-that-blur-the-line-between-indoors-and-out-50390/;https://www.bobvila.com/articles/best-patio-doors/;301
https://www.bobvila.com/articles/retractable-awning-cost/;https://www.bobvila.com/articles/best-retractable-awnings/;301
https://www.bobvila.com/slideshow/one-of-a-kind-countertops-6-ways-to-make-yours-unique-46120/;https://www.bobvila.com/articles/diy-countertops/;301
https://www.bobvila.com/slideshow/10-astonishing-feats-you-can-accomplish-with-kitty-litter-49119/;https://www.bobvila.com/slideshow/16-insanely-clever-ways-to-reuse-household-junk-51388/;301
https://www.bobvila.com/articles/how-much-does-landscaping-cost/;https://www.bobvila.com/articles/lawn-care-cost/;301
https://www.bobvila.com/slideshow/the-biggest-mistakes-you-re-making-with-your-coat-closet-578932/;https://www.bobvila.com/slideshow/12-ways-you-may-be-wasting-closet-space-53076/;301
https://www.bobvila.com/articles/best-laundry-detergents-for-septic-systems/;https://www.bobvila.com/articles/best-laundry-detergent/;301
https://www.bobvila.com/articles/cracked-sewer-pipe-repair-cost/;https://www.bobvila.com/articles/sewer-line-replacement-cost/;301
https://www.bobvila.com/articles/best-short-term-rental-insurance-companies/;https://www.bobvila.com/articles/best-rental-property-insurance-companies/;301
https://www.bobvila.com/articles/best-cordless-phone/;https://www.bobvila.com/articles/best-landline-phone/;301
https://www.bobvila.com/articles/best-dishwasher-detergent-for-hard-water/;https://www.bobvila.com/articles/best-dishwasher-detergent/;301
https://www.bobvila.com/articles/choosing-the-best-gutters-for-your-home/;https://www.bobvila.com/articles/types-of-rain-gutters/;301
https://www.bobvila.com/articles/how-often-to-replace-air-filter/;https://www.bobvila.com/articles/how-often-to-change-a-furnace-filter/;301
https://www.bobvila.com/articles/bob-vila-radio-removing-the-knockouts-in-electrical-boxes/;https://www.bobvila.com/articles/how-to-wire-an-outlet/;301
https://www.bobvila.com/articles/home-safety/;https://www.bobvila.com/slideshow/15-safety-essentials-that-most-homes-are-missing-49445/;301
https://www.bobvila.com/articles/pool-removal-cost/;https://www.bobvila.com/articles/cost-to-fill-in-a-pool/;301
https://www.bobvila.com/articles/aluminum-fence-cost/;https://www.bobvila.com/articles/fence-installation-cost/;301
https://www.bobvila.com/articles/cost-to-frame-a-house/;https://www.bobvila.com/articles/how-much-does-it-cost-to-build-a-house/;301
https://www.bobvila.com/slideshow/the-11-most-expensive-appliance-parts-to-replace-580594/;;410
https://www.bobvila.com/articles/pods-moving-cost/;https://www.bobvila.com/articles/best-moving-container-companies/;301
https://www.bobvila.com/slideshow/12-tidy-backpack-storage-ideas-for-your-entryway-580451/;https://www.bobvila.com/slideshow/17-design-inspirations-for-mudrooms-and-entryways-14692/;301
https://www.bobvila.com/articles/first-floor-apartment-safety/;https://www.bobvila.com/articles/apartment-door-security/;301
https://www.bobvila.com/slideshow/how-safe-is-your-home-12-spots-to-doublecheck-this-month-52866/;https://www.bobvila.com/slideshow/15-safety-essentials-that-most-homes-are-missing-49445/;301
https://www.bobvila.com/slideshow/the-only-7-tools-you-need-to-paint-any-room-48075/;https://www.bobvila.com/articles/394-painting-tools-and-materials/;301
https://www.bobvila.com/articles/split-rail-fence-cost/;https://www.bobvila.com/articles/fence-installation-cost/;301
https://www.bobvila.com/articles/best-disinfectant-sprays/;https://www.bobvila.com/articles/best-products-to-streamline-cleaning/;301
https://www.bobvila.com/articles/best-bamboo-charcoal-air-purifier-bags/;https://www.bobvila.com/slideshow/11-super-simple-ways-to-make-your-house-smell-fresh-49459/;301
https://www.bobvila.com/articles/best-deck-design-software/;https://www.bobvila.com/articles/deck-plans/;301
https://www.bobvila.com/articles/cracked-concrete/;https://www.bobvila.com/articles/how-to-fix-cracks-in-concrete/;301
https://www.bobvila.com/articles/attic-ladder-installation-cost/;https://www.bobvila.com/articles/best-attic-ladder/;301
https://www.bobvila.com/articles/propane-price-per-gallon/;https://www.bobvila.com/articles/cheap-propane-refill-near-me/;301
https://www.bobvila.com/articles/2033-keeping-your-workshop-clean/;https://www.bobvila.com/slideshow/35-tips-for-easy-cleanup-after-every-diy-project-52827/;301
https://www.bobvila.com/articles/types-of-radiant-heat/;https://www.bobvila.com/articles/the-pros-and-cons-of-radiant-heat/;301
https://www.bobvila.com/slideshow/10-diy-doable-projects-for-apartment-renters-44519/;https://www.bobvila.com/slideshow/11-renter-friendly-ideas-for-a-reversible-remodel-50799/;301
